algorithm,env_id,seed,episode,reward
PPO,Pendulum-v1,0,0,-1784.528564453125
PPO,Pendulum-v1,0,1,-1265.112060546875
PPO,Pendulum-v1,0,2,-806.52978515625
PPO,Pendulum-v1,0,3,-907.570556640625
PPO,Pendulum-v1,0,4,-1498.2880859375
PPO,Pendulum-v1,0,5,-1614.7464599609375
PPO,Pendulum-v1,0,6,-1068.8831787109375
PPO,Pendulum-v1,0,7,-1414.3182373046875
PPO,Pendulum-v1,0,8,-1079.795166015625
PPO,Pendulum-v1,0,9,-1683.9652099609375
PPO,Pendulum-v1,0,10,-1177.739990234375
PPO,Pendulum-v1,0,11,-1749.685546875
PPO,Pendulum-v1,0,12,-961.015380859375
PPO,Pendulum-v1,0,13,-1192.2945556640625
PPO,Pendulum-v1,0,14,-1417.7093505859375
PPO,Pendulum-v1,0,15,-772.9302368164062
PPO,Pendulum-v1,0,16,-952.9107055664062
PPO,Pendulum-v1,0,17,-1684.635009765625
PPO,Pendulum-v1,0,18,-1091.26171875
PPO,Pendulum-v1,0,19,-1159.4005126953125
PPO,Pendulum-v1,0,20,-1310.4188232421875
PPO,Pendulum-v1,0,21,-1736.890625
PPO,Pendulum-v1,0,22,-1386.5892333984375
PPO,Pendulum-v1,0,23,-1321.907470703125
PPO,Pendulum-v1,0,24,-1204.61474609375
PPO,Pendulum-v1,0,25,-916.26513671875
PPO,Pendulum-v1,0,26,-1274.7803955078125
PPO,Pendulum-v1,0,27,-982.5894775390625
PPO,Pendulum-v1,0,28,-1628.2052001953125
PPO,Pendulum-v1,0,29,-845.9386596679688
PPO,Pendulum-v1,0,30,-994.6156616210938
PPO,Pendulum-v1,0,31,-1177.56201171875
PPO,Pendulum-v1,0,32,-965.4921264648438
PPO,Pendulum-v1,0,33,-877.0640869140625
PPO,Pendulum-v1,0,34,-1036.7735595703125
PPO,Pendulum-v1,0,35,-1606.66162109375
PPO,Pendulum-v1,0,36,-1069.199951171875
PPO,Pendulum-v1,0,37,-1000.3653564453125
PPO,Pendulum-v1,0,38,-865.6181030273438
PPO,Pendulum-v1,0,39,-1158.70751953125
PPO,Pendulum-v1,0,40,-1565.0419921875
PPO,Pendulum-v1,0,41,-1540.2943115234375
PPO,Pendulum-v1,0,42,-1808.1397705078125
PPO,Pendulum-v1,0,43,-1549.192138671875
PPO,Pendulum-v1,0,44,-1498.3323974609375
PPO,Pendulum-v1,0,45,-1015.642578125
PPO,Pendulum-v1,0,46,-1424.4830322265625
PPO,Pendulum-v1,0,47,-1166.9515380859375
PPO,Pendulum-v1,0,48,-890.2373657226562
PPO,Pendulum-v1,0,49,-1750.736572265625
PPO,Pendulum-v1,0,50,-1042.4368896484375
PPO,Pendulum-v1,0,51,-1269.704833984375
PPO,Pendulum-v1,0,52,-1180.2906494140625
PPO,Pendulum-v1,0,53,-1399.087646484375
PPO,Pendulum-v1,0,54,-1220.5330810546875
PPO,Pendulum-v1,0,55,-1424.0074462890625
PPO,Pendulum-v1,0,56,-1350.373046875
PPO,Pendulum-v1,0,57,-1393.368408203125
PPO,Pendulum-v1,0,58,-1662.6697998046875
PPO,Pendulum-v1,0,59,-761.2681884765625
PPO,Pendulum-v1,0,60,-1068.0797119140625
PPO,Pendulum-v1,0,61,-1472.351318359375
PPO,Pendulum-v1,0,62,-1079.727294921875
PPO,Pendulum-v1,0,63,-1628.2314453125
PPO,Pendulum-v1,0,64,-1048.2904052734375
PPO,Pendulum-v1,0,65,-1093.388671875
PPO,Pendulum-v1,0,66,-1272.572509765625
PPO,Pendulum-v1,0,67,-1177.6881103515625
PPO,Pendulum-v1,0,68,-967.72607421875
PPO,Pendulum-v1,0,69,-1639.7396240234375
PPO,Pendulum-v1,0,70,-1494.753662109375
PPO,Pendulum-v1,0,71,-1069.50341796875
PPO,Pendulum-v1,0,72,-841.5447998046875
PPO,Pendulum-v1,0,73,-1337.166259765625
PPO,Pendulum-v1,0,74,-1039.901611328125
PPO,Pendulum-v1,0,75,-1088.1915283203125
PPO,Pendulum-v1,0,76,-1182.244873046875
PPO,Pendulum-v1,0,77,-902.021240234375
PPO,Pendulum-v1,0,78,-911.1554565429688
PPO,Pendulum-v1,0,79,-896.5123901367188
PPO,Pendulum-v1,0,80,-906.8271484375
PPO,Pendulum-v1,0,81,-892.9186401367188
PPO,Pendulum-v1,0,82,-866.13134765625
PPO,Pendulum-v1,0,83,-913.7362060546875
PPO,Pendulum-v1,0,84,-890.8135986328125
PPO,Pendulum-v1,0,85,-1036.83984375
PPO,Pendulum-v1,0,86,-1737.7601318359375
PPO,Pendulum-v1,0,87,-774.4874267578125
PPO,Pendulum-v1,0,88,-1658.8038330078125
PPO,Pendulum-v1,0,89,-1320.8504638671875
PPO,Pendulum-v1,0,90,-993.1423950195312
PPO,Pendulum-v1,0,91,-866.9608764648438
PPO,Pendulum-v1,0,92,-848.1304931640625
PPO,Pendulum-v1,0,93,-939.2559204101562
PPO,Pendulum-v1,0,94,-767.244140625
PPO,Pendulum-v1,0,95,-1068.8968505859375
PPO,Pendulum-v1,0,96,-968.7369384765625
PPO,Pendulum-v1,0,97,-872.794921875
PPO,Pendulum-v1,0,98,-976.5044555664062
PPO,Pendulum-v1,0,99,-1769.905029296875
PPO,Pendulum-v1,0,100,-1045.76416015625
PPO,Pendulum-v1,0,101,-1064.6395263671875
PPO,Pendulum-v1,0,102,-954.8935546875
PPO,Pendulum-v1,0,103,-1203.349365234375
PPO,Pendulum-v1,0,104,-990.1155395507812
PPO,Pendulum-v1,0,105,-1506.33349609375
PPO,Pendulum-v1,0,106,-1579.9765625
PPO,Pendulum-v1,0,107,-1486.5015869140625
PPO,Pendulum-v1,0,108,-1638.9769287109375
PPO,Pendulum-v1,0,109,-858.8504638671875
PPO,Pendulum-v1,0,110,-964.6589965820312
PPO,Pendulum-v1,0,111,-1703.93994140625
PPO,Pendulum-v1,0,112,-1171.1988525390625
PPO,Pendulum-v1,0,113,-1451.95751953125
PPO,Pendulum-v1,0,114,-1058.199951171875
PPO,Pendulum-v1,0,115,-1002.625244140625
PPO,Pendulum-v1,0,116,-1195.05419921875
PPO,Pendulum-v1,0,117,-1083.4052734375
PPO,Pendulum-v1,0,118,-1020.2401123046875
PPO,Pendulum-v1,0,119,-1573.8701171875
PPO,Pendulum-v1,0,120,-1544.2403564453125
PPO,Pendulum-v1,0,121,-1070.5509033203125
PPO,Pendulum-v1,0,122,-914.713623046875
PPO,Pendulum-v1,0,123,-1226.00244140625
PPO,Pendulum-v1,0,124,-1145.9698486328125
PPO,Pendulum-v1,0,125,-1109.6253662109375
PPO,Pendulum-v1,0,126,-1199.1038818359375
PPO,Pendulum-v1,0,127,-1131.7406005859375
PPO,Pendulum-v1,0,128,-1034.6502685546875
PPO,Pendulum-v1,0,129,-1009.2308959960938
PPO,Pendulum-v1,0,130,-900.8458862304688
PPO,Pendulum-v1,0,131,-1095.3465576171875
PPO,Pendulum-v1,0,132,-1022.0745849609375
PPO,Pendulum-v1,0,133,-905.1725463867188
PPO,Pendulum-v1,0,134,-1052.6181640625
PPO,Pendulum-v1,0,135,-797.2138671875
PPO,Pendulum-v1,0,136,-1576.8712158203125
PPO,Pendulum-v1,0,137,-1005.1504516601562
PPO,Pendulum-v1,0,138,-1477.7882080078125
PPO,Pendulum-v1,0,139,-1339.63916015625
PPO,Pendulum-v1,0,140,-1035.721435546875
PPO,Pendulum-v1,0,141,-920.8937377929688
PPO,Pendulum-v1,0,142,-906.7169799804688
PPO,Pendulum-v1,0,143,-1133.491943359375
PPO,Pendulum-v1,0,144,-1013.96044921875
PPO,Pendulum-v1,0,145,-1005.9093627929688
PPO,Pendulum-v1,0,146,-1048.0582275390625
PPO,Pendulum-v1,0,147,-1036.8892822265625
PPO,Pendulum-v1,0,148,-1016.4735107421875
PPO,Pendulum-v1,0,149,-1444.7327880859375
PPO,Pendulum-v1,0,150,-999.6746826171875
PPO,Pendulum-v1,0,151,-1072.4991455078125
PPO,Pendulum-v1,0,152,-916.6626586914062
PPO,Pendulum-v1,0,153,-1097.8514404296875
PPO,Pendulum-v1,0,154,-1084.333740234375
PPO,Pendulum-v1,0,155,-1544.5072021484375
PPO,Pendulum-v1,0,156,-1247.2265625
PPO,Pendulum-v1,0,157,-1549.8953857421875
PPO,Pendulum-v1,0,158,-1458.5235595703125
PPO,Pendulum-v1,0,159,-1042.4735107421875
PPO,Pendulum-v1,0,160,-934.7701416015625
PPO,Pendulum-v1,0,161,-1300.5010986328125
PPO,Pendulum-v1,0,162,-1141.6060791015625
PPO,Pendulum-v1,0,163,-1389.5347900390625
PPO,Pendulum-v1,0,164,-1072.1929931640625
PPO,Pendulum-v1,0,165,-1171.7457275390625
PPO,Pendulum-v1,0,166,-1010.569580078125
PPO,Pendulum-v1,0,167,-951.7830200195312
PPO,Pendulum-v1,0,168,-1034.7645263671875
PPO,Pendulum-v1,0,169,-1485.631591796875
PPO,Pendulum-v1,0,170,-1596.4005126953125
PPO,Pendulum-v1,0,171,-1179.6834716796875
PPO,Pendulum-v1,0,172,-906.112548828125
PPO,Pendulum-v1,0,173,-1342.9002685546875
PPO,Pendulum-v1,0,174,-929.3744506835938
PPO,Pendulum-v1,0,175,-1191.7879638671875
PPO,Pendulum-v1,0,176,-1184.043701171875
PPO,Pendulum-v1,0,177,-1045.05419921875
PPO,Pendulum-v1,0,178,-1012.1785888671875
PPO,Pendulum-v1,0,179,-926.3681030273438
PPO,Pendulum-v1,0,180,-912.7012329101562
PPO,Pendulum-v1,0,181,-1150.7987060546875
PPO,Pendulum-v1,0,182,-1066.2100830078125
PPO,Pendulum-v1,0,183,-1059.946533203125
PPO,Pendulum-v1,0,184,-1107.86181640625
PPO,Pendulum-v1,0,185,-1026.8931884765625
PPO,Pendulum-v1,0,186,-1585.7064208984375
PPO,Pendulum-v1,0,187,-1071.4359130859375
PPO,Pendulum-v1,0,188,-1574.5947265625
PPO,Pendulum-v1,0,189,-1134.365966796875
PPO,Pendulum-v1,0,190,-1049.4749755859375
PPO,Pendulum-v1,0,191,-1208.163818359375
PPO,Pendulum-v1,0,192,-1072.62060546875
PPO,Pendulum-v1,0,193,-1217.6953125
PPO,Pendulum-v1,0,194,-1076.2130126953125
PPO,Pendulum-v1,0,195,-1142.5506591796875
PPO,Pendulum-v1,0,196,-950.9630737304688
PPO,Pendulum-v1,0,197,-1188.2608642578125
PPO,Pendulum-v1,0,198,-1025.846923828125
PPO,Pendulum-v1,0,199,-1384.1929931640625
PPO,Pendulum-v1,0,200,-1218.645263671875
PPO,Pendulum-v1,0,201,-1071.1104736328125
PPO,Pendulum-v1,0,202,-917.4691162109375
PPO,Pendulum-v1,0,203,-1188.4022216796875
PPO,Pendulum-v1,0,204,-1128.9874267578125
PPO,Pendulum-v1,0,205,-1482.8421630859375
PPO,Pendulum-v1,0,206,-1154.19921875
PPO,Pendulum-v1,0,207,-1216.885498046875
PPO,Pendulum-v1,0,208,-1691.5631103515625
PPO,Pendulum-v1,0,209,-1050.53369140625
PPO,Pendulum-v1,0,210,-1191.22509765625
PPO,Pendulum-v1,0,211,-1190.1829833984375
PPO,Pendulum-v1,0,212,-1132.36767578125
PPO,Pendulum-v1,0,213,-1493.9217529296875
PPO,Pendulum-v1,0,214,-1227.111328125
PPO,Pendulum-v1,0,215,-1245.947998046875
PPO,Pendulum-v1,0,216,-1094.1146240234375
PPO,Pendulum-v1,0,217,-1163.4932861328125
PPO,Pendulum-v1,0,218,-1195.97998046875
PPO,Pendulum-v1,0,219,-1522.293212890625
PPO,Pendulum-v1,0,220,-1504.279052734375
PPO,Pendulum-v1,0,221,-1248.8524169921875
PPO,Pendulum-v1,0,222,-1074.987548828125
PPO,Pendulum-v1,0,223,-1234.929931640625
PPO,Pendulum-v1,0,224,-1178.62890625
PPO,Pendulum-v1,0,225,-1177.819580078125
PPO,Pendulum-v1,0,226,-1165.883056640625
PPO,Pendulum-v1,0,227,-1192.4468994140625
PPO,Pendulum-v1,0,228,-1070.9681396484375
PPO,Pendulum-v1,0,229,-1097.0887451171875
PPO,Pendulum-v1,0,230,-1087.6739501953125
PPO,Pendulum-v1,0,231,-1049.6741943359375
PPO,Pendulum-v1,0,232,-1280.6131591796875
PPO,Pendulum-v1,0,233,-1081.697021484375
PPO,Pendulum-v1,0,234,-1212.6754150390625
PPO,Pendulum-v1,0,235,-1049.1201171875
PPO,Pendulum-v1,0,236,-1666.6007080078125
PPO,Pendulum-v1,0,237,-1208.3125
PPO,Pendulum-v1,0,238,-1337.1761474609375
PPO,Pendulum-v1,0,239,-1199.2474365234375
PPO,Pendulum-v1,0,240,-1066.205078125
PPO,Pendulum-v1,0,241,-1186.502685546875
PPO,Pendulum-v1,0,242,-1107.82861328125
PPO,Pendulum-v1,0,243,-1207.22705078125
PPO,Pendulum-v1,0,244,-1051.1416015625
PPO,Pendulum-v1,0,245,-1133.3895263671875
PPO,Pendulum-v1,0,246,-1202.45751953125
PPO,Pendulum-v1,0,247,-1125.803955078125
PPO,Pendulum-v1,0,248,-1102.885986328125
PPO,Pendulum-v1,0,249,-1406.267333984375
PPO,Pendulum-v1,0,250,-1197.5628662109375
PPO,Pendulum-v1,0,251,-1143.125
PPO,Pendulum-v1,0,252,-1186.6754150390625
PPO,Pendulum-v1,0,253,-1194.707275390625
PPO,Pendulum-v1,0,254,-1034.525146484375
PPO,Pendulum-v1,0,255,-1322.569580078125
PPO,Pendulum-v1,0,256,-1116.7587890625
PPO,Pendulum-v1,0,257,-1231.9615478515625
PPO,Pendulum-v1,0,258,-1453.4697265625
PPO,Pendulum-v1,0,259,-1117.63818359375
PPO,Pendulum-v1,0,260,-1180.487060546875
PPO,Pendulum-v1,0,261,-1218.98681640625
PPO,Pendulum-v1,0,262,-1147.2545166015625
PPO,Pendulum-v1,0,263,-1185.715087890625
PPO,Pendulum-v1,0,264,-1297.33154296875
PPO,Pendulum-v1,0,265,-1201.6370849609375
PPO,Pendulum-v1,0,266,-1138.558349609375
PPO,Pendulum-v1,0,267,-1165.546875
PPO,Pendulum-v1,0,268,-1063.75537109375
PPO,Pendulum-v1,0,269,-1319.58154296875
PPO,Pendulum-v1,0,270,-1595.1513671875
PPO,Pendulum-v1,0,271,-1172.1483154296875
PPO,Pendulum-v1,0,272,-1101.6815185546875
PPO,Pendulum-v1,0,273,-1220.1490478515625
PPO,Pendulum-v1,0,274,-1178.8297119140625
PPO,Pendulum-v1,0,275,-1150.118896484375
PPO,Pendulum-v1,0,276,-1130.338623046875
PPO,Pendulum-v1,0,277,-1189.241455078125
PPO,Pendulum-v1,0,278,-1063.9698486328125
PPO,Pendulum-v1,0,279,-1186.561767578125
PPO,Pendulum-v1,0,280,-983.5501708984375
PPO,Pendulum-v1,0,281,-1197.9918212890625
PPO,Pendulum-v1,0,282,-1204.93212890625
PPO,Pendulum-v1,0,283,-955.2446899414062
PPO,Pendulum-v1,0,284,-1072.7978515625
PPO,Pendulum-v1,0,285,-1222.7293701171875
PPO,Pendulum-v1,0,286,-1578.8709716796875
PPO,Pendulum-v1,0,287,-1179.8294677734375
PPO,Pendulum-v1,0,288,-1201.5814208984375
PPO,Pendulum-v1,0,289,-1106.5753173828125
PPO,Pendulum-v1,0,290,-1067.542236328125
PPO,Pendulum-v1,0,291,-1085.9747314453125
PPO,Pendulum-v1,0,292,-978.2530517578125
PPO,Pendulum-v1,0,293,-1211.1241455078125
PPO,Pendulum-v1,0,294,-1039.5421142578125
PPO,Pendulum-v1,0,295,-1042.0853271484375
PPO,Pendulum-v1,0,296,-768.6973266601562
PPO,Pendulum-v1,0,297,-1216.2760009765625
PPO,Pendulum-v1,0,298,-1193.2293701171875
PPO,Pendulum-v1,0,299,-1227.5491943359375
PPO,Pendulum-v1,0,300,-1201.571044921875
PPO,Pendulum-v1,0,301,-871.7974243164062
PPO,Pendulum-v1,0,302,-1071.3763427734375
PPO,Pendulum-v1,0,303,-1151.8565673828125
PPO,Pendulum-v1,0,304,-1108.58447265625
PPO,Pendulum-v1,0,305,-1317.8812255859375
PPO,Pendulum-v1,0,306,-1112.38427734375
PPO,Pendulum-v1,0,307,-1139.59716796875
PPO,Pendulum-v1,0,308,-1469.3199462890625
PPO,Pendulum-v1,0,309,-965.0828247070312
PPO,Pendulum-v1,0,310,-1008.1100463867188
PPO,Pendulum-v1,0,311,-1303.116943359375
PPO,Pendulum-v1,0,312,-1207.8740234375
PPO,Pendulum-v1,0,313,-1615.9068603515625
PPO,Pendulum-v1,0,314,-1167.682861328125
PPO,Pendulum-v1,0,315,-1123.0494384765625
PPO,Pendulum-v1,0,316,-1145.6431884765625
PPO,Pendulum-v1,0,317,-1154.0703125
PPO,Pendulum-v1,0,318,-1085.0679931640625
PPO,Pendulum-v1,0,319,-1488.9951171875
PPO,Pendulum-v1,0,320,-1369.179931640625
PPO,Pendulum-v1,0,321,-1189.64794921875
PPO,Pendulum-v1,0,322,-922.3145141601562
PPO,Pendulum-v1,0,323,-1285.3828125
PPO,Pendulum-v1,0,324,-1058.375
PPO,Pendulum-v1,0,325,-1108.1622314453125
PPO,Pendulum-v1,0,326,-1179.7503662109375
PPO,Pendulum-v1,0,327,-888.8833618164062
PPO,Pendulum-v1,0,328,-1014.8543090820312
PPO,Pendulum-v1,0,329,-901.4488525390625
PPO,Pendulum-v1,0,330,-977.4583129882812
PPO,Pendulum-v1,0,331,-1041.4171142578125
PPO,Pendulum-v1,0,332,-898.2070922851562
PPO,Pendulum-v1,0,333,-1036.6510009765625
PPO,Pendulum-v1,0,334,-1048.5072021484375
PPO,Pendulum-v1,0,335,-1062.4571533203125
PPO,Pendulum-v1,0,336,-1681.24462890625
PPO,Pendulum-v1,0,337,-1044.38232421875
PPO,Pendulum-v1,0,338,-1333.1539306640625
PPO,Pendulum-v1,0,339,-1270.065673828125
PPO,Pendulum-v1,0,340,-1048.29638671875
PPO,Pendulum-v1,0,341,-961.0494384765625
PPO,Pendulum-v1,0,342,-905.8154296875
PPO,Pendulum-v1,0,343,-947.771240234375
PPO,Pendulum-v1,0,344,-1034.68603515625
PPO,Pendulum-v1,0,345,-987.8765869140625
PPO,Pendulum-v1,0,346,-864.4059448242188
PPO,Pendulum-v1,0,347,-891.7376098632812
PPO,Pendulum-v1,0,348,-1002.7048950195312
PPO,Pendulum-v1,0,349,-1327.728759765625
PPO,Pendulum-v1,0,350,-913.2969360351562
PPO,Pendulum-v1,0,351,-1085.2783203125
PPO,Pendulum-v1,0,352,-793.1322021484375
PPO,Pendulum-v1,0,353,-1006.127685546875
PPO,Pendulum-v1,0,354,-1092.0325927734375
PPO,Pendulum-v1,0,355,-1313.7552490234375
PPO,Pendulum-v1,0,356,-1211.9520263671875
PPO,Pendulum-v1,0,357,-1471.9716796875
PPO,Pendulum-v1,0,358,-1505.7752685546875
PPO,Pendulum-v1,0,359,-1048.739501953125
PPO,Pendulum-v1,0,360,-1054.5755615234375
PPO,Pendulum-v1,0,361,-1217.2635498046875
PPO,Pendulum-v1,0,362,-985.2932739257812
PPO,Pendulum-v1,0,363,-1463.7119140625
PPO,Pendulum-v1,0,364,-953.2251586914062
PPO,Pendulum-v1,0,365,-1139.1142578125
PPO,Pendulum-v1,0,366,-982.0070190429688
PPO,Pendulum-v1,0,367,-1095.7568359375
PPO,Pendulum-v1,0,368,-1065.857177734375
PPO,Pendulum-v1,0,369,-1472.603759765625
PPO,Pendulum-v1,0,370,-1231.4765625
PPO,Pendulum-v1,0,371,-1010.2660522460938
PPO,Pendulum-v1,0,372,-903.2218627929688
PPO,Pendulum-v1,0,373,-1194.2978515625
PPO,Pendulum-v1,0,374,-903.3987426757812
PPO,Pendulum-v1,0,375,-1079.4747314453125
PPO,Pendulum-v1,0,376,-977.7310180664062
PPO,Pendulum-v1,0,377,-1022.3240356445312
PPO,Pendulum-v1,0,378,-909.8618774414062
PPO,Pendulum-v1,0,379,-944.2899169921875
PPO,Pendulum-v1,0,380,-912.6802978515625
PPO,Pendulum-v1,0,381,-894.7048950195312
PPO,Pendulum-v1,0,382,-905.3143310546875
PPO,Pendulum-v1,0,383,-903.2548217773438
PPO,Pendulum-v1,0,384,-890.0647583007812
PPO,Pendulum-v1,0,385,-845.2575073242188
PPO,Pendulum-v1,0,386,-1729.4066162109375
PPO,Pendulum-v1,0,387,-918.9115600585938
PPO,Pendulum-v1,0,388,-1580.55908203125
PPO,Pendulum-v1,0,389,-1175.8321533203125
PPO,Pendulum-v1,0,390,-902.3487548828125
PPO,Pendulum-v1,0,391,-779.022705078125
PPO,Pendulum-v1,0,392,-912.4989624023438
PPO,Pendulum-v1,0,393,-861.9996337890625
PPO,Pendulum-v1,0,394,-1034.3677978515625
PPO,Pendulum-v1,0,395,-1061.2427978515625
PPO,Pendulum-v1,0,396,-940.1820068359375
PPO,Pendulum-v1,0,397,-931.0703735351562
PPO,Pendulum-v1,0,398,-868.9801025390625
PPO,Pendulum-v1,0,399,-1408.32958984375
PPO,Pendulum-v1,0,400,-1005.1373291015625
PPO,Pendulum-v1,0,401,-1117.033935546875
PPO,Pendulum-v1,0,402,-753.798095703125
PPO,Pendulum-v1,0,403,-1071.200439453125
PPO,Pendulum-v1,0,404,-988.2822875976562
PPO,Pendulum-v1,0,405,-1469.8714599609375
PPO,Pendulum-v1,0,406,-1298.036865234375
PPO,Pendulum-v1,0,407,-1338.6805419921875
PPO,Pendulum-v1,0,408,-1678.532470703125
PPO,Pendulum-v1,0,409,-899.679443359375
PPO,Pendulum-v1,0,410,-982.097900390625
PPO,Pendulum-v1,0,411,-1181.1375732421875
PPO,Pendulum-v1,0,412,-970.0278930664062
PPO,Pendulum-v1,0,413,-1427.2952880859375
PPO,Pendulum-v1,0,414,-919.544921875
PPO,Pendulum-v1,0,415,-894.3907470703125
PPO,Pendulum-v1,0,416,-899.719970703125
PPO,Pendulum-v1,0,417,-1059.8802490234375
PPO,Pendulum-v1,0,418,-910.027099609375
PPO,Pendulum-v1,0,419,-1429.4749755859375
PPO,Pendulum-v1,0,420,-1574.741943359375
PPO,Pendulum-v1,0,421,-1000.7005615234375
PPO,Pendulum-v1,0,422,-906.3714599609375
PPO,Pendulum-v1,0,423,-1071.93701171875
PPO,Pendulum-v1,0,424,-879.0057983398438
PPO,Pendulum-v1,0,425,-1101.1890869140625
PPO,Pendulum-v1,0,426,-1163.104248046875
PPO,Pendulum-v1,0,427,-879.0825805664062
PPO,Pendulum-v1,0,428,-953.5264282226562
PPO,Pendulum-v1,0,429,-888.1151123046875
PPO,Pendulum-v1,0,430,-883.6043701171875
PPO,Pendulum-v1,0,431,-783.2997436523438
PPO,Pendulum-v1,0,432,-879.6110229492188
PPO,Pendulum-v1,0,433,-904.77783203125
PPO,Pendulum-v1,0,434,-888.4127807617188
PPO,Pendulum-v1,0,435,-634.716064453125
PPO,Pendulum-v1,0,436,-1584.435791015625
PPO,Pendulum-v1,0,437,-1017.1736450195312
PPO,Pendulum-v1,0,438,-1646.5970458984375
PPO,Pendulum-v1,0,439,-1197.963623046875
PPO,Pendulum-v1,0,440,-898.5862426757812
PPO,Pendulum-v1,0,441,-1068.005859375
PPO,Pendulum-v1,0,442,-914.5486450195312
PPO,Pendulum-v1,0,443,-1055.4686279296875
PPO,Pendulum-v1,0,444,-968.6957397460938
PPO,Pendulum-v1,0,445,-1616.593994140625
PPO,Pendulum-v1,0,446,-1433.3173828125
PPO,Pendulum-v1,0,447,-1355.1142578125
PPO,Pendulum-v1,0,448,-1446.8873291015625
PPO,Pendulum-v1,0,449,-864.3680419921875
PPO,Pendulum-v1,0,450,-1074.83203125
PPO,Pendulum-v1,0,451,-1292.0030517578125
PPO,Pendulum-v1,0,452,-955.0679931640625
PPO,Pendulum-v1,0,453,-1314.731689453125
PPO,Pendulum-v1,0,454,-876.6831665039062
PPO,Pendulum-v1,0,455,-880.7747802734375
PPO,Pendulum-v1,0,456,-1089.820068359375
PPO,Pendulum-v1,0,457,-966.739501953125
PPO,Pendulum-v1,0,458,-766.8363037109375
PPO,Pendulum-v1,0,459,-1599.916015625
PPO,Pendulum-v1,0,460,-1355.6265869140625
PPO,Pendulum-v1,0,461,-945.995849609375
PPO,Pendulum-v1,0,462,-888.3736572265625
PPO,Pendulum-v1,0,463,-1095.3951416015625
PPO,Pendulum-v1,0,464,-764.2698364257812
PPO,Pendulum-v1,0,465,-1003.3609008789062
PPO,Pendulum-v1,0,466,-1066.022216796875
PPO,Pendulum-v1,0,467,-980.1587524414062
PPO,Pendulum-v1,0,468,-1029.7803955078125
PPO,Pendulum-v1,0,469,-883.7535400390625
PPO,Pendulum-v1,0,470,-929.084228515625
PPO,Pendulum-v1,0,471,-887.7894897460938
PPO,Pendulum-v1,0,472,-1047.4390869140625
PPO,Pendulum-v1,0,473,-884.009765625
PPO,Pendulum-v1,0,474,-995.55078125
PPO,Pendulum-v1,0,475,-1059.961669921875
PPO,Pendulum-v1,0,476,-1654.1937255859375
PPO,Pendulum-v1,0,477,-981.3421020507812
PPO,Pendulum-v1,0,478,-1307.5682373046875
PPO,Pendulum-v1,0,479,-1104.0438232421875
PPO,Pendulum-v1,0,480,-935.6112670898438
PPO,Pendulum-v1,0,481,-970.6663818359375
PPO,Pendulum-v1,0,482,-899.7706298828125
PPO,Pendulum-v1,0,483,-893.157470703125
PPO,Pendulum-v1,0,484,-925.7630004882812
PPO,Pendulum-v1,0,485,-960.6322021484375
PPO,Pendulum-v1,0,486,-890.7638549804688
PPO,Pendulum-v1,0,487,-889.4852905273438
PPO,Pendulum-v1,0,488,-881.656982421875
PPO,Pendulum-v1,0,489,-1278.6463623046875
PPO,Pendulum-v1,0,490,-906.1425170898438
PPO,Pendulum-v1,0,491,-876.6744384765625
PPO,Pendulum-v1,0,492,-885.6910400390625
PPO,Pendulum-v1,0,493,-1121.2962646484375
PPO,Pendulum-v1,0,494,-1076.7716064453125
PPO,Pendulum-v1,0,495,-1455.7193603515625
PPO,Pendulum-v1,0,496,-1218.05322265625
PPO,Pendulum-v1,0,497,-1163.668212890625
PPO,Pendulum-v1,0,498,-1557.242431640625
PPO,Pendulum-v1,0,499,-773.1351928710938
PPO,Pendulum-v1,0,500,-864.0159301757812
PPO,Pendulum-v1,0,501,-1180.32373046875
PPO,Pendulum-v1,0,502,-1061.6402587890625
PPO,Pendulum-v1,0,503,-1500.7293701171875
PPO,Pendulum-v1,0,504,-968.4451293945312
PPO,Pendulum-v1,0,505,-931.9320678710938
PPO,Pendulum-v1,0,506,-1092.93701171875
PPO,Pendulum-v1,0,507,-962.1441650390625
PPO,Pendulum-v1,0,508,-896.0363159179688
PPO,Pendulum-v1,0,509,-1636.8251953125
PPO,Pendulum-v1,0,510,-1291.3902587890625
PPO,Pendulum-v1,0,511,-982.2821655273438
PPO,Pendulum-v1,0,512,-876.6026000976562
PPO,Pendulum-v1,0,513,-1067.23828125
PPO,Pendulum-v1,0,514,-900.255615234375
PPO,Pendulum-v1,0,515,-1058.8046875
PPO,Pendulum-v1,0,516,-1056.3248291015625
PPO,Pendulum-v1,0,517,-910.1130981445312
PPO,Pendulum-v1,0,518,-894.74609375
PPO,Pendulum-v1,0,519,-1007.2713623046875
PPO,Pendulum-v1,0,520,-781.6921997070312
PPO,Pendulum-v1,0,521,-906.1224975585938
PPO,Pendulum-v1,0,522,-795.6990966796875
PPO,Pendulum-v1,0,523,-779.6309814453125
PPO,Pendulum-v1,0,524,-823.49365234375
PPO,Pendulum-v1,0,525,-774.7318725585938
PPO,Pendulum-v1,0,526,-1511.6138916015625
PPO,Pendulum-v1,0,527,-891.4470825195312
PPO,Pendulum-v1,0,528,-1304.6387939453125
PPO,Pendulum-v1,0,529,-1114.153564453125
PPO,Pendulum-v1,0,530,-894.5099487304688
PPO,Pendulum-v1,0,531,-901.5792236328125
PPO,Pendulum-v1,0,532,-912.934814453125
PPO,Pendulum-v1,0,533,-764.2772216796875
PPO,Pendulum-v1,0,534,-1035.160888671875
PPO,Pendulum-v1,0,535,-940.4281616210938
PPO,Pendulum-v1,0,536,-794.044921875
PPO,Pendulum-v1,0,537,-933.7413940429688
PPO,Pendulum-v1,0,538,-999.50830078125
PPO,Pendulum-v1,0,539,-1429.2103271484375
PPO,Pendulum-v1,0,540,-767.5408935546875
PPO,Pendulum-v1,0,541,-991.476806640625
PPO,Pendulum-v1,0,542,-899.0588989257812
PPO,Pendulum-v1,0,543,-1065.471435546875
PPO,Pendulum-v1,0,544,-1027.8472900390625
PPO,Pendulum-v1,0,545,-1323.1427001953125
PPO,Pendulum-v1,0,546,-1195.6527099609375
PPO,Pendulum-v1,0,547,-1076.2786865234375
PPO,Pendulum-v1,0,548,-1661.9241943359375
PPO,Pendulum-v1,0,549,-758.9816284179688
PPO,Pendulum-v1,0,550,-932.0603637695312
PPO,Pendulum-v1,0,551,-1225.2685546875
PPO,Pendulum-v1,0,552,-862.78515625
PPO,Pendulum-v1,0,553,-1316.8748779296875
PPO,Pendulum-v1,0,554,-875.649169921875
PPO,Pendulum-v1,0,555,-994.636962890625
PPO,Pendulum-v1,0,556,-1069.937744140625
PPO,Pendulum-v1,0,557,-1161.6185302734375
PPO,Pendulum-v1,0,558,-1043.4322509765625
PPO,Pendulum-v1,0,559,-1284.065185546875
PPO,Pendulum-v1,0,560,-1428.8751220703125
PPO,Pendulum-v1,0,561,-955.585693359375
PPO,Pendulum-v1,0,562,-774.0624389648438
PPO,Pendulum-v1,0,563,-1176.78369140625
PPO,Pendulum-v1,0,564,-884.6434936523438
PPO,Pendulum-v1,0,565,-1040.3408203125
PPO,Pendulum-v1,0,566,-966.5968017578125
PPO,Pendulum-v1,0,567,-861.85693359375
PPO,Pendulum-v1,0,568,-762.6491088867188
PPO,Pendulum-v1,0,569,-956.31298828125
PPO,Pendulum-v1,0,570,-888.0173950195312
PPO,Pendulum-v1,0,571,-896.458984375
PPO,Pendulum-v1,0,572,-757.8169555664062
PPO,Pendulum-v1,0,573,-897.5418701171875
PPO,Pendulum-v1,0,574,-859.6188354492188
PPO,Pendulum-v1,0,575,-896.4213256835938
PPO,Pendulum-v1,0,576,-1491.406494140625
PPO,Pendulum-v1,0,577,-877.1305541992188
PPO,Pendulum-v1,0,578,-1273.7105712890625
PPO,Pendulum-v1,0,579,-1181.197021484375
PPO,Pendulum-v1,0,580,-911.2596435546875
PPO,Pendulum-v1,0,581,-1024.8924560546875
PPO,Pendulum-v1,0,582,-896.9232788085938
PPO,Pendulum-v1,0,583,-1021.7758178710938
PPO,Pendulum-v1,0,584,-886.7882690429688
PPO,Pendulum-v1,0,585,-996.1869506835938
PPO,Pendulum-v1,0,586,-905.5355834960938
PPO,Pendulum-v1,0,587,-912.0220947265625
PPO,Pendulum-v1,0,588,-1008.3875732421875
PPO,Pendulum-v1,0,589,-1231.3094482421875
PPO,Pendulum-v1,0,590,-875.250732421875
PPO,Pendulum-v1,0,591,-988.8182373046875
PPO,Pendulum-v1,0,592,-950.7830200195312
PPO,Pendulum-v1,0,593,-960.8521118164062
PPO,Pendulum-v1,0,594,-918.5657958984375
PPO,Pendulum-v1,0,595,-1213.0751953125
PPO,Pendulum-v1,0,596,-1098.82666015625
PPO,Pendulum-v1,0,597,-1030.3760986328125
PPO,Pendulum-v1,0,598,-1392.2823486328125
PPO,Pendulum-v1,0,599,-1032.6851806640625
PPO,Pendulum-v1,0,600,-1001.4273071289062
PPO,Pendulum-v1,0,601,-1073.5989990234375
PPO,Pendulum-v1,0,602,-1027.7803955078125
PPO,Pendulum-v1,0,603,-1226.6890869140625
PPO,Pendulum-v1,0,604,-1022.6214599609375
PPO,Pendulum-v1,0,605,-1009.2378540039062
PPO,Pendulum-v1,0,606,-977.4495849609375
PPO,Pendulum-v1,0,607,-1079.55859375
PPO,Pendulum-v1,0,608,-1022.8013305664062
PPO,Pendulum-v1,0,609,-1265.5950927734375
PPO,Pendulum-v1,0,610,-1242.3975830078125
PPO,Pendulum-v1,0,611,-981.448486328125
PPO,Pendulum-v1,0,612,-1044.3602294921875
PPO,Pendulum-v1,0,613,-1090.22607421875
PPO,Pendulum-v1,0,614,-1011.1968994140625
PPO,Pendulum-v1,0,615,-979.160888671875
PPO,Pendulum-v1,0,616,-1091.46337890625
PPO,Pendulum-v1,0,617,-943.7821044921875
PPO,Pendulum-v1,0,618,-914.7721557617188
PPO,Pendulum-v1,0,619,-942.4829711914062
PPO,Pendulum-v1,0,620,-894.58642578125
PPO,Pendulum-v1,0,621,-970.418212890625
PPO,Pendulum-v1,0,622,-1049.8179931640625
PPO,Pendulum-v1,0,623,-901.4419555664062
PPO,Pendulum-v1,0,624,-1006.528564453125
PPO,Pendulum-v1,0,625,-741.4241333007812
PPO,Pendulum-v1,0,626,-1169.270263671875
PPO,Pendulum-v1,0,627,-886.4884643554688
PPO,Pendulum-v1,0,628,-1268.0374755859375
PPO,Pendulum-v1,0,629,-1094.4010009765625
PPO,Pendulum-v1,0,630,-890.5680541992188
PPO,Pendulum-v1,0,631,-894.8706665039062
PPO,Pendulum-v1,0,632,-904.3522338867188
PPO,Pendulum-v1,0,633,-855.6951904296875
PPO,Pendulum-v1,0,634,-872.1581420898438
PPO,Pendulum-v1,0,635,-1008.0751953125
PPO,Pendulum-v1,0,636,-877.3267211914062
PPO,Pendulum-v1,0,637,-877.8385009765625
PPO,Pendulum-v1,0,638,-872.3617553710938
PPO,Pendulum-v1,0,639,-1219.859619140625
PPO,Pendulum-v1,0,640,-875.9409790039062
PPO,Pendulum-v1,0,641,-971.6049194335938
PPO,Pendulum-v1,0,642,-862.005859375
PPO,Pendulum-v1,0,643,-962.7208251953125
PPO,Pendulum-v1,0,644,-966.6240844726562
PPO,Pendulum-v1,0,645,-1380.302978515625
PPO,Pendulum-v1,0,646,-1169.456298828125
PPO,Pendulum-v1,0,647,-1004.0130615234375
PPO,Pendulum-v1,0,648,-1449.44970703125
PPO,Pendulum-v1,0,649,-758.3748168945312
PPO,Pendulum-v1,0,650,-973.4501342773438
PPO,Pendulum-v1,0,651,-1063.8634033203125
PPO,Pendulum-v1,0,652,-865.9022827148438
PPO,Pendulum-v1,0,653,-1302.94580078125
PPO,Pendulum-v1,0,654,-844.8677978515625
PPO,Pendulum-v1,0,655,-875.7045288085938
PPO,Pendulum-v1,0,656,-881.4867553710938
PPO,Pendulum-v1,0,657,-1063.4407958984375
PPO,Pendulum-v1,0,658,-891.6430053710938
PPO,Pendulum-v1,0,659,-1418.783203125
PPO,Pendulum-v1,0,660,-1378.3004150390625
PPO,Pendulum-v1,0,661,-1071.3603515625
PPO,Pendulum-v1,0,662,-805.387451171875
PPO,Pendulum-v1,0,663,-1160.3800048828125
PPO,Pendulum-v1,0,664,-767.2854614257812
PPO,Pendulum-v1,0,665,-956.6858520507812
PPO,Pendulum-v1,0,666,-1064.118896484375
PPO,Pendulum-v1,0,667,-865.90771484375
PPO,Pendulum-v1,0,668,-752.9137573242188
PPO,Pendulum-v1,0,669,-937.9256591796875
PPO,Pendulum-v1,0,670,-812.7322998046875
PPO,Pendulum-v1,0,671,-920.850830078125
PPO,Pendulum-v1,0,672,-902.6900024414062
PPO,Pendulum-v1,0,673,-633.404541015625
PPO,Pendulum-v1,0,674,-881.1768188476562
PPO,Pendulum-v1,0,675,-766.98193359375
PPO,Pendulum-v1,0,676,-1442.66455078125
PPO,Pendulum-v1,0,677,-877.68798828125
PPO,Pendulum-v1,0,678,-1074.6552734375
PPO,Pendulum-v1,0,679,-1028.2294921875
PPO,Pendulum-v1,0,680,-862.1922607421875
PPO,Pendulum-v1,0,681,-901.0787963867188
PPO,Pendulum-v1,0,682,-759.4071655273438
PPO,Pendulum-v1,0,683,-948.0396118164062
PPO,Pendulum-v1,0,684,-762.51123046875
PPO,Pendulum-v1,0,685,-870.4620361328125
PPO,Pendulum-v1,0,686,-813.2223510742188
PPO,Pendulum-v1,0,687,-759.5185546875
PPO,Pendulum-v1,0,688,-870.9645385742188
PPO,Pendulum-v1,0,689,-1209.088134765625
PPO,Pendulum-v1,0,690,-910.4105834960938
PPO,Pendulum-v1,0,691,-948.9270629882812
PPO,Pendulum-v1,0,692,-902.7214965820312
PPO,Pendulum-v1,0,693,-870.4362182617188
PPO,Pendulum-v1,0,694,-958.9889526367188
PPO,Pendulum-v1,0,695,-1217.5640869140625
PPO,Pendulum-v1,0,696,-1088.8115234375
PPO,Pendulum-v1,0,697,-964.99609375
PPO,Pendulum-v1,0,698,-1195.0111083984375
PPO,Pendulum-v1,0,699,-886.6295166015625
PPO,Pendulum-v1,0,700,-966.2335815429688
PPO,Pendulum-v1,0,701,-1058.7203369140625
PPO,Pendulum-v1,0,702,-994.8267822265625
PPO,Pendulum-v1,0,703,-1232.992431640625
PPO,Pendulum-v1,0,704,-900.6166381835938
PPO,Pendulum-v1,0,705,-773.0115356445312
PPO,Pendulum-v1,0,706,-970.2661743164062
PPO,Pendulum-v1,0,707,-1123.406005859375
PPO,Pendulum-v1,0,708,-889.9448852539062
PPO,Pendulum-v1,0,709,-1332.8603515625
PPO,Pendulum-v1,0,710,-1241.6533203125
PPO,Pendulum-v1,0,711,-967.4437255859375
PPO,Pendulum-v1,0,712,-783.6770629882812
PPO,Pendulum-v1,0,713,-1007.4874267578125
PPO,Pendulum-v1,0,714,-876.6896362304688
PPO,Pendulum-v1,0,715,-972.6234130859375
PPO,Pendulum-v1,0,716,-903.83984375
PPO,Pendulum-v1,0,717,-878.1198120117188
PPO,Pendulum-v1,0,718,-753.53125
PPO,Pendulum-v1,0,719,-756.8989868164062
PPO,Pendulum-v1,0,720,-899.8897705078125
PPO,Pendulum-v1,0,721,-757.4519653320312
PPO,Pendulum-v1,0,722,-927.038330078125
PPO,Pendulum-v1,0,723,-859.2281494140625
PPO,Pendulum-v1,0,724,-780.4580078125
PPO,Pendulum-v1,0,725,-783.2130737304688
PPO,Pendulum-v1,0,726,-1200.99560546875
PPO,Pendulum-v1,0,727,-907.4575805664062
PPO,Pendulum-v1,0,728,-1092.9130859375
PPO,Pendulum-v1,0,729,-1089.524658203125
PPO,Pendulum-v1,0,730,-762.2645263671875
PPO,Pendulum-v1,0,731,-782.8095092773438
PPO,Pendulum-v1,0,732,-767.0196533203125
PPO,Pendulum-v1,0,733,-767.4121704101562
PPO,Pendulum-v1,0,734,-791.6468505859375
PPO,Pendulum-v1,0,735,-781.460693359375
PPO,Pendulum-v1,0,736,-828.785400390625
PPO,Pendulum-v1,0,737,-845.8395385742188
PPO,Pendulum-v1,0,738,-862.0618896484375
PPO,Pendulum-v1,0,739,-1115.7242431640625
PPO,Pendulum-v1,0,740,-877.0858764648438
PPO,Pendulum-v1,0,741,-1009.5975952148438
PPO,Pendulum-v1,0,742,-832.562744140625
PPO,Pendulum-v1,0,743,-964.517578125
PPO,Pendulum-v1,0,744,-865.1162719726562
PPO,Pendulum-v1,0,745,-1240.3114013671875
PPO,Pendulum-v1,0,746,-1097.7633056640625
PPO,Pendulum-v1,0,747,-1187.7919921875
PPO,Pendulum-v1,0,748,-1304.9345703125
PPO,Pendulum-v1,0,749,-903.41943359375
PPO,Pendulum-v1,0,750,-870.5325317382812
PPO,Pendulum-v1,0,751,-1069.463623046875
PPO,Pendulum-v1,0,752,-857.7284545898438
PPO,Pendulum-v1,0,753,-1205.3380126953125
PPO,Pendulum-v1,0,754,-800.37060546875
PPO,Pendulum-v1,0,755,-886.3699951171875
PPO,Pendulum-v1,0,756,-979.1014404296875
PPO,Pendulum-v1,0,757,-949.46630859375
PPO,Pendulum-v1,0,758,-882.7236938476562
PPO,Pendulum-v1,0,759,-1255.2552490234375
PPO,Pendulum-v1,0,760,-1239.508544921875
PPO,Pendulum-v1,0,761,-974.1241455078125
PPO,Pendulum-v1,0,762,-742.7088012695312
PPO,Pendulum-v1,0,763,-979.1823120117188
PPO,Pendulum-v1,0,764,-782.4454956054688
PPO,Pendulum-v1,0,765,-968.6162109375
PPO,Pendulum-v1,0,766,-837.0651245117188
PPO,Pendulum-v1,0,767,-852.8448486328125
PPO,Pendulum-v1,0,768,-760.054931640625
PPO,Pendulum-v1,0,769,-756.4122314453125
PPO,Pendulum-v1,0,770,-739.6436157226562
PPO,Pendulum-v1,0,771,-889.4336547851562
PPO,Pendulum-v1,0,772,-909.876220703125
PPO,Pendulum-v1,0,773,-885.9999389648438
PPO,Pendulum-v1,0,774,-878.3186645507812
PPO,Pendulum-v1,0,775,-761.6427001953125
PPO,Pendulum-v1,0,776,-1297.5677490234375
PPO,Pendulum-v1,0,777,-795.34912109375
PPO,Pendulum-v1,0,778,-1079.235107421875
PPO,Pendulum-v1,0,779,-849.4996337890625
PPO,Pendulum-v1,0,780,-883.1627197265625
PPO,Pendulum-v1,0,781,-765.71630859375
PPO,Pendulum-v1,0,782,-879.17919921875
PPO,Pendulum-v1,0,783,-875.566650390625
PPO,Pendulum-v1,0,784,-889.6047973632812
PPO,Pendulum-v1,0,785,-900.7477416992188
PPO,Pendulum-v1,0,786,-773.672119140625
PPO,Pendulum-v1,0,787,-749.7222900390625
PPO,Pendulum-v1,0,788,-917.3461303710938
PPO,Pendulum-v1,0,789,-1087.141845703125
PPO,Pendulum-v1,0,790,-854.6057739257812
PPO,Pendulum-v1,0,791,-891.7584838867188
PPO,Pendulum-v1,0,792,-856.6632080078125
PPO,Pendulum-v1,0,793,-1055.9482421875
PPO,Pendulum-v1,0,794,-960.5533447265625
PPO,Pendulum-v1,0,795,-1194.906494140625
PPO,Pendulum-v1,0,796,-1091.1385498046875
PPO,Pendulum-v1,0,797,-1052.9615478515625
PPO,Pendulum-v1,0,798,-1324.62744140625
PPO,Pendulum-v1,0,799,-762.107666015625
PPO,Pendulum-v1,0,800,-969.7578735351562
PPO,Pendulum-v1,0,801,-1064.9129638671875
PPO,Pendulum-v1,0,802,-951.0115356445312
PPO,Pendulum-v1,0,803,-1228.4892578125
PPO,Pendulum-v1,0,804,-895.6408081054688
PPO,Pendulum-v1,0,805,-996.7658081054688
PPO,Pendulum-v1,0,806,-969.3584594726562
PPO,Pendulum-v1,0,807,-969.473388671875
PPO,Pendulum-v1,0,808,-865.238525390625
PPO,Pendulum-v1,0,809,-1253.1876220703125
PPO,Pendulum-v1,0,810,-1149.0135498046875
PPO,Pendulum-v1,0,811,-969.9927978515625
PPO,Pendulum-v1,0,812,-777.02392578125
PPO,Pendulum-v1,0,813,-962.2333374023438
PPO,Pendulum-v1,0,814,-755.7547607421875
PPO,Pendulum-v1,0,815,-969.7780151367188
PPO,Pendulum-v1,0,816,-951.3493041992188
PPO,Pendulum-v1,0,817,-750.9013061523438
PPO,Pendulum-v1,0,818,-902.799072265625
PPO,Pendulum-v1,0,819,-843.4149169921875
PPO,Pendulum-v1,0,820,-892.5610961914062
PPO,Pendulum-v1,0,821,-765.6017456054688
PPO,Pendulum-v1,0,822,-896.8339233398438
PPO,Pendulum-v1,0,823,-762.650146484375
PPO,Pendulum-v1,0,824,-873.3622436523438
PPO,Pendulum-v1,0,825,-767.835693359375
PPO,Pendulum-v1,0,826,-1285.8824462890625
PPO,Pendulum-v1,0,827,-780.360595703125
PPO,Pendulum-v1,0,828,-1146.196044921875
PPO,Pendulum-v1,0,829,-1057.0604248046875
PPO,Pendulum-v1,0,830,-748.4729614257812
PPO,Pendulum-v1,0,831,-751.2845458984375
PPO,Pendulum-v1,0,832,-690.7894897460938
PPO,Pendulum-v1,0,833,-848.0011596679688
PPO,Pendulum-v1,0,834,-878.5316772460938
PPO,Pendulum-v1,0,835,-851.8670043945312
PPO,Pendulum-v1,0,836,-864.0830078125
PPO,Pendulum-v1,0,837,-752.6614379882812
PPO,Pendulum-v1,0,838,-963.6088256835938
PPO,Pendulum-v1,0,839,-1088.0458984375
PPO,Pendulum-v1,0,840,-851.5118408203125
PPO,Pendulum-v1,0,841,-848.6171875
PPO,Pendulum-v1,0,842,-870.4517822265625
PPO,Pendulum-v1,0,843,-1036.8367919921875
PPO,Pendulum-v1,0,844,-1046.8494873046875
PPO,Pendulum-v1,0,845,-1174.884033203125
PPO,Pendulum-v1,0,846,-1078.61669921875
PPO,Pendulum-v1,0,847,-1050.9249267578125
PPO,Pendulum-v1,0,848,-1284.209228515625
PPO,Pendulum-v1,0,849,-765.5737915039062
PPO,Pendulum-v1,0,850,-1059.0443115234375
PPO,Pendulum-v1,0,851,-1064.880126953125
PPO,Pendulum-v1,0,852,-1021.19580078125
PPO,Pendulum-v1,0,853,-1387.3917236328125
PPO,Pendulum-v1,0,854,-860.3584594726562
PPO,Pendulum-v1,0,855,-934.6687622070312
PPO,Pendulum-v1,0,856,-969.2229614257812
PPO,Pendulum-v1,0,857,-977.174072265625
PPO,Pendulum-v1,0,858,-782.0917358398438
PPO,Pendulum-v1,0,859,-1377.11083984375
PPO,Pendulum-v1,0,860,-1310.440673828125
PPO,Pendulum-v1,0,861,-1058.0948486328125
PPO,Pendulum-v1,0,862,-786.5803833007812
PPO,Pendulum-v1,0,863,-1077.5408935546875
PPO,Pendulum-v1,0,864,-865.1566772460938
PPO,Pendulum-v1,0,865,-984.9369506835938
PPO,Pendulum-v1,0,866,-969.4055786132812
PPO,Pendulum-v1,0,867,-863.4310302734375
PPO,Pendulum-v1,0,868,-817.6118774414062
PPO,Pendulum-v1,0,869,-858.66455078125
PPO,Pendulum-v1,0,870,-790.7560424804688
PPO,Pendulum-v1,0,871,-775.4754028320312
PPO,Pendulum-v1,0,872,-835.3665161132812
PPO,Pendulum-v1,0,873,-767.9937744140625
PPO,Pendulum-v1,0,874,-867.5263061523438
PPO,Pendulum-v1,0,875,-756.7203369140625
PPO,Pendulum-v1,0,876,-1393.6192626953125
PPO,Pendulum-v1,0,877,-762.0039672851562
PPO,Pendulum-v1,0,878,-1127.2293701171875
PPO,Pendulum-v1,0,879,-845.168212890625
PPO,Pendulum-v1,0,880,-893.0985107421875
PPO,Pendulum-v1,0,881,-869.3770141601562
PPO,Pendulum-v1,0,882,-882.9651489257812
PPO,Pendulum-v1,0,883,-994.4196166992188
PPO,Pendulum-v1,0,884,-920.4733276367188
PPO,Pendulum-v1,0,885,-1112.4405517578125
PPO,Pendulum-v1,0,886,-974.57568359375
PPO,Pendulum-v1,0,887,-966.3421630859375
PPO,Pendulum-v1,0,888,-1256.5233154296875
PPO,Pendulum-v1,0,889,-887.5745849609375
PPO,Pendulum-v1,0,890,-877.5811157226562
PPO,Pendulum-v1,0,891,-982.4898071289062
PPO,Pendulum-v1,0,892,-893.9485473632812
PPO,Pendulum-v1,0,893,-1213.040283203125
PPO,Pendulum-v1,0,894,-887.883056640625
PPO,Pendulum-v1,0,895,-887.3142700195312
PPO,Pendulum-v1,0,896,-996.3142700195312
PPO,Pendulum-v1,0,897,-968.8565673828125
PPO,Pendulum-v1,0,898,-897.2465209960938
PPO,Pendulum-v1,0,899,-1172.2999267578125
PPO,Pendulum-v1,0,900,-1149.35986328125
PPO,Pendulum-v1,0,901,-992.5582275390625
PPO,Pendulum-v1,0,902,-856.2638549804688
PPO,Pendulum-v1,0,903,-879.4920654296875
PPO,Pendulum-v1,0,904,-904.5335693359375
PPO,Pendulum-v1,0,905,-983.1162109375
PPO,Pendulum-v1,0,906,-986.0672607421875
PPO,Pendulum-v1,0,907,-881.8292236328125
PPO,Pendulum-v1,0,908,-844.1600341796875
PPO,Pendulum-v1,0,909,-989.6392211914062
PPO,Pendulum-v1,0,910,-853.61328125
PPO,Pendulum-v1,0,911,-1030.09130859375
PPO,Pendulum-v1,0,912,-803.6539916992188
PPO,Pendulum-v1,0,913,-892.003662109375
PPO,Pendulum-v1,0,914,-901.2374267578125
PPO,Pendulum-v1,0,915,-889.8336181640625
PPO,Pendulum-v1,0,916,-1291.81201171875
PPO,Pendulum-v1,0,917,-899.1808471679688
PPO,Pendulum-v1,0,918,-1093.8050537109375
PPO,Pendulum-v1,0,919,-886.9146728515625
PPO,Pendulum-v1,0,920,-911.1586303710938
PPO,Pendulum-v1,0,921,-906.3291625976562
PPO,Pendulum-v1,0,922,-900.3099365234375
PPO,Pendulum-v1,0,923,-887.2135009765625
PPO,Pendulum-v1,0,924,-910.98974609375
PPO,Pendulum-v1,0,925,-1029.760009765625
PPO,Pendulum-v1,0,926,-954.3331909179688
PPO,Pendulum-v1,0,927,-984.6531982421875
PPO,Pendulum-v1,0,928,-1013.1800537109375
PPO,Pendulum-v1,0,929,-1136.5601806640625
PPO,Pendulum-v1,0,930,-1029.6964111328125
PPO,Pendulum-v1,0,931,-878.0831298828125
PPO,Pendulum-v1,0,932,-893.8698120117188
PPO,Pendulum-v1,0,933,-992.16650390625
PPO,Pendulum-v1,0,934,-988.1656494140625
PPO,Pendulum-v1,0,935,-1226.7374267578125
PPO,Pendulum-v1,0,936,-1017.3182983398438
PPO,Pendulum-v1,0,937,-933.9346313476562
PPO,Pendulum-v1,0,938,-1140.3341064453125
PPO,Pendulum-v1,0,939,-1000.087890625
PPO,Pendulum-v1,0,940,-824.1632690429688
PPO,Pendulum-v1,0,941,-1095.849365234375
PPO,Pendulum-v1,0,942,-1000.18017578125
PPO,Pendulum-v1,0,943,-1260.584228515625
PPO,Pendulum-v1,0,944,-939.1658935546875
PPO,Pendulum-v1,0,945,-881.9861450195312
PPO,Pendulum-v1,0,946,-970.9951171875
PPO,Pendulum-v1,0,947,-979.2904052734375
PPO,Pendulum-v1,0,948,-768.7158813476562
PPO,Pendulum-v1,0,949,-1166.4710693359375
PPO,Pendulum-v1,0,950,-1182.558349609375
PPO,Pendulum-v1,0,951,-993.3826904296875
PPO,Pendulum-v1,0,952,-880.898681640625
PPO,Pendulum-v1,0,953,-1008.8258056640625
PPO,Pendulum-v1,0,954,-923.6484985351562
PPO,Pendulum-v1,0,955,-1027.6007080078125
PPO,Pendulum-v1,0,956,-974.2330932617188
PPO,Pendulum-v1,0,957,-889.8701782226562
PPO,Pendulum-v1,0,958,-902.3071899414062
PPO,Pendulum-v1,0,959,-884.119873046875
PPO,Pendulum-v1,0,960,-960.658447265625
PPO,Pendulum-v1,0,961,-1018.544189453125
PPO,Pendulum-v1,0,962,-1011.0255737304688
PPO,Pendulum-v1,0,963,-903.674072265625
PPO,Pendulum-v1,0,964,-1031.855224609375
PPO,Pendulum-v1,0,965,-907.7186889648438
PPO,Pendulum-v1,0,966,-1229.5718994140625
PPO,Pendulum-v1,0,967,-1027.2532958984375
PPO,Pendulum-v1,0,968,-1106.0615234375
PPO,Pendulum-v1,0,969,-988.0000610351562
PPO,Pendulum-v1,0,970,-888.1031494140625
PPO,Pendulum-v1,0,971,-854.1654663085938
PPO,Pendulum-v1,0,972,-767.2592163085938
PPO,Pendulum-v1,0,973,-1042.5687255859375
PPO,Pendulum-v1,0,974,-867.8280639648438
PPO,Pendulum-v1,0,975,-892.209716796875
PPO,Pendulum-v1,0,976,-1011.7608032226562
PPO,Pendulum-v1,0,977,-885.2809448242188
PPO,Pendulum-v1,0,978,-903.987548828125
PPO,Pendulum-v1,0,979,-1011.0087890625
PPO,Pendulum-v1,1,0,-1089.0101318359375
PPO,Pendulum-v1,1,1,-1067.3673095703125
PPO,Pendulum-v1,1,2,-1169.136962890625
PPO,Pendulum-v1,1,3,-863.200439453125
PPO,Pendulum-v1,1,4,-869.0406494140625
PPO,Pendulum-v1,1,5,-1023.3526611328125
PPO,Pendulum-v1,1,6,-976.2228393554688
PPO,Pendulum-v1,1,7,-1180.7962646484375
PPO,Pendulum-v1,1,8,-1099.8040771484375
PPO,Pendulum-v1,1,9,-1018.162841796875
PPO,Pendulum-v1,1,10,-1700.842529296875
PPO,Pendulum-v1,1,11,-870.5747680664062
PPO,Pendulum-v1,1,12,-1318.162841796875
PPO,Pendulum-v1,1,13,-765.5430297851562
PPO,Pendulum-v1,1,14,-900.0409545898438
PPO,Pendulum-v1,1,15,-867.2808837890625
PPO,Pendulum-v1,1,16,-1780.508056640625
PPO,Pendulum-v1,1,17,-885.2562255859375
PPO,Pendulum-v1,1,18,-875.0831909179688
PPO,Pendulum-v1,1,19,-894.4575805664062
PPO,Pendulum-v1,1,20,-899.4263916015625
PPO,Pendulum-v1,1,21,-1448.9732666015625
PPO,Pendulum-v1,1,22,-965.0735473632812
PPO,Pendulum-v1,1,23,-1264.536376953125
PPO,Pendulum-v1,1,24,-1170.8326416015625
PPO,Pendulum-v1,1,25,-1284.5029296875
PPO,Pendulum-v1,1,26,-1372.8714599609375
PPO,Pendulum-v1,1,27,-1073.652099609375
PPO,Pendulum-v1,1,28,-975.3419189453125
PPO,Pendulum-v1,1,29,-1488.07373046875
PPO,Pendulum-v1,1,30,-974.0062255859375
PPO,Pendulum-v1,1,31,-1369.3251953125
PPO,Pendulum-v1,1,32,-1578.8485107421875
PPO,Pendulum-v1,1,33,-876.3273315429688
PPO,Pendulum-v1,1,34,-993.3634643554688
PPO,Pendulum-v1,1,35,-947.3489379882812
PPO,Pendulum-v1,1,36,-784.476318359375
PPO,Pendulum-v1,1,37,-1064.3409423828125
PPO,Pendulum-v1,1,38,-1077.693115234375
PPO,Pendulum-v1,1,39,-1284.795654296875
PPO,Pendulum-v1,1,40,-1026.944580078125
PPO,Pendulum-v1,1,41,-1020.7850952148438
PPO,Pendulum-v1,1,42,-971.2447509765625
PPO,Pendulum-v1,1,43,-1208.9671630859375
PPO,Pendulum-v1,1,44,-1012.5624389648438
PPO,Pendulum-v1,1,45,-891.36572265625
PPO,Pendulum-v1,1,46,-1188.3702392578125
PPO,Pendulum-v1,1,47,-1088.1929931640625
PPO,Pendulum-v1,1,48,-758.3513793945312
PPO,Pendulum-v1,1,49,-1695.451416015625
PPO,Pendulum-v1,1,50,-990.9467163085938
PPO,Pendulum-v1,1,51,-1627.90234375
PPO,Pendulum-v1,1,52,-925.99560546875
PPO,Pendulum-v1,1,53,-986.9505615234375
PPO,Pendulum-v1,1,54,-1034.1922607421875
PPO,Pendulum-v1,1,55,-1328.1328125
PPO,Pendulum-v1,1,56,-1194.787353515625
PPO,Pendulum-v1,1,57,-1284.20458984375
PPO,Pendulum-v1,1,58,-903.7966918945312
PPO,Pendulum-v1,1,59,-1069.5775146484375
PPO,Pendulum-v1,1,60,-1174.2386474609375
PPO,Pendulum-v1,1,61,-975.0057373046875
PPO,Pendulum-v1,1,62,-1180.0518798828125
PPO,Pendulum-v1,1,63,-1174.4864501953125
PPO,Pendulum-v1,1,64,-994.8369140625
PPO,Pendulum-v1,1,65,-1104.181396484375
PPO,Pendulum-v1,1,66,-897.50390625
PPO,Pendulum-v1,1,67,-1072.45703125
PPO,Pendulum-v1,1,68,-1777.739990234375
PPO,Pendulum-v1,1,69,-1272.575439453125
PPO,Pendulum-v1,1,70,-1179.3621826171875
PPO,Pendulum-v1,1,71,-853.754150390625
PPO,Pendulum-v1,1,72,-1601.7279052734375
PPO,Pendulum-v1,1,73,-1393.2982177734375
PPO,Pendulum-v1,1,74,-1397.677001953125
PPO,Pendulum-v1,1,75,-1132.2353515625
PPO,Pendulum-v1,1,76,-1162.1881103515625
PPO,Pendulum-v1,1,77,-1213.574462890625
PPO,Pendulum-v1,1,78,-1084.5831298828125
PPO,Pendulum-v1,1,79,-1679.1552734375
PPO,Pendulum-v1,1,80,-1294.295654296875
PPO,Pendulum-v1,1,81,-1264.8162841796875
PPO,Pendulum-v1,1,82,-1062.4332275390625
PPO,Pendulum-v1,1,83,-991.50927734375
PPO,Pendulum-v1,1,84,-1039.8779296875
PPO,Pendulum-v1,1,85,-1608.5777587890625
PPO,Pendulum-v1,1,86,-962.934814453125
PPO,Pendulum-v1,1,87,-1087.6563720703125
PPO,Pendulum-v1,1,88,-968.629638671875
PPO,Pendulum-v1,1,89,-1272.0064697265625
PPO,Pendulum-v1,1,90,-1035.9615478515625
PPO,Pendulum-v1,1,91,-1407.647216796875
PPO,Pendulum-v1,1,92,-1055.3424072265625
PPO,Pendulum-v1,1,93,-1379.904296875
PPO,Pendulum-v1,1,94,-1106.11083984375
PPO,Pendulum-v1,1,95,-1020.1705932617188
PPO,Pendulum-v1,1,96,-1043.1348876953125
PPO,Pendulum-v1,1,97,-996.7394409179688
PPO,Pendulum-v1,1,98,-1122.170166015625
PPO,Pendulum-v1,1,99,-1098.0609130859375
PPO,Pendulum-v1,1,100,-1161.0814208984375
PPO,Pendulum-v1,1,101,-1196.30712890625
PPO,Pendulum-v1,1,102,-1145.7183837890625
PPO,Pendulum-v1,1,103,-1162.91357421875
PPO,Pendulum-v1,1,104,-1218.056884765625
PPO,Pendulum-v1,1,105,-1228.4033203125
PPO,Pendulum-v1,1,106,-1121.49169921875
PPO,Pendulum-v1,1,107,-1107.0146484375
PPO,Pendulum-v1,1,108,-1059.8604736328125
PPO,Pendulum-v1,1,109,-1144.736328125
PPO,Pendulum-v1,1,110,-1067.130615234375
PPO,Pendulum-v1,1,111,-1128.8096923828125
PPO,Pendulum-v1,1,112,-1030.0906982421875
PPO,Pendulum-v1,1,113,-931.9891357421875
PPO,Pendulum-v1,1,114,-1020.60791015625
PPO,Pendulum-v1,1,115,-1113.906494140625
PPO,Pendulum-v1,1,116,-1184.745849609375
PPO,Pendulum-v1,1,117,-1143.4044189453125
PPO,Pendulum-v1,1,118,-1455.5367431640625
PPO,Pendulum-v1,1,119,-1224.412353515625
PPO,Pendulum-v1,1,120,-1165.8134765625
PPO,Pendulum-v1,1,121,-1177.341796875
PPO,Pendulum-v1,1,122,-1378.5391845703125
PPO,Pendulum-v1,1,123,-1358.100830078125
PPO,Pendulum-v1,1,124,-1239.47314453125
PPO,Pendulum-v1,1,125,-1224.458251953125
PPO,Pendulum-v1,1,126,-1147.79248046875
PPO,Pendulum-v1,1,127,-1360.7181396484375
PPO,Pendulum-v1,1,128,-1127.4132080078125
PPO,Pendulum-v1,1,129,-1304.3597412109375
PPO,Pendulum-v1,1,130,-1132.0162353515625
PPO,Pendulum-v1,1,131,-1184.6888427734375
PPO,Pendulum-v1,1,132,-1195.722900390625
PPO,Pendulum-v1,1,133,-1148.516357421875
PPO,Pendulum-v1,1,134,-1187.5594482421875
PPO,Pendulum-v1,1,135,-1562.259033203125
PPO,Pendulum-v1,1,136,-1218.7119140625
PPO,Pendulum-v1,1,137,-1250.6622314453125
PPO,Pendulum-v1,1,138,-1197.312255859375
PPO,Pendulum-v1,1,139,-1285.1788330078125
PPO,Pendulum-v1,1,140,-1201.64599609375
PPO,Pendulum-v1,1,141,-1280.31787109375
PPO,Pendulum-v1,1,142,-1124.628173828125
PPO,Pendulum-v1,1,143,-1278.859619140625
PPO,Pendulum-v1,1,144,-1198.88623046875
PPO,Pendulum-v1,1,145,-1153.344482421875
PPO,Pendulum-v1,1,146,-1214.1019287109375
PPO,Pendulum-v1,1,147,-1179.82421875
PPO,Pendulum-v1,1,148,-1135.0841064453125
PPO,Pendulum-v1,1,149,-1233.5108642578125
PPO,Pendulum-v1,1,150,-1190.99560546875
PPO,Pendulum-v1,1,151,-1234.1368408203125
PPO,Pendulum-v1,1,152,-1281.5750732421875
PPO,Pendulum-v1,1,153,-1236.064208984375
PPO,Pendulum-v1,1,154,-1092.8642578125
PPO,Pendulum-v1,1,155,-1263.4765625
PPO,Pendulum-v1,1,156,-1290.321044921875
PPO,Pendulum-v1,1,157,-1148.3299560546875
PPO,Pendulum-v1,1,158,-1042.6551513671875
PPO,Pendulum-v1,1,159,-1156.241943359375
PPO,Pendulum-v1,1,160,-1207.4852294921875
PPO,Pendulum-v1,1,161,-1228.906494140625
PPO,Pendulum-v1,1,162,-1202.4246826171875
PPO,Pendulum-v1,1,163,-1172.1082763671875
PPO,Pendulum-v1,1,164,-1274.05810546875
PPO,Pendulum-v1,1,165,-1308.6322021484375
PPO,Pendulum-v1,1,166,-1283.6053466796875
PPO,Pendulum-v1,1,167,-1205.1876220703125
PPO,Pendulum-v1,1,168,-1432.8857421875
PPO,Pendulum-v1,1,169,-1222.053466796875
PPO,Pendulum-v1,1,170,-1069.2994384765625
PPO,Pendulum-v1,1,171,-1227.771240234375
PPO,Pendulum-v1,1,172,-1351.1611328125
PPO,Pendulum-v1,1,173,-1195.5848388671875
PPO,Pendulum-v1,1,174,-1320.568359375
PPO,Pendulum-v1,1,175,-1118.4674072265625
PPO,Pendulum-v1,1,176,-1214.183349609375
PPO,Pendulum-v1,1,177,-1183.1734619140625
PPO,Pendulum-v1,1,178,-1299.669189453125
PPO,Pendulum-v1,1,179,-1570.590576171875
PPO,Pendulum-v1,1,180,-1292.32421875
PPO,Pendulum-v1,1,181,-1310.378173828125
PPO,Pendulum-v1,1,182,-1089.542236328125
PPO,Pendulum-v1,1,183,-1286.49560546875
PPO,Pendulum-v1,1,184,-1254.2537841796875
PPO,Pendulum-v1,1,185,-1321.3951416015625
PPO,Pendulum-v1,1,186,-1190.5645751953125
PPO,Pendulum-v1,1,187,-1267.2171630859375
PPO,Pendulum-v1,1,188,-1058.102783203125
PPO,Pendulum-v1,1,189,-1275.2662353515625
PPO,Pendulum-v1,1,190,-1201.2548828125
PPO,Pendulum-v1,1,191,-1295.1590576171875
PPO,Pendulum-v1,1,192,-1268.824462890625
PPO,Pendulum-v1,1,193,-1283.872802734375
PPO,Pendulum-v1,1,194,-1060.763916015625
PPO,Pendulum-v1,1,195,-1108.765625
PPO,Pendulum-v1,1,196,-1049.27587890625
PPO,Pendulum-v1,1,197,-1237.0654296875
PPO,Pendulum-v1,1,198,-1219.1546630859375
PPO,Pendulum-v1,1,199,-1277.07421875
PPO,Pendulum-v1,1,200,-1099.3309326171875
PPO,Pendulum-v1,1,201,-1301.884033203125
PPO,Pendulum-v1,1,202,-1314.4296875
PPO,Pendulum-v1,1,203,-1168.1160888671875
PPO,Pendulum-v1,1,204,-1050.3253173828125
PPO,Pendulum-v1,1,205,-1324.2357177734375
PPO,Pendulum-v1,1,206,-1118.1328125
PPO,Pendulum-v1,1,207,-1263.755615234375
PPO,Pendulum-v1,1,208,-1235.9307861328125
PPO,Pendulum-v1,1,209,-1174.425048828125
PPO,Pendulum-v1,1,210,-1265.7003173828125
PPO,Pendulum-v1,1,211,-1044.4913330078125
PPO,Pendulum-v1,1,212,-1018.4314575195312
PPO,Pendulum-v1,1,213,-1203.7886962890625
PPO,Pendulum-v1,1,214,-1295.3629150390625
PPO,Pendulum-v1,1,215,-1177.135009765625
PPO,Pendulum-v1,1,216,-1341.1510009765625
PPO,Pendulum-v1,1,217,-1218.8701171875
PPO,Pendulum-v1,1,218,-1348.889404296875
PPO,Pendulum-v1,1,219,-1287.497314453125
PPO,Pendulum-v1,1,220,-1084.374267578125
PPO,Pendulum-v1,1,221,-1227.417724609375
PPO,Pendulum-v1,1,222,-1351.3931884765625
PPO,Pendulum-v1,1,223,-1276.2178955078125
PPO,Pendulum-v1,1,224,-1139.2066650390625
PPO,Pendulum-v1,1,225,-1172.469482421875
PPO,Pendulum-v1,1,226,-1260.168701171875
PPO,Pendulum-v1,1,227,-1216.4266357421875
PPO,Pendulum-v1,1,228,-1198.8638916015625
PPO,Pendulum-v1,1,229,-1312.6160888671875
PPO,Pendulum-v1,1,230,-1280.053955078125
PPO,Pendulum-v1,1,231,-1326.3779296875
PPO,Pendulum-v1,1,232,-1206.3521728515625
PPO,Pendulum-v1,1,233,-1250.5308837890625
PPO,Pendulum-v1,1,234,-1261.104736328125
PPO,Pendulum-v1,1,235,-1427.47021484375
PPO,Pendulum-v1,1,236,-1192.0723876953125
PPO,Pendulum-v1,1,237,-1306.081298828125
PPO,Pendulum-v1,1,238,-1079.5457763671875
PPO,Pendulum-v1,1,239,-1268.2769775390625
PPO,Pendulum-v1,1,240,-1167.5953369140625
PPO,Pendulum-v1,1,241,-1283.41015625
PPO,Pendulum-v1,1,242,-1216.296875
PPO,Pendulum-v1,1,243,-1304.61376953125
PPO,Pendulum-v1,1,244,-1200.86474609375
PPO,Pendulum-v1,1,245,-1189.955078125
PPO,Pendulum-v1,1,246,-1203.5704345703125
PPO,Pendulum-v1,1,247,-1162.1781005859375
PPO,Pendulum-v1,1,248,-1290.51171875
PPO,Pendulum-v1,1,249,-1274.311279296875
PPO,Pendulum-v1,1,250,-1214.8873291015625
PPO,Pendulum-v1,1,251,-1303.751220703125
PPO,Pendulum-v1,1,252,-1285.515380859375
PPO,Pendulum-v1,1,253,-1200.2222900390625
PPO,Pendulum-v1,1,254,-1236.33203125
PPO,Pendulum-v1,1,255,-1283.1845703125
PPO,Pendulum-v1,1,256,-1282.327392578125
PPO,Pendulum-v1,1,257,-1272.1876220703125
PPO,Pendulum-v1,1,258,-1264.337158203125
PPO,Pendulum-v1,1,259,-1155.501708984375
PPO,Pendulum-v1,1,260,-1182.60888671875
PPO,Pendulum-v1,1,261,-1209.8447265625
PPO,Pendulum-v1,1,262,-1318.1533203125
PPO,Pendulum-v1,1,263,-1068.815673828125
PPO,Pendulum-v1,1,264,-1196.270263671875
PPO,Pendulum-v1,1,265,-1145.5107421875
PPO,Pendulum-v1,1,266,-1234.5277099609375
PPO,Pendulum-v1,1,267,-1201.107666015625
PPO,Pendulum-v1,1,268,-1325.319580078125
PPO,Pendulum-v1,1,269,-1160.7813720703125
PPO,Pendulum-v1,1,270,-1203.6763916015625
PPO,Pendulum-v1,1,271,-1264.3106689453125
PPO,Pendulum-v1,1,272,-1305.2843017578125
PPO,Pendulum-v1,1,273,-1234.6536865234375
PPO,Pendulum-v1,1,274,-1222.7650146484375
PPO,Pendulum-v1,1,275,-1243.7562255859375
PPO,Pendulum-v1,1,276,-1298.6441650390625
PPO,Pendulum-v1,1,277,-1277.38232421875
PPO,Pendulum-v1,1,278,-1205.2281494140625
PPO,Pendulum-v1,1,279,-1460.0718994140625
PPO,Pendulum-v1,1,280,-1323.429931640625
PPO,Pendulum-v1,1,281,-1331.937744140625
PPO,Pendulum-v1,1,282,-1234.0023193359375
PPO,Pendulum-v1,1,283,-1228.212646484375
PPO,Pendulum-v1,1,284,-1332.646484375
PPO,Pendulum-v1,1,285,-1372.5343017578125
PPO,Pendulum-v1,1,286,-1248.094482421875
PPO,Pendulum-v1,1,287,-1292.770751953125
PPO,Pendulum-v1,1,288,-1288.1595458984375
PPO,Pendulum-v1,1,289,-1321.591796875
PPO,Pendulum-v1,1,290,-1331.2476806640625
PPO,Pendulum-v1,1,291,-1306.5128173828125
PPO,Pendulum-v1,1,292,-1366.8724365234375
PPO,Pendulum-v1,1,293,-1328.0250244140625
PPO,Pendulum-v1,1,294,-1351.3060302734375
PPO,Pendulum-v1,1,295,-1308.3455810546875
PPO,Pendulum-v1,1,296,-1194.9296875
PPO,Pendulum-v1,1,297,-1206.02392578125
PPO,Pendulum-v1,1,298,-1211.29638671875
PPO,Pendulum-v1,1,299,-1281.36279296875
PPO,Pendulum-v1,1,300,-1300.1722412109375
PPO,Pendulum-v1,1,301,-1309.1318359375
PPO,Pendulum-v1,1,302,-1370.347900390625
PPO,Pendulum-v1,1,303,-1261.1427001953125
PPO,Pendulum-v1,1,304,-1224.77587890625
PPO,Pendulum-v1,1,305,-1218.480224609375
PPO,Pendulum-v1,1,306,-1299.2191162109375
PPO,Pendulum-v1,1,307,-1313.0933837890625
PPO,Pendulum-v1,1,308,-1270.94482421875
PPO,Pendulum-v1,1,309,-1355.4385986328125
PPO,Pendulum-v1,1,310,-1262.3150634765625
PPO,Pendulum-v1,1,311,-1118.036376953125
PPO,Pendulum-v1,1,312,-1198.8873291015625
PPO,Pendulum-v1,1,313,-1193.1856689453125
PPO,Pendulum-v1,1,314,-1197.41455078125
PPO,Pendulum-v1,1,315,-1268.369384765625
PPO,Pendulum-v1,1,316,-1284.007080078125
PPO,Pendulum-v1,1,317,-1154.5030517578125
PPO,Pendulum-v1,1,318,-1320.5626220703125
PPO,Pendulum-v1,1,319,-1276.773681640625
PPO,Pendulum-v1,1,320,-1251.117919921875
PPO,Pendulum-v1,1,321,-1223.2935791015625
PPO,Pendulum-v1,1,322,-1397.5816650390625
PPO,Pendulum-v1,1,323,-1289.09228515625
PPO,Pendulum-v1,1,324,-1261.352783203125
PPO,Pendulum-v1,1,325,-1265.3028564453125
PPO,Pendulum-v1,1,326,-1250.851318359375
PPO,Pendulum-v1,1,327,-1263.95849609375
PPO,Pendulum-v1,1,328,-1327.085693359375
PPO,Pendulum-v1,1,329,-1396.8770751953125
PPO,Pendulum-v1,1,330,-1293.3251953125
PPO,Pendulum-v1,1,331,-1193.8756103515625
PPO,Pendulum-v1,1,332,-1215.8909912109375
PPO,Pendulum-v1,1,333,-1214.1309814453125
PPO,Pendulum-v1,1,334,-1315.4691162109375
PPO,Pendulum-v1,1,335,-1288.4432373046875
PPO,Pendulum-v1,1,336,-1332.2047119140625
PPO,Pendulum-v1,1,337,-1271.60595703125
PPO,Pendulum-v1,1,338,-1191.0718994140625
PPO,Pendulum-v1,1,339,-1309.1417236328125
PPO,Pendulum-v1,1,340,-1330.2327880859375
PPO,Pendulum-v1,1,341,-1284.8961181640625
PPO,Pendulum-v1,1,342,-1307.5325927734375
PPO,Pendulum-v1,1,343,-1315.342041015625
PPO,Pendulum-v1,1,344,-1235.8834228515625
PPO,Pendulum-v1,1,345,-1168.6041259765625
PPO,Pendulum-v1,1,346,-1349.1357421875
PPO,Pendulum-v1,1,347,-1252.6766357421875
PPO,Pendulum-v1,1,348,-1207.277587890625
PPO,Pendulum-v1,1,349,-1280.6561279296875
PPO,Pendulum-v1,1,350,-1059.319091796875
PPO,Pendulum-v1,1,351,-1311.4176025390625
PPO,Pendulum-v1,1,352,-1352.1151123046875
PPO,Pendulum-v1,1,353,-1209.15234375
PPO,Pendulum-v1,1,354,-1209.57958984375
PPO,Pendulum-v1,1,355,-1242.924072265625
PPO,Pendulum-v1,1,356,-1204.8092041015625
PPO,Pendulum-v1,1,357,-1285.2799072265625
PPO,Pendulum-v1,1,358,-1198.3702392578125
PPO,Pendulum-v1,1,359,-1192.503662109375
PPO,Pendulum-v1,1,360,-1168.10302734375
PPO,Pendulum-v1,1,361,-1178.790771484375
PPO,Pendulum-v1,1,362,-1184.4869384765625
PPO,Pendulum-v1,1,363,-1205.851806640625
PPO,Pendulum-v1,1,364,-1185.350830078125
PPO,Pendulum-v1,1,365,-1189.5555419921875
PPO,Pendulum-v1,1,366,-1272.693603515625
PPO,Pendulum-v1,1,367,-1299.59716796875
PPO,Pendulum-v1,1,368,-1271.8260498046875
PPO,Pendulum-v1,1,369,-1271.0677490234375
PPO,Pendulum-v1,1,370,-1205.270751953125
PPO,Pendulum-v1,1,371,-1152.5155029296875
PPO,Pendulum-v1,1,372,-1321.25048828125
PPO,Pendulum-v1,1,373,-1300.9822998046875
PPO,Pendulum-v1,1,374,-1295.9986572265625
PPO,Pendulum-v1,1,375,-1184.010009765625
PPO,Pendulum-v1,1,376,-1271.3519287109375
PPO,Pendulum-v1,1,377,-1268.8564453125
PPO,Pendulum-v1,1,378,-1170.062744140625
PPO,Pendulum-v1,1,379,-1289.3238525390625
PPO,Pendulum-v1,1,380,-1160.0938720703125
PPO,Pendulum-v1,1,381,-1224.9600830078125
PPO,Pendulum-v1,1,382,-1065.2965087890625
PPO,Pendulum-v1,1,383,-1154.67724609375
PPO,Pendulum-v1,1,384,-1208.1490478515625
PPO,Pendulum-v1,1,385,-1332.2371826171875
PPO,Pendulum-v1,1,386,-1188.14111328125
PPO,Pendulum-v1,1,387,-1182.1834716796875
PPO,Pendulum-v1,1,388,-1204.602783203125
PPO,Pendulum-v1,1,389,-1244.60986328125
PPO,Pendulum-v1,1,390,-1171.72802734375
PPO,Pendulum-v1,1,391,-1150.85546875
PPO,Pendulum-v1,1,392,-1186.3817138671875
PPO,Pendulum-v1,1,393,-1174.3634033203125
PPO,Pendulum-v1,1,394,-1176.694580078125
PPO,Pendulum-v1,1,395,-1138.95849609375
PPO,Pendulum-v1,1,396,-1207.8297119140625
PPO,Pendulum-v1,1,397,-1181.6087646484375
PPO,Pendulum-v1,1,398,-1145.853759765625
PPO,Pendulum-v1,1,399,-1186.578125
PPO,Pendulum-v1,1,400,-1225.2646484375
PPO,Pendulum-v1,1,401,-1307.055908203125
PPO,Pendulum-v1,1,402,-1195.783447265625
PPO,Pendulum-v1,1,403,-1218.321533203125
PPO,Pendulum-v1,1,404,-1073.53759765625
PPO,Pendulum-v1,1,405,-1175.5147705078125
PPO,Pendulum-v1,1,406,-1173.69384765625
PPO,Pendulum-v1,1,407,-1232.40234375
PPO,Pendulum-v1,1,408,-1239.1773681640625
PPO,Pendulum-v1,1,409,-1187.4976806640625
PPO,Pendulum-v1,1,410,-1275.218017578125
PPO,Pendulum-v1,1,411,-1132.543701171875
PPO,Pendulum-v1,1,412,-1205.7861328125
PPO,Pendulum-v1,1,413,-1189.7266845703125
PPO,Pendulum-v1,1,414,-1264.7847900390625
PPO,Pendulum-v1,1,415,-1306.16015625
PPO,Pendulum-v1,1,416,-1242.22021484375
PPO,Pendulum-v1,1,417,-1291.126708984375
PPO,Pendulum-v1,1,418,-1374.808349609375
PPO,Pendulum-v1,1,419,-1253.930908203125
PPO,Pendulum-v1,1,420,-1222.7904052734375
PPO,Pendulum-v1,1,421,-1248.7645263671875
PPO,Pendulum-v1,1,422,-1341.8194580078125
PPO,Pendulum-v1,1,423,-1194.479736328125
PPO,Pendulum-v1,1,424,-1261.7603759765625
PPO,Pendulum-v1,1,425,-1194.3973388671875
PPO,Pendulum-v1,1,426,-1168.384033203125
PPO,Pendulum-v1,1,427,-1282.03369140625
PPO,Pendulum-v1,1,428,-1189.5804443359375
PPO,Pendulum-v1,1,429,-1388.57568359375
PPO,Pendulum-v1,1,430,-1300.1590576171875
PPO,Pendulum-v1,1,431,-1309.7816162109375
PPO,Pendulum-v1,1,432,-1141.7314453125
PPO,Pendulum-v1,1,433,-1234.197021484375
PPO,Pendulum-v1,1,434,-1325.817138671875
PPO,Pendulum-v1,1,435,-1397.287353515625
PPO,Pendulum-v1,1,436,-1081.1300048828125
PPO,Pendulum-v1,1,437,-1224.2247314453125
PPO,Pendulum-v1,1,438,-1140.0042724609375
PPO,Pendulum-v1,1,439,-1308.4935302734375
PPO,Pendulum-v1,1,440,-1325.084228515625
PPO,Pendulum-v1,1,441,-1302.9892578125
PPO,Pendulum-v1,1,442,-1351.4326171875
PPO,Pendulum-v1,1,443,-1215.339111328125
PPO,Pendulum-v1,1,444,-1158.533447265625
PPO,Pendulum-v1,1,445,-1156.87939453125
PPO,Pendulum-v1,1,446,-1183.6024169921875
PPO,Pendulum-v1,1,447,-1283.8853759765625
PPO,Pendulum-v1,1,448,-1253.4443359375
PPO,Pendulum-v1,1,449,-1319.5013427734375
PPO,Pendulum-v1,1,450,-1236.979248046875
PPO,Pendulum-v1,1,451,-1203.6844482421875
PPO,Pendulum-v1,1,452,-1184.9337158203125
PPO,Pendulum-v1,1,453,-1204.2755126953125
PPO,Pendulum-v1,1,454,-1163.08984375
PPO,Pendulum-v1,1,455,-1134.9892578125
PPO,Pendulum-v1,1,456,-1229.8519287109375
PPO,Pendulum-v1,1,457,-1272.5406494140625
PPO,Pendulum-v1,1,458,-1334.3468017578125
PPO,Pendulum-v1,1,459,-1164.8162841796875
PPO,Pendulum-v1,1,460,-1200.1973876953125
PPO,Pendulum-v1,1,461,-1127.183349609375
PPO,Pendulum-v1,1,462,-1300.395263671875
PPO,Pendulum-v1,1,463,-1169.2021484375
PPO,Pendulum-v1,1,464,-1174.392822265625
PPO,Pendulum-v1,1,465,-1205.009765625
PPO,Pendulum-v1,1,466,-1166.3626708984375
PPO,Pendulum-v1,1,467,-1254.9747314453125
PPO,Pendulum-v1,1,468,-1150.539794921875
PPO,Pendulum-v1,1,469,-1406.43798828125
PPO,Pendulum-v1,1,470,-1207.32568359375
PPO,Pendulum-v1,1,471,-1312.669921875
PPO,Pendulum-v1,1,472,-1082.71728515625
PPO,Pendulum-v1,1,473,-1168.2879638671875
PPO,Pendulum-v1,1,474,-1222.567626953125
PPO,Pendulum-v1,1,475,-1270.1181640625
PPO,Pendulum-v1,1,476,-1219.281494140625
PPO,Pendulum-v1,1,477,-1257.15185546875
PPO,Pendulum-v1,1,478,-1160.78564453125
PPO,Pendulum-v1,1,479,-1270.402587890625
PPO,Pendulum-v1,1,480,-1184.56494140625
PPO,Pendulum-v1,1,481,-1270.9136962890625
PPO,Pendulum-v1,1,482,-1213.7781982421875
PPO,Pendulum-v1,1,483,-1305.2816162109375
PPO,Pendulum-v1,1,484,-1101.169677734375
PPO,Pendulum-v1,1,485,-1184.0557861328125
PPO,Pendulum-v1,1,486,-1209.537353515625
PPO,Pendulum-v1,1,487,-1149.859619140625
PPO,Pendulum-v1,1,488,-1196.4581298828125
PPO,Pendulum-v1,1,489,-1171.543701171875
PPO,Pendulum-v1,1,490,-1279.287841796875
PPO,Pendulum-v1,1,491,-1197.3309326171875
PPO,Pendulum-v1,1,492,-1197.5595703125
PPO,Pendulum-v1,1,493,-1269.476806640625
PPO,Pendulum-v1,1,494,-1200.047119140625
PPO,Pendulum-v1,1,495,-1240.1802978515625
PPO,Pendulum-v1,1,496,-1162.464111328125
PPO,Pendulum-v1,1,497,-1251.8358154296875
PPO,Pendulum-v1,1,498,-1178.7384033203125
PPO,Pendulum-v1,1,499,-1126.31591796875
PPO,Pendulum-v1,1,500,-1148.5531005859375
PPO,Pendulum-v1,1,501,-1192.0670166015625
PPO,Pendulum-v1,1,502,-1054.961669921875
PPO,Pendulum-v1,1,503,-1184.3616943359375
PPO,Pendulum-v1,1,504,-1171.43310546875
PPO,Pendulum-v1,1,505,-1148.4776611328125
PPO,Pendulum-v1,1,506,-1059.8209228515625
PPO,Pendulum-v1,1,507,-1180.882080078125
PPO,Pendulum-v1,1,508,-1259.23486328125
PPO,Pendulum-v1,1,509,-1169.3670654296875
PPO,Pendulum-v1,1,510,-1156.2926025390625
PPO,Pendulum-v1,1,511,-1198.4119873046875
PPO,Pendulum-v1,1,512,-1301.7237548828125
PPO,Pendulum-v1,1,513,-1238.1689453125
PPO,Pendulum-v1,1,514,-1180.5838623046875
PPO,Pendulum-v1,1,515,-1162.2886962890625
PPO,Pendulum-v1,1,516,-1257.078125
PPO,Pendulum-v1,1,517,-1147.1856689453125
PPO,Pendulum-v1,1,518,-1167.0086669921875
PPO,Pendulum-v1,1,519,-1411.038330078125
PPO,Pendulum-v1,1,520,-1272.3240966796875
PPO,Pendulum-v1,1,521,-1268.458251953125
PPO,Pendulum-v1,1,522,-1092.5709228515625
PPO,Pendulum-v1,1,523,-1178.29638671875
PPO,Pendulum-v1,1,524,-1205.09619140625
PPO,Pendulum-v1,1,525,-1322.2022705078125
PPO,Pendulum-v1,1,526,-1161.8685302734375
PPO,Pendulum-v1,1,527,-1254.9940185546875
PPO,Pendulum-v1,1,528,-1192.6629638671875
PPO,Pendulum-v1,1,529,-1239.6910400390625
PPO,Pendulum-v1,1,530,-1189.887939453125
PPO,Pendulum-v1,1,531,-1278.69580078125
PPO,Pendulum-v1,1,532,-1204.78662109375
PPO,Pendulum-v1,1,533,-1284.2344970703125
PPO,Pendulum-v1,1,534,-1224.99951171875
PPO,Pendulum-v1,1,535,-1199.5445556640625
PPO,Pendulum-v1,1,536,-1207.638427734375
PPO,Pendulum-v1,1,537,-1169.1468505859375
PPO,Pendulum-v1,1,538,-1100.0211181640625
PPO,Pendulum-v1,1,539,-1148.93701171875
PPO,Pendulum-v1,1,540,-1068.6007080078125
PPO,Pendulum-v1,1,541,-1300.9879150390625
PPO,Pendulum-v1,1,542,-1126.222900390625
PPO,Pendulum-v1,1,543,-1142.806640625
PPO,Pendulum-v1,1,544,-1073.56103515625
PPO,Pendulum-v1,1,545,-1201.2889404296875
PPO,Pendulum-v1,1,546,-1199.752685546875
PPO,Pendulum-v1,1,547,-1243.181884765625
PPO,Pendulum-v1,1,548,-1209.360107421875
PPO,Pendulum-v1,1,549,-1127.694091796875
PPO,Pendulum-v1,1,550,-1198.7318115234375
PPO,Pendulum-v1,1,551,-1078.5677490234375
PPO,Pendulum-v1,1,552,-1137.4169921875
PPO,Pendulum-v1,1,553,-1181.3306884765625
PPO,Pendulum-v1,1,554,-1278.1407470703125
PPO,Pendulum-v1,1,555,-1186.7672119140625
PPO,Pendulum-v1,1,556,-1214.256103515625
PPO,Pendulum-v1,1,557,-1176.141845703125
PPO,Pendulum-v1,1,558,-1342.014892578125
PPO,Pendulum-v1,1,559,-1149.2603759765625
PPO,Pendulum-v1,1,560,-1167.01513671875
PPO,Pendulum-v1,1,561,-1202.674072265625
PPO,Pendulum-v1,1,562,-1273.2337646484375
PPO,Pendulum-v1,1,563,-1291.9393310546875
PPO,Pendulum-v1,1,564,-1206.4161376953125
PPO,Pendulum-v1,1,565,-1156.1102294921875
PPO,Pendulum-v1,1,566,-1201.6448974609375
PPO,Pendulum-v1,1,567,-1254.4093017578125
PPO,Pendulum-v1,1,568,-1169.0235595703125
PPO,Pendulum-v1,1,569,-1318.36328125
PPO,Pendulum-v1,1,570,-1219.6605224609375
PPO,Pendulum-v1,1,571,-1163.8802490234375
PPO,Pendulum-v1,1,572,-1053.7047119140625
PPO,Pendulum-v1,1,573,-1167.7183837890625
PPO,Pendulum-v1,1,574,-1196.1365966796875
PPO,Pendulum-v1,1,575,-1289.79736328125
PPO,Pendulum-v1,1,576,-1176.10205078125
PPO,Pendulum-v1,1,577,-1257.391357421875
PPO,Pendulum-v1,1,578,-1132.75341796875
PPO,Pendulum-v1,1,579,-1237.258544921875
PPO,Pendulum-v1,1,580,-887.492919921875
PPO,Pendulum-v1,1,581,-1196.3076171875
PPO,Pendulum-v1,1,582,-1182.2392578125
PPO,Pendulum-v1,1,583,-1139.596923828125
PPO,Pendulum-v1,1,584,-1055.663330078125
PPO,Pendulum-v1,1,585,-1186.872314453125
PPO,Pendulum-v1,1,586,-1078.650390625
PPO,Pendulum-v1,1,587,-1096.8018798828125
PPO,Pendulum-v1,1,588,-1190.52001953125
PPO,Pendulum-v1,1,589,-1129.132080078125
PPO,Pendulum-v1,1,590,-1120.11181640625
PPO,Pendulum-v1,1,591,-1177.842529296875
PPO,Pendulum-v1,1,592,-1113.1871337890625
PPO,Pendulum-v1,1,593,-1199.540771484375
PPO,Pendulum-v1,1,594,-1045.22900390625
PPO,Pendulum-v1,1,595,-1221.7769775390625
PPO,Pendulum-v1,1,596,-1166.8677978515625
PPO,Pendulum-v1,1,597,-1133.15576171875
PPO,Pendulum-v1,1,598,-1063.8084716796875
PPO,Pendulum-v1,1,599,-1134.4942626953125
PPO,Pendulum-v1,1,600,-1119.6248779296875
PPO,Pendulum-v1,1,601,-1204.6282958984375
PPO,Pendulum-v1,1,602,-1036.696533203125
PPO,Pendulum-v1,1,603,-1155.0604248046875
PPO,Pendulum-v1,1,604,-1089.87939453125
PPO,Pendulum-v1,1,605,-1151.296630859375
PPO,Pendulum-v1,1,606,-1187.1026611328125
PPO,Pendulum-v1,1,607,-1134.9775390625
PPO,Pendulum-v1,1,608,-1184.451171875
PPO,Pendulum-v1,1,609,-1142.04736328125
PPO,Pendulum-v1,1,610,-1105.283203125
PPO,Pendulum-v1,1,611,-1182.7608642578125
PPO,Pendulum-v1,1,612,-1272.528564453125
PPO,Pendulum-v1,1,613,-1202.9189453125
PPO,Pendulum-v1,1,614,-1247.006103515625
PPO,Pendulum-v1,1,615,-1197.1162109375
PPO,Pendulum-v1,1,616,-1143.6038818359375
PPO,Pendulum-v1,1,617,-1215.591552734375
PPO,Pendulum-v1,1,618,-1166.54541015625
PPO,Pendulum-v1,1,619,-1243.8232421875
PPO,Pendulum-v1,1,620,-1125.377197265625
PPO,Pendulum-v1,1,621,-1165.9415283203125
PPO,Pendulum-v1,1,622,-1145.90673828125
PPO,Pendulum-v1,1,623,-1117.1268310546875
PPO,Pendulum-v1,1,624,-1147.2174072265625
PPO,Pendulum-v1,1,625,-1227.251220703125
PPO,Pendulum-v1,1,626,-1054.97705078125
PPO,Pendulum-v1,1,627,-1232.497314453125
PPO,Pendulum-v1,1,628,-1198.140380859375
PPO,Pendulum-v1,1,629,-1219.4404296875
PPO,Pendulum-v1,1,630,-1196.4197998046875
PPO,Pendulum-v1,1,631,-1171.66015625
PPO,Pendulum-v1,1,632,-1179.928955078125
PPO,Pendulum-v1,1,633,-1247.440673828125
PPO,Pendulum-v1,1,634,-1204.7021484375
PPO,Pendulum-v1,1,635,-1134.9613037109375
PPO,Pendulum-v1,1,636,-1208.6732177734375
PPO,Pendulum-v1,1,637,-1198.308349609375
PPO,Pendulum-v1,1,638,-1157.1123046875
PPO,Pendulum-v1,1,639,-1146.705810546875
PPO,Pendulum-v1,1,640,-1176.9041748046875
PPO,Pendulum-v1,1,641,-1140.2325439453125
PPO,Pendulum-v1,1,642,-1182.972412109375
PPO,Pendulum-v1,1,643,-1206.678466796875
PPO,Pendulum-v1,1,644,-1079.16796875
PPO,Pendulum-v1,1,645,-1188.31201171875
PPO,Pendulum-v1,1,646,-1092.949462890625
PPO,Pendulum-v1,1,647,-1127.7833251953125
PPO,Pendulum-v1,1,648,-1149.5556640625
PPO,Pendulum-v1,1,649,-1168.8389892578125
PPO,Pendulum-v1,1,650,-1121.66259765625
PPO,Pendulum-v1,1,651,-1201.99267578125
PPO,Pendulum-v1,1,652,-1166.497314453125
PPO,Pendulum-v1,1,653,-1188.3731689453125
PPO,Pendulum-v1,1,654,-1052.4686279296875
PPO,Pendulum-v1,1,655,-1146.81884765625
PPO,Pendulum-v1,1,656,-1062.5968017578125
PPO,Pendulum-v1,1,657,-1065.09130859375
PPO,Pendulum-v1,1,658,-1223.3077392578125
PPO,Pendulum-v1,1,659,-1151.5313720703125
PPO,Pendulum-v1,1,660,-1058.7540283203125
PPO,Pendulum-v1,1,661,-1152.5196533203125
PPO,Pendulum-v1,1,662,-1302.07861328125
PPO,Pendulum-v1,1,663,-1188.2364501953125
PPO,Pendulum-v1,1,664,-1153.671875
PPO,Pendulum-v1,1,665,-1074.7362060546875
PPO,Pendulum-v1,1,666,-1131.76611328125
PPO,Pendulum-v1,1,667,-1259.703369140625
PPO,Pendulum-v1,1,668,-1036.583984375
PPO,Pendulum-v1,1,669,-1289.5689697265625
PPO,Pendulum-v1,1,670,-1174.4564208984375
PPO,Pendulum-v1,1,671,-1129.11962890625
PPO,Pendulum-v1,1,672,-1142.7003173828125
PPO,Pendulum-v1,1,673,-1036.851318359375
PPO,Pendulum-v1,1,674,-1049.4754638671875
PPO,Pendulum-v1,1,675,-1250.6348876953125
PPO,Pendulum-v1,1,676,-1045.9346923828125
PPO,Pendulum-v1,1,677,-1174.7308349609375
PPO,Pendulum-v1,1,678,-1014.5427856445312
PPO,Pendulum-v1,1,679,-1145.0128173828125
PPO,Pendulum-v1,1,680,-1032.5775146484375
PPO,Pendulum-v1,1,681,-1134.01513671875
PPO,Pendulum-v1,1,682,-1054.9827880859375
PPO,Pendulum-v1,1,683,-1213.7802734375
PPO,Pendulum-v1,1,684,-1071.076171875
PPO,Pendulum-v1,1,685,-1145.56591796875
PPO,Pendulum-v1,1,686,-1160.552978515625
PPO,Pendulum-v1,1,687,-1144.6083984375
PPO,Pendulum-v1,1,688,-1042.2020263671875
PPO,Pendulum-v1,1,689,-1123.856689453125
PPO,Pendulum-v1,1,690,-1065.59521484375
PPO,Pendulum-v1,1,691,-1116.1259765625
PPO,Pendulum-v1,1,692,-1048.1793212890625
PPO,Pendulum-v1,1,693,-1040.033447265625
PPO,Pendulum-v1,1,694,-1060.4437255859375
PPO,Pendulum-v1,1,695,-1102.6063232421875
PPO,Pendulum-v1,1,696,-1012.0712890625
PPO,Pendulum-v1,1,697,-1085.3941650390625
PPO,Pendulum-v1,1,698,-1062.8060302734375
PPO,Pendulum-v1,1,699,-1072.31787109375
PPO,Pendulum-v1,1,700,-1017.4700927734375
PPO,Pendulum-v1,1,701,-912.6073608398438
PPO,Pendulum-v1,1,702,-1119.0096435546875
PPO,Pendulum-v1,1,703,-954.398681640625
PPO,Pendulum-v1,1,704,-1023.1837158203125
PPO,Pendulum-v1,1,705,-1079.7418212890625
PPO,Pendulum-v1,1,706,-1171.799072265625
PPO,Pendulum-v1,1,707,-1040.121826171875
PPO,Pendulum-v1,1,708,-1159.336181640625
PPO,Pendulum-v1,1,709,-1133.9210205078125
PPO,Pendulum-v1,1,710,-913.8880615234375
PPO,Pendulum-v1,1,711,-1043.2554931640625
PPO,Pendulum-v1,1,712,-1219.5172119140625
PPO,Pendulum-v1,1,713,-1262.2335205078125
PPO,Pendulum-v1,1,714,-1128.0836181640625
PPO,Pendulum-v1,1,715,-1082.6693115234375
PPO,Pendulum-v1,1,716,-1105.6885986328125
PPO,Pendulum-v1,1,717,-1145.2952880859375
PPO,Pendulum-v1,1,718,-984.949951171875
PPO,Pendulum-v1,1,719,-1265.67138671875
PPO,Pendulum-v1,1,720,-1040.4932861328125
PPO,Pendulum-v1,1,721,-1008.884765625
PPO,Pendulum-v1,1,722,-904.7886352539062
PPO,Pendulum-v1,1,723,-1026.22412109375
PPO,Pendulum-v1,1,724,-1044.6546630859375
PPO,Pendulum-v1,1,725,-1248.592041015625
PPO,Pendulum-v1,1,726,-1014.66259765625
PPO,Pendulum-v1,1,727,-1125.4315185546875
PPO,Pendulum-v1,1,728,-1043.09228515625
PPO,Pendulum-v1,1,729,-1163.6519775390625
PPO,Pendulum-v1,1,730,-1016.0403442382812
PPO,Pendulum-v1,1,731,-1104.96044921875
PPO,Pendulum-v1,1,732,-903.9913330078125
PPO,Pendulum-v1,1,733,-1163.454833984375
PPO,Pendulum-v1,1,734,-937.1411743164062
PPO,Pendulum-v1,1,735,-1108.9483642578125
PPO,Pendulum-v1,1,736,-1041.2021484375
PPO,Pendulum-v1,1,737,-1070.962646484375
PPO,Pendulum-v1,1,738,-1083.1373291015625
PPO,Pendulum-v1,1,739,-1098.6065673828125
PPO,Pendulum-v1,1,740,-1010.154052734375
PPO,Pendulum-v1,1,741,-1211.9853515625
PPO,Pendulum-v1,1,742,-893.065673828125
PPO,Pendulum-v1,1,743,-876.263916015625
PPO,Pendulum-v1,1,744,-893.0240478515625
PPO,Pendulum-v1,1,745,-1084.4613037109375
PPO,Pendulum-v1,1,746,-1095.2489013671875
PPO,Pendulum-v1,1,747,-1096.932861328125
PPO,Pendulum-v1,1,748,-898.2504272460938
PPO,Pendulum-v1,1,749,-949.037109375
PPO,Pendulum-v1,1,750,-1015.5064086914062
PPO,Pendulum-v1,1,751,-916.5934448242188
PPO,Pendulum-v1,1,752,-976.310791015625
PPO,Pendulum-v1,1,753,-1065.145263671875
PPO,Pendulum-v1,1,754,-984.8665161132812
PPO,Pendulum-v1,1,755,-992.6406860351562
PPO,Pendulum-v1,1,756,-872.14013671875
PPO,Pendulum-v1,1,757,-872.0565795898438
PPO,Pendulum-v1,1,758,-1264.376220703125
PPO,Pendulum-v1,1,759,-1073.1925048828125
PPO,Pendulum-v1,1,760,-882.8388671875
PPO,Pendulum-v1,1,761,-1013.8289184570312
PPO,Pendulum-v1,1,762,-1241.158203125
PPO,Pendulum-v1,1,763,-1176.3248291015625
PPO,Pendulum-v1,1,764,-1114.8629150390625
PPO,Pendulum-v1,1,765,-975.8600463867188
PPO,Pendulum-v1,1,766,-972.8252563476562
PPO,Pendulum-v1,1,767,-1064.4669189453125
PPO,Pendulum-v1,1,768,-1087.33203125
PPO,Pendulum-v1,1,769,-1250.2708740234375
PPO,Pendulum-v1,1,770,-981.4248046875
PPO,Pendulum-v1,1,771,-1142.459716796875
PPO,Pendulum-v1,1,772,-1048.3218994140625
PPO,Pendulum-v1,1,773,-937.3673095703125
PPO,Pendulum-v1,1,774,-788.9578857421875
PPO,Pendulum-v1,1,775,-1296.1478271484375
PPO,Pendulum-v1,1,776,-1008.5404663085938
PPO,Pendulum-v1,1,777,-1077.3150634765625
PPO,Pendulum-v1,1,778,-891.1100463867188
PPO,Pendulum-v1,1,779,-1181.0108642578125
PPO,Pendulum-v1,1,780,-1099.512939453125
PPO,Pendulum-v1,1,781,-1117.2572021484375
PPO,Pendulum-v1,1,782,-1033.771728515625
PPO,Pendulum-v1,1,783,-1126.294677734375
PPO,Pendulum-v1,1,784,-1059.2230224609375
PPO,Pendulum-v1,1,785,-1082.323974609375
PPO,Pendulum-v1,1,786,-1037.831787109375
PPO,Pendulum-v1,1,787,-1017.7365112304688
PPO,Pendulum-v1,1,788,-1001.4500732421875
PPO,Pendulum-v1,1,789,-1110.6497802734375
PPO,Pendulum-v1,1,790,-1045.6710205078125
PPO,Pendulum-v1,1,791,-1273.6326904296875
PPO,Pendulum-v1,1,792,-1050.346923828125
PPO,Pendulum-v1,1,793,-1059.50634765625
PPO,Pendulum-v1,1,794,-1047.0145263671875
PPO,Pendulum-v1,1,795,-1105.30078125
PPO,Pendulum-v1,1,796,-1047.2835693359375
PPO,Pendulum-v1,1,797,-1122.804443359375
PPO,Pendulum-v1,1,798,-1001.8627319335938
PPO,Pendulum-v1,1,799,-1000.2134399414062
PPO,Pendulum-v1,1,800,-1053.949462890625
PPO,Pendulum-v1,1,801,-993.0695190429688
PPO,Pendulum-v1,1,802,-1024.5203857421875
PPO,Pendulum-v1,1,803,-1038.2940673828125
PPO,Pendulum-v1,1,804,-1068.480712890625
PPO,Pendulum-v1,1,805,-1025.5069580078125
PPO,Pendulum-v1,1,806,-1031.625732421875
PPO,Pendulum-v1,1,807,-1158.9764404296875
PPO,Pendulum-v1,1,808,-1226.41796875
PPO,Pendulum-v1,1,809,-1153.592041015625
PPO,Pendulum-v1,1,810,-1031.3336181640625
PPO,Pendulum-v1,1,811,-963.4945678710938
PPO,Pendulum-v1,1,812,-1184.3231201171875
PPO,Pendulum-v1,1,813,-1124.105712890625
PPO,Pendulum-v1,1,814,-1160.400146484375
PPO,Pendulum-v1,1,815,-1031.318359375
PPO,Pendulum-v1,1,816,-1010.3178100585938
PPO,Pendulum-v1,1,817,-1139.786376953125
PPO,Pendulum-v1,1,818,-1131.0106201171875
PPO,Pendulum-v1,1,819,-1145.744384765625
PPO,Pendulum-v1,1,820,-1186.2867431640625
PPO,Pendulum-v1,1,821,-1127.8411865234375
PPO,Pendulum-v1,1,822,-995.8155517578125
PPO,Pendulum-v1,1,823,-1000.9127807617188
PPO,Pendulum-v1,1,824,-933.5418090820312
PPO,Pendulum-v1,1,825,-1298.9342041015625
PPO,Pendulum-v1,1,826,-1025.0904541015625
PPO,Pendulum-v1,1,827,-1113.9300537109375
PPO,Pendulum-v1,1,828,-1011.6091918945312
PPO,Pendulum-v1,1,829,-1125.244873046875
PPO,Pendulum-v1,1,830,-999.1134033203125
PPO,Pendulum-v1,1,831,-1048.4678955078125
PPO,Pendulum-v1,1,832,-888.065673828125
PPO,Pendulum-v1,1,833,-1032.0670166015625
PPO,Pendulum-v1,1,834,-1021.4078979492188
PPO,Pendulum-v1,1,835,-1006.180908203125
PPO,Pendulum-v1,1,836,-1028.752685546875
PPO,Pendulum-v1,1,837,-855.063720703125
PPO,Pendulum-v1,1,838,-982.3610229492188
PPO,Pendulum-v1,1,839,-1107.536376953125
PPO,Pendulum-v1,1,840,-937.6939086914062
PPO,Pendulum-v1,1,841,-1131.0164794921875
PPO,Pendulum-v1,1,842,-895.6865234375
PPO,Pendulum-v1,1,843,-890.1492919921875
PPO,Pendulum-v1,1,844,-908.0595092773438
PPO,Pendulum-v1,1,845,-1102.3536376953125
PPO,Pendulum-v1,1,846,-1121.655517578125
PPO,Pendulum-v1,1,847,-1111.743896484375
PPO,Pendulum-v1,1,848,-897.2874755859375
PPO,Pendulum-v1,1,849,-1067.9603271484375
PPO,Pendulum-v1,1,850,-970.37109375
PPO,Pendulum-v1,1,851,-911.2034912109375
PPO,Pendulum-v1,1,852,-890.7673950195312
PPO,Pendulum-v1,1,853,-1074.09716796875
PPO,Pendulum-v1,1,854,-860.2540283203125
PPO,Pendulum-v1,1,855,-998.6990356445312
PPO,Pendulum-v1,1,856,-901.181640625
PPO,Pendulum-v1,1,857,-904.8980102539062
PPO,Pendulum-v1,1,858,-1216.369140625
PPO,Pendulum-v1,1,859,-1076.6822509765625
PPO,Pendulum-v1,1,860,-963.7646484375
PPO,Pendulum-v1,1,861,-1032.3685302734375
PPO,Pendulum-v1,1,862,-1172.8956298828125
PPO,Pendulum-v1,1,863,-1004.1248779296875
PPO,Pendulum-v1,1,864,-1140.8502197265625
PPO,Pendulum-v1,1,865,-1014.4947509765625
PPO,Pendulum-v1,1,866,-941.6109619140625
PPO,Pendulum-v1,1,867,-1112.4979248046875
PPO,Pendulum-v1,1,868,-1050.4390869140625
PPO,Pendulum-v1,1,869,-1172.3616943359375
PPO,Pendulum-v1,1,870,-987.25048828125
PPO,Pendulum-v1,1,871,-1162.5599365234375
PPO,Pendulum-v1,1,872,-905.9194946289062
PPO,Pendulum-v1,1,873,-1035.5426025390625
PPO,Pendulum-v1,1,874,-1051.0296630859375
PPO,Pendulum-v1,1,875,-1196.584228515625
PPO,Pendulum-v1,1,876,-912.6161499023438
PPO,Pendulum-v1,1,877,-1125.1990966796875
PPO,Pendulum-v1,1,878,-1038.24169921875
PPO,Pendulum-v1,1,879,-1117.8631591796875
PPO,Pendulum-v1,1,880,-1007.2644653320312
PPO,Pendulum-v1,1,881,-1111.3687744140625
PPO,Pendulum-v1,1,882,-891.9024658203125
PPO,Pendulum-v1,1,883,-884.8387451171875
PPO,Pendulum-v1,1,884,-852.5462036132812
PPO,Pendulum-v1,1,885,-1084.0772705078125
PPO,Pendulum-v1,1,886,-978.3162841796875
PPO,Pendulum-v1,1,887,-976.9683837890625
PPO,Pendulum-v1,1,888,-911.169921875
PPO,Pendulum-v1,1,889,-978.9347534179688
PPO,Pendulum-v1,1,890,-1006.5265502929688
PPO,Pendulum-v1,1,891,-906.45947265625
PPO,Pendulum-v1,1,892,-1047.7532958984375
PPO,Pendulum-v1,1,893,-1009.7531127929688
PPO,Pendulum-v1,1,894,-974.490234375
PPO,Pendulum-v1,1,895,-955.41650390625
PPO,Pendulum-v1,1,896,-949.0118408203125
PPO,Pendulum-v1,1,897,-1027.0352783203125
PPO,Pendulum-v1,1,898,-1058.7982177734375
PPO,Pendulum-v1,1,899,-1002.9993896484375
PPO,Pendulum-v1,1,900,-896.4296875
PPO,Pendulum-v1,1,901,-1020.2407836914062
PPO,Pendulum-v1,1,902,-1146.1280517578125
PPO,Pendulum-v1,1,903,-1018.4000854492188
PPO,Pendulum-v1,1,904,-1121.34814453125
PPO,Pendulum-v1,1,905,-998.690673828125
PPO,Pendulum-v1,1,906,-983.4387817382812
PPO,Pendulum-v1,1,907,-1082.7330322265625
PPO,Pendulum-v1,1,908,-973.1517944335938
PPO,Pendulum-v1,1,909,-1216.33203125
PPO,Pendulum-v1,1,910,-999.3837890625
PPO,Pendulum-v1,1,911,-1091.0054931640625
PPO,Pendulum-v1,1,912,-780.403564453125
PPO,Pendulum-v1,1,913,-964.8955078125
PPO,Pendulum-v1,1,914,-888.5719604492188
PPO,Pendulum-v1,1,915,-1276.3427734375
PPO,Pendulum-v1,1,916,-880.418212890625
PPO,Pendulum-v1,1,917,-968.1702880859375
PPO,Pendulum-v1,1,918,-862.4234619140625
PPO,Pendulum-v1,1,919,-1089.517578125
PPO,Pendulum-v1,1,920,-868.8006591796875
PPO,Pendulum-v1,1,921,-1169.0462646484375
PPO,Pendulum-v1,1,922,-861.9216918945312
PPO,Pendulum-v1,1,923,-1051.359619140625
PPO,Pendulum-v1,1,924,-749.5903930664062
PPO,Pendulum-v1,1,925,-970.3230590820312
PPO,Pendulum-v1,1,926,-884.187744140625
PPO,Pendulum-v1,1,927,-922.7333374023438
PPO,Pendulum-v1,1,928,-968.5131225585938
PPO,Pendulum-v1,1,929,-958.6744995117188
PPO,Pendulum-v1,1,930,-751.0191650390625
PPO,Pendulum-v1,1,931,-1087.985107421875
PPO,Pendulum-v1,1,932,-820.9636840820312
PPO,Pendulum-v1,1,933,-872.9852294921875
PPO,Pendulum-v1,1,934,-880.3099365234375
PPO,Pendulum-v1,1,935,-1080.31201171875
PPO,Pendulum-v1,1,936,-1083.6536865234375
PPO,Pendulum-v1,1,937,-1056.18798828125
PPO,Pendulum-v1,1,938,-765.2451171875
PPO,Pendulum-v1,1,939,-982.531494140625
PPO,Pendulum-v1,1,940,-995.0014038085938
PPO,Pendulum-v1,1,941,-777.5347900390625
PPO,Pendulum-v1,1,942,-932.210205078125
PPO,Pendulum-v1,1,943,-874.5813598632812
PPO,Pendulum-v1,1,944,-876.3405151367188
PPO,Pendulum-v1,1,945,-960.3731689453125
PPO,Pendulum-v1,1,946,-894.6397094726562
PPO,Pendulum-v1,1,947,-999.9559326171875
PPO,Pendulum-v1,1,948,-1193.8470458984375
PPO,Pendulum-v1,1,949,-1071.4437255859375
PPO,Pendulum-v1,1,950,-876.8013916015625
PPO,Pendulum-v1,1,951,-956.899658203125
PPO,Pendulum-v1,1,952,-1176.9779052734375
PPO,Pendulum-v1,1,953,-1075.86328125
PPO,Pendulum-v1,1,954,-1107.8658447265625
PPO,Pendulum-v1,1,955,-987.2451782226562
PPO,Pendulum-v1,1,956,-864.6134643554688
PPO,Pendulum-v1,1,957,-1076.275634765625
PPO,Pendulum-v1,1,958,-969.1565551757812
PPO,Pendulum-v1,1,959,-1220.0888671875
PPO,Pendulum-v1,1,960,-960.8037719726562
PPO,Pendulum-v1,1,961,-1130.3978271484375
PPO,Pendulum-v1,1,962,-863.3444213867188
PPO,Pendulum-v1,1,963,-982.921875
PPO,Pendulum-v1,1,964,-770.0442504882812
PPO,Pendulum-v1,1,965,-1206.24365234375
PPO,Pendulum-v1,1,966,-846.1060180664062
PPO,Pendulum-v1,1,967,-1082.954833984375
PPO,Pendulum-v1,1,968,-885.61767578125
PPO,Pendulum-v1,1,969,-1101.0826416015625
PPO,Pendulum-v1,1,970,-870.5020751953125
PPO,Pendulum-v1,1,971,-1053.9974365234375
PPO,Pendulum-v1,1,972,-842.7452392578125
PPO,Pendulum-v1,1,973,-1099.9737548828125
PPO,Pendulum-v1,1,974,-878.43310546875
PPO,Pendulum-v1,1,975,-1061.129150390625
PPO,Pendulum-v1,1,976,-886.421875
PPO,Pendulum-v1,1,977,-983.5198974609375
PPO,Pendulum-v1,1,978,-963.4213256835938
PPO,Pendulum-v1,1,979,-1074.50830078125
PPO,Pendulum-v1,2,0,-1323.651123046875
PPO,Pendulum-v1,2,1,-762.8274536132812
PPO,Pendulum-v1,2,2,-1414.0753173828125
PPO,Pendulum-v1,2,3,-959.286376953125
PPO,Pendulum-v1,2,4,-886.3170166015625
PPO,Pendulum-v1,2,5,-976.9517822265625
PPO,Pendulum-v1,2,6,-771.1149291992188
PPO,Pendulum-v1,2,7,-1753.1279296875
PPO,Pendulum-v1,2,8,-794.0867919921875
PPO,Pendulum-v1,2,9,-969.4714965820312
PPO,Pendulum-v1,2,10,-976.1771240234375
PPO,Pendulum-v1,2,11,-885.9857788085938
PPO,Pendulum-v1,2,12,-1472.522216796875
PPO,Pendulum-v1,2,13,-1130.94091796875
PPO,Pendulum-v1,2,14,-968.8109130859375
PPO,Pendulum-v1,2,15,-924.6571044921875
PPO,Pendulum-v1,2,16,-895.9494018554688
PPO,Pendulum-v1,2,17,-1295.9267578125
PPO,Pendulum-v1,2,18,-1520.966796875
PPO,Pendulum-v1,2,19,-1189.8865966796875
PPO,Pendulum-v1,2,20,-915.724853515625
PPO,Pendulum-v1,2,21,-1525.0137939453125
PPO,Pendulum-v1,2,22,-1036.853515625
PPO,Pendulum-v1,2,23,-1307.1373291015625
PPO,Pendulum-v1,2,24,-895.015380859375
PPO,Pendulum-v1,2,25,-880.78564453125
PPO,Pendulum-v1,2,26,-1016.1558837890625
PPO,Pendulum-v1,2,27,-1230.7572021484375
PPO,Pendulum-v1,2,28,-746.8662719726562
PPO,Pendulum-v1,2,29,-1769.4912109375
PPO,Pendulum-v1,2,30,-885.7300415039062
PPO,Pendulum-v1,2,31,-908.9706420898438
PPO,Pendulum-v1,2,32,-968.7571411132812
PPO,Pendulum-v1,2,33,-888.8110961914062
PPO,Pendulum-v1,2,34,-1355.8624267578125
PPO,Pendulum-v1,2,35,-1017.65625
PPO,Pendulum-v1,2,36,-1573.941162109375
PPO,Pendulum-v1,2,37,-1435.8240966796875
PPO,Pendulum-v1,2,38,-1647.67626953125
PPO,Pendulum-v1,2,39,-1354.0533447265625
PPO,Pendulum-v1,2,40,-1557.5296630859375
PPO,Pendulum-v1,2,41,-1090.54736328125
PPO,Pendulum-v1,2,42,-1058.6190185546875
PPO,Pendulum-v1,2,43,-857.7697143554688
PPO,Pendulum-v1,2,44,-1433.9173583984375
PPO,Pendulum-v1,2,45,-895.283203125
PPO,Pendulum-v1,2,46,-873.3152465820312
PPO,Pendulum-v1,2,47,-1333.9205322265625
PPO,Pendulum-v1,2,48,-1592.5618896484375
PPO,Pendulum-v1,2,49,-1045.0062255859375
PPO,Pendulum-v1,2,50,-972.227294921875
PPO,Pendulum-v1,2,51,-896.305908203125
PPO,Pendulum-v1,2,52,-1522.685302734375
PPO,Pendulum-v1,2,53,-1308.4276123046875
PPO,Pendulum-v1,2,54,-742.7348022460938
PPO,Pendulum-v1,2,55,-1370.4041748046875
PPO,Pendulum-v1,2,56,-1452.8204345703125
PPO,Pendulum-v1,2,57,-1284.356689453125
PPO,Pendulum-v1,2,58,-1594.5709228515625
PPO,Pendulum-v1,2,59,-1269.92236328125
PPO,Pendulum-v1,2,60,-1514.5439453125
PPO,Pendulum-v1,2,61,-961.8602905273438
PPO,Pendulum-v1,2,62,-1274.4053955078125
PPO,Pendulum-v1,2,63,-907.6519165039062
PPO,Pendulum-v1,2,64,-1225.4937744140625
PPO,Pendulum-v1,2,65,-911.1390991210938
PPO,Pendulum-v1,2,66,-1547.784912109375
PPO,Pendulum-v1,2,67,-852.8212890625
PPO,Pendulum-v1,2,68,-960.6455078125
PPO,Pendulum-v1,2,69,-1266.7261962890625
PPO,Pendulum-v1,2,70,-1182.0567626953125
PPO,Pendulum-v1,2,71,-1052.2235107421875
PPO,Pendulum-v1,2,72,-1040.313232421875
PPO,Pendulum-v1,2,73,-1180.246826171875
PPO,Pendulum-v1,2,74,-1622.7119140625
PPO,Pendulum-v1,2,75,-1495.856201171875
PPO,Pendulum-v1,2,76,-981.3865356445312
PPO,Pendulum-v1,2,77,-952.4396362304688
PPO,Pendulum-v1,2,78,-1405.5662841796875
PPO,Pendulum-v1,2,79,-915.5372314453125
PPO,Pendulum-v1,2,80,-1591.12255859375
PPO,Pendulum-v1,2,81,-1644.83837890625
PPO,Pendulum-v1,2,82,-1194.2059326171875
PPO,Pendulum-v1,2,83,-1118.8516845703125
PPO,Pendulum-v1,2,84,-897.9114990234375
PPO,Pendulum-v1,2,85,-1002.9489135742188
PPO,Pendulum-v1,2,86,-1454.8388671875
PPO,Pendulum-v1,2,87,-1023.0677490234375
PPO,Pendulum-v1,2,88,-1500.2105712890625
PPO,Pendulum-v1,2,89,-938.1990966796875
PPO,Pendulum-v1,2,90,-1015.36181640625
PPO,Pendulum-v1,2,91,-1678.0950927734375
PPO,Pendulum-v1,2,92,-1136.0001220703125
PPO,Pendulum-v1,2,93,-898.845458984375
PPO,Pendulum-v1,2,94,-1038.9853515625
PPO,Pendulum-v1,2,95,-1448.6485595703125
PPO,Pendulum-v1,2,96,-1021.433837890625
PPO,Pendulum-v1,2,97,-849.2559204101562
PPO,Pendulum-v1,2,98,-1019.5846557617188
PPO,Pendulum-v1,2,99,-893.998779296875
PPO,Pendulum-v1,2,100,-1087.6575927734375
PPO,Pendulum-v1,2,101,-769.8446655273438
PPO,Pendulum-v1,2,102,-1478.453369140625
PPO,Pendulum-v1,2,103,-1175.5240478515625
PPO,Pendulum-v1,2,104,-868.9818115234375
PPO,Pendulum-v1,2,105,-1539.0172119140625
PPO,Pendulum-v1,2,106,-1500.3426513671875
PPO,Pendulum-v1,2,107,-1194.44091796875
PPO,Pendulum-v1,2,108,-1424.57958984375
PPO,Pendulum-v1,2,109,-1253.5140380859375
PPO,Pendulum-v1,2,110,-1316.2110595703125
PPO,Pendulum-v1,2,111,-1012.9728393554688
PPO,Pendulum-v1,2,112,-1201.22216796875
PPO,Pendulum-v1,2,113,-919.006103515625
PPO,Pendulum-v1,2,114,-991.8092651367188
PPO,Pendulum-v1,2,115,-949.0088500976562
PPO,Pendulum-v1,2,116,-1365.29345703125
PPO,Pendulum-v1,2,117,-960.1674194335938
PPO,Pendulum-v1,2,118,-1029.41064453125
PPO,Pendulum-v1,2,119,-1182.619384765625
PPO,Pendulum-v1,2,120,-1109.20849609375
PPO,Pendulum-v1,2,121,-1081.6427001953125
PPO,Pendulum-v1,2,122,-887.7848510742188
PPO,Pendulum-v1,2,123,-999.1956787109375
PPO,Pendulum-v1,2,124,-1495.2958984375
PPO,Pendulum-v1,2,125,-1428.298828125
PPO,Pendulum-v1,2,126,-916.76123046875
PPO,Pendulum-v1,2,127,-1017.4443359375
PPO,Pendulum-v1,2,128,-1185.239501953125
PPO,Pendulum-v1,2,129,-915.7059936523438
PPO,Pendulum-v1,2,130,-1376.7491455078125
PPO,Pendulum-v1,2,131,-1562.3245849609375
PPO,Pendulum-v1,2,132,-880.0336303710938
PPO,Pendulum-v1,2,133,-1285.9156494140625
PPO,Pendulum-v1,2,134,-985.4247436523438
PPO,Pendulum-v1,2,135,-883.9442749023438
PPO,Pendulum-v1,2,136,-1366.99365234375
PPO,Pendulum-v1,2,137,-1030.0498046875
PPO,Pendulum-v1,2,138,-1538.9066162109375
PPO,Pendulum-v1,2,139,-1118.806640625
PPO,Pendulum-v1,2,140,-1114.2757568359375
PPO,Pendulum-v1,2,141,-1463.8250732421875
PPO,Pendulum-v1,2,142,-1127.8631591796875
PPO,Pendulum-v1,2,143,-1051.1859130859375
PPO,Pendulum-v1,2,144,-1058.3543701171875
PPO,Pendulum-v1,2,145,-1337.6368408203125
PPO,Pendulum-v1,2,146,-1029.278076171875
PPO,Pendulum-v1,2,147,-1148.4903564453125
PPO,Pendulum-v1,2,148,-1018.7548217773438
PPO,Pendulum-v1,2,149,-1085.3150634765625
PPO,Pendulum-v1,2,150,-1088.9034423828125
PPO,Pendulum-v1,2,151,-1052.7474365234375
PPO,Pendulum-v1,2,152,-1255.966796875
PPO,Pendulum-v1,2,153,-1096.0972900390625
PPO,Pendulum-v1,2,154,-1055.630615234375
PPO,Pendulum-v1,2,155,-1184.4996337890625
PPO,Pendulum-v1,2,156,-1267.7425537109375
PPO,Pendulum-v1,2,157,-1204.0594482421875
PPO,Pendulum-v1,2,158,-1290.9923095703125
PPO,Pendulum-v1,2,159,-1088.674072265625
PPO,Pendulum-v1,2,160,-1138.02880859375
PPO,Pendulum-v1,2,161,-1159.8701171875
PPO,Pendulum-v1,2,162,-1218.4366455078125
PPO,Pendulum-v1,2,163,-1080.858642578125
PPO,Pendulum-v1,2,164,-1150.63720703125
PPO,Pendulum-v1,2,165,-1211.9217529296875
PPO,Pendulum-v1,2,166,-1230.2734375
PPO,Pendulum-v1,2,167,-1170.1837158203125
PPO,Pendulum-v1,2,168,-1200.4903564453125
PPO,Pendulum-v1,2,169,-1147.935546875
PPO,Pendulum-v1,2,170,-1240.4591064453125
PPO,Pendulum-v1,2,171,-1200.6588134765625
PPO,Pendulum-v1,2,172,-1141.6756591796875
PPO,Pendulum-v1,2,173,-1142.2154541015625
PPO,Pendulum-v1,2,174,-1298.1929931640625
PPO,Pendulum-v1,2,175,-1235.8203125
PPO,Pendulum-v1,2,176,-1059.179443359375
PPO,Pendulum-v1,2,177,-1181.1463623046875
PPO,Pendulum-v1,2,178,-1128.7547607421875
PPO,Pendulum-v1,2,179,-1145.9969482421875
PPO,Pendulum-v1,2,180,-1244.0045166015625
PPO,Pendulum-v1,2,181,-1312.544189453125
PPO,Pendulum-v1,2,182,-1197.481689453125
PPO,Pendulum-v1,2,183,-1226.95849609375
PPO,Pendulum-v1,2,184,-1078.0574951171875
PPO,Pendulum-v1,2,185,-1139.99267578125
PPO,Pendulum-v1,2,186,-1189.5125732421875
PPO,Pendulum-v1,2,187,-1043.4422607421875
PPO,Pendulum-v1,2,188,-1359.875732421875
PPO,Pendulum-v1,2,189,-1170.5028076171875
PPO,Pendulum-v1,2,190,-1116.1143798828125
PPO,Pendulum-v1,2,191,-1390.2265625
PPO,Pendulum-v1,2,192,-1164.4306640625
PPO,Pendulum-v1,2,193,-1200.0020751953125
PPO,Pendulum-v1,2,194,-1167.799072265625
PPO,Pendulum-v1,2,195,-1182.3443603515625
PPO,Pendulum-v1,2,196,-1226.4345703125
PPO,Pendulum-v1,2,197,-1187.384521484375
PPO,Pendulum-v1,2,198,-1200.9359130859375
PPO,Pendulum-v1,2,199,-1277.9215087890625
PPO,Pendulum-v1,2,200,-1156.86474609375
PPO,Pendulum-v1,2,201,-1081.8450927734375
PPO,Pendulum-v1,2,202,-1264.366455078125
PPO,Pendulum-v1,2,203,-1153.4759521484375
PPO,Pendulum-v1,2,204,-1225.9193115234375
PPO,Pendulum-v1,2,205,-1192.93505859375
PPO,Pendulum-v1,2,206,-1235.135986328125
PPO,Pendulum-v1,2,207,-1155.885986328125
PPO,Pendulum-v1,2,208,-1254.6927490234375
PPO,Pendulum-v1,2,209,-1164.7081298828125
PPO,Pendulum-v1,2,210,-1290.4246826171875
PPO,Pendulum-v1,2,211,-1193.49609375
PPO,Pendulum-v1,2,212,-1131.479248046875
PPO,Pendulum-v1,2,213,-1204.718505859375
PPO,Pendulum-v1,2,214,-1111.6513671875
PPO,Pendulum-v1,2,215,-1039.01611328125
PPO,Pendulum-v1,2,216,-1312.18798828125
PPO,Pendulum-v1,2,217,-1097.6944580078125
PPO,Pendulum-v1,2,218,-1178.9964599609375
PPO,Pendulum-v1,2,219,-1145.7628173828125
PPO,Pendulum-v1,2,220,-1147.0654296875
PPO,Pendulum-v1,2,221,-1160.46142578125
PPO,Pendulum-v1,2,222,-1168.028564453125
PPO,Pendulum-v1,2,223,-1144.706298828125
PPO,Pendulum-v1,2,224,-1309.3201904296875
PPO,Pendulum-v1,2,225,-1236.778564453125
PPO,Pendulum-v1,2,226,-1178.0948486328125
PPO,Pendulum-v1,2,227,-1023.950439453125
PPO,Pendulum-v1,2,228,-1254.672607421875
PPO,Pendulum-v1,2,229,-1072.5821533203125
PPO,Pendulum-v1,2,230,-1137.0645751953125
PPO,Pendulum-v1,2,231,-1129.8909912109375
PPO,Pendulum-v1,2,232,-1135.5911865234375
PPO,Pendulum-v1,2,233,-1238.7174072265625
PPO,Pendulum-v1,2,234,-1244.4075927734375
PPO,Pendulum-v1,2,235,-1202.59521484375
PPO,Pendulum-v1,2,236,-1240.2222900390625
PPO,Pendulum-v1,2,237,-1200.65234375
PPO,Pendulum-v1,2,238,-1299.1033935546875
PPO,Pendulum-v1,2,239,-1303.0662841796875
PPO,Pendulum-v1,2,240,-1272.23583984375
PPO,Pendulum-v1,2,241,-1362.3956298828125
PPO,Pendulum-v1,2,242,-1205.5068359375
PPO,Pendulum-v1,2,243,-1365.329833984375
PPO,Pendulum-v1,2,244,-1184.7708740234375
PPO,Pendulum-v1,2,245,-1307.603271484375
PPO,Pendulum-v1,2,246,-1229.8411865234375
PPO,Pendulum-v1,2,247,-1195.9844970703125
PPO,Pendulum-v1,2,248,-1271.021240234375
PPO,Pendulum-v1,2,249,-1211.70166015625
PPO,Pendulum-v1,2,250,-1349.9703369140625
PPO,Pendulum-v1,2,251,-1192.657470703125
PPO,Pendulum-v1,2,252,-1174.4947509765625
PPO,Pendulum-v1,2,253,-1209.239501953125
PPO,Pendulum-v1,2,254,-1187.0399169921875
PPO,Pendulum-v1,2,255,-1118.8743896484375
PPO,Pendulum-v1,2,256,-1247.1451416015625
PPO,Pendulum-v1,2,257,-1324.647216796875
PPO,Pendulum-v1,2,258,-1284.59033203125
PPO,Pendulum-v1,2,259,-1330.52587890625
PPO,Pendulum-v1,2,260,-1324.8419189453125
PPO,Pendulum-v1,2,261,-1324.735595703125
PPO,Pendulum-v1,2,262,-1209.427001953125
PPO,Pendulum-v1,2,263,-1368.3543701171875
PPO,Pendulum-v1,2,264,-1278.5914306640625
PPO,Pendulum-v1,2,265,-1198.3619384765625
PPO,Pendulum-v1,2,266,-1138.7958984375
PPO,Pendulum-v1,2,267,-1272.741455078125
PPO,Pendulum-v1,2,268,-1350.2464599609375
PPO,Pendulum-v1,2,269,-1283.192626953125
PPO,Pendulum-v1,2,270,-1294.8289794921875
PPO,Pendulum-v1,2,271,-1079.06787109375
PPO,Pendulum-v1,2,272,-1075.60595703125
PPO,Pendulum-v1,2,273,-1087.4847412109375
PPO,Pendulum-v1,2,274,-1327.0926513671875
PPO,Pendulum-v1,2,275,-1370.91455078125
PPO,Pendulum-v1,2,276,-1185.0401611328125
PPO,Pendulum-v1,2,277,-1235.490478515625
PPO,Pendulum-v1,2,278,-1323.622802734375
PPO,Pendulum-v1,2,279,-1242.580078125
PPO,Pendulum-v1,2,280,-1382.6343994140625
PPO,Pendulum-v1,2,281,-1345.43798828125
PPO,Pendulum-v1,2,282,-1165.6834716796875
PPO,Pendulum-v1,2,283,-1308.5372314453125
PPO,Pendulum-v1,2,284,-1360.385009765625
PPO,Pendulum-v1,2,285,-1281.267578125
PPO,Pendulum-v1,2,286,-1166.126708984375
PPO,Pendulum-v1,2,287,-1301.047607421875
PPO,Pendulum-v1,2,288,-1337.838134765625
PPO,Pendulum-v1,2,289,-1348.28369140625
PPO,Pendulum-v1,2,290,-1169.1761474609375
PPO,Pendulum-v1,2,291,-1328.0255126953125
PPO,Pendulum-v1,2,292,-1011.8120727539062
PPO,Pendulum-v1,2,293,-1359.8797607421875
PPO,Pendulum-v1,2,294,-1163.6337890625
PPO,Pendulum-v1,2,295,-1087.4310302734375
PPO,Pendulum-v1,2,296,-1362.018310546875
PPO,Pendulum-v1,2,297,-1368.112548828125
PPO,Pendulum-v1,2,298,-1375.67041015625
PPO,Pendulum-v1,2,299,-1054.939697265625
PPO,Pendulum-v1,2,300,-1348.6009521484375
PPO,Pendulum-v1,2,301,-1060.3570556640625
PPO,Pendulum-v1,2,302,-1341.8685302734375
PPO,Pendulum-v1,2,303,-1331.1519775390625
PPO,Pendulum-v1,2,304,-1293.9356689453125
PPO,Pendulum-v1,2,305,-1309.140380859375
PPO,Pendulum-v1,2,306,-1158.4454345703125
PPO,Pendulum-v1,2,307,-1325.496826171875
PPO,Pendulum-v1,2,308,-1399.2144775390625
PPO,Pendulum-v1,2,309,-1320.370361328125
PPO,Pendulum-v1,2,310,-1335.2684326171875
PPO,Pendulum-v1,2,311,-1343.8402099609375
PPO,Pendulum-v1,2,312,-1316.2169189453125
PPO,Pendulum-v1,2,313,-1371.76904296875
PPO,Pendulum-v1,2,314,-1355.94970703125
PPO,Pendulum-v1,2,315,-1314.1622314453125
PPO,Pendulum-v1,2,316,-1200.173095703125
PPO,Pendulum-v1,2,317,-1351.05078125
PPO,Pendulum-v1,2,318,-1345.4432373046875
PPO,Pendulum-v1,2,319,-1282.47998046875
PPO,Pendulum-v1,2,320,-1334.5789794921875
PPO,Pendulum-v1,2,321,-1211.3809814453125
PPO,Pendulum-v1,2,322,-1354.578369140625
PPO,Pendulum-v1,2,323,-1103.860107421875
PPO,Pendulum-v1,2,324,-1323.4324951171875
PPO,Pendulum-v1,2,325,-1398.01611328125
PPO,Pendulum-v1,2,326,-1055.89111328125
PPO,Pendulum-v1,2,327,-1386.1602783203125
PPO,Pendulum-v1,2,328,-1374.776611328125
PPO,Pendulum-v1,2,329,-1302.572265625
PPO,Pendulum-v1,2,330,-1354.7730712890625
PPO,Pendulum-v1,2,331,-1284.3533935546875
PPO,Pendulum-v1,2,332,-1272.339111328125
PPO,Pendulum-v1,2,333,-1428.568359375
PPO,Pendulum-v1,2,334,-1417.20751953125
PPO,Pendulum-v1,2,335,-1415.56591796875
PPO,Pendulum-v1,2,336,-1373.92333984375
PPO,Pendulum-v1,2,337,-1443.342529296875
PPO,Pendulum-v1,2,338,-1218.4454345703125
PPO,Pendulum-v1,2,339,-1356.3125
PPO,Pendulum-v1,2,340,-1343.2813720703125
PPO,Pendulum-v1,2,341,-1434.4071044921875
PPO,Pendulum-v1,2,342,-1341.1573486328125
PPO,Pendulum-v1,2,343,-1385.139892578125
PPO,Pendulum-v1,2,344,-1056.0255126953125
PPO,Pendulum-v1,2,345,-1298.623779296875
PPO,Pendulum-v1,2,346,-1380.94921875
PPO,Pendulum-v1,2,347,-1318.4937744140625
PPO,Pendulum-v1,2,348,-1368.41748046875
PPO,Pendulum-v1,2,349,-1148.989501953125
PPO,Pendulum-v1,2,350,-1373.7779541015625
PPO,Pendulum-v1,2,351,-1059.6502685546875
PPO,Pendulum-v1,2,352,-1337.0286865234375
PPO,Pendulum-v1,2,353,-1121.4420166015625
PPO,Pendulum-v1,2,354,-1328.1783447265625
PPO,Pendulum-v1,2,355,-1316.7989501953125
PPO,Pendulum-v1,2,356,-1147.9849853515625
PPO,Pendulum-v1,2,357,-1113.57763671875
PPO,Pendulum-v1,2,358,-1398.6466064453125
PPO,Pendulum-v1,2,359,-1344.39697265625
PPO,Pendulum-v1,2,360,-1424.482421875
PPO,Pendulum-v1,2,361,-1186.4990234375
PPO,Pendulum-v1,2,362,-1380.9722900390625
PPO,Pendulum-v1,2,363,-1395.120849609375
PPO,Pendulum-v1,2,364,-1363.466796875
PPO,Pendulum-v1,2,365,-1168.069580078125
PPO,Pendulum-v1,2,366,-1414.281494140625
PPO,Pendulum-v1,2,367,-1356.15380859375
PPO,Pendulum-v1,2,368,-1315.6253662109375
PPO,Pendulum-v1,2,369,-1401.1990966796875
PPO,Pendulum-v1,2,370,-1188.5184326171875
PPO,Pendulum-v1,2,371,-1154.49365234375
PPO,Pendulum-v1,2,372,-1362.775146484375
PPO,Pendulum-v1,2,373,-1378.0462646484375
PPO,Pendulum-v1,2,374,-1460.776123046875
PPO,Pendulum-v1,2,375,-1263.30029296875
PPO,Pendulum-v1,2,376,-1206.8389892578125
PPO,Pendulum-v1,2,377,-1416.3975830078125
PPO,Pendulum-v1,2,378,-1393.572509765625
PPO,Pendulum-v1,2,379,-1402.9547119140625
PPO,Pendulum-v1,2,380,-1466.396484375
PPO,Pendulum-v1,2,381,-1294.7191162109375
PPO,Pendulum-v1,2,382,-1164.6007080078125
PPO,Pendulum-v1,2,383,-1145.5465087890625
PPO,Pendulum-v1,2,384,-1438.6846923828125
PPO,Pendulum-v1,2,385,-1370.2613525390625
PPO,Pendulum-v1,2,386,-1409.855224609375
PPO,Pendulum-v1,2,387,-1493.11279296875
PPO,Pendulum-v1,2,388,-1194.4979248046875
PPO,Pendulum-v1,2,389,-1172.1650390625
PPO,Pendulum-v1,2,390,-1387.7403564453125
PPO,Pendulum-v1,2,391,-1432.1090087890625
PPO,Pendulum-v1,2,392,-1485.7904052734375
PPO,Pendulum-v1,2,393,-1449.17626953125
PPO,Pendulum-v1,2,394,-1261.4005126953125
PPO,Pendulum-v1,2,395,-1361.5933837890625
PPO,Pendulum-v1,2,396,-1537.5777587890625
PPO,Pendulum-v1,2,397,-1241.5059814453125
PPO,Pendulum-v1,2,398,-1465.4114990234375
PPO,Pendulum-v1,2,399,-1201.5372314453125
PPO,Pendulum-v1,2,400,-1520.772705078125
PPO,Pendulum-v1,2,401,-1199.903076171875
PPO,Pendulum-v1,2,402,-1430.3740234375
PPO,Pendulum-v1,2,403,-1372.1666259765625
PPO,Pendulum-v1,2,404,-1202.044189453125
PPO,Pendulum-v1,2,405,-1461.8126220703125
PPO,Pendulum-v1,2,406,-1455.12841796875
PPO,Pendulum-v1,2,407,-1369.3912353515625
PPO,Pendulum-v1,2,408,-1456.419921875
PPO,Pendulum-v1,2,409,-1469.5010986328125
PPO,Pendulum-v1,2,410,-1479.1202392578125
PPO,Pendulum-v1,2,411,-1202.685791015625
PPO,Pendulum-v1,2,412,-1451.808837890625
PPO,Pendulum-v1,2,413,-1501.45947265625
PPO,Pendulum-v1,2,414,-1396.7933349609375
PPO,Pendulum-v1,2,415,-1297.5543212890625
PPO,Pendulum-v1,2,416,-1459.9263916015625
PPO,Pendulum-v1,2,417,-1253.2440185546875
PPO,Pendulum-v1,2,418,-1425.7708740234375
PPO,Pendulum-v1,2,419,-1313.0020751953125
PPO,Pendulum-v1,2,420,-1181.0035400390625
PPO,Pendulum-v1,2,421,-1190.116455078125
PPO,Pendulum-v1,2,422,-1188.6177978515625
PPO,Pendulum-v1,2,423,-1416.314453125
PPO,Pendulum-v1,2,424,-1453.15234375
PPO,Pendulum-v1,2,425,-1444.9322509765625
PPO,Pendulum-v1,2,426,-1206.6536865234375
PPO,Pendulum-v1,2,427,-1488.32080078125
PPO,Pendulum-v1,2,428,-1430.4730224609375
PPO,Pendulum-v1,2,429,-1398.4869384765625
PPO,Pendulum-v1,2,430,-1407.5067138671875
PPO,Pendulum-v1,2,431,-1355.2451171875
PPO,Pendulum-v1,2,432,-1112.3770751953125
PPO,Pendulum-v1,2,433,-1327.2503662109375
PPO,Pendulum-v1,2,434,-1428.2574462890625
PPO,Pendulum-v1,2,435,-1346.5831298828125
PPO,Pendulum-v1,2,436,-1365.4053955078125
PPO,Pendulum-v1,2,437,-1392.1121826171875
PPO,Pendulum-v1,2,438,-1198.2152099609375
PPO,Pendulum-v1,2,439,-1368.6129150390625
PPO,Pendulum-v1,2,440,-1415.048828125
PPO,Pendulum-v1,2,441,-1181.853515625
PPO,Pendulum-v1,2,442,-1456.01220703125
PPO,Pendulum-v1,2,443,-1384.347412109375
PPO,Pendulum-v1,2,444,-1175.0242919921875
PPO,Pendulum-v1,2,445,-1435.0733642578125
PPO,Pendulum-v1,2,446,-1445.6259765625
PPO,Pendulum-v1,2,447,-1168.97314453125
PPO,Pendulum-v1,2,448,-1423.616943359375
PPO,Pendulum-v1,2,449,-1441.3470458984375
PPO,Pendulum-v1,2,450,-1172.5009765625
PPO,Pendulum-v1,2,451,-1374.4752197265625
PPO,Pendulum-v1,2,452,-1374.6826171875
PPO,Pendulum-v1,2,453,-1435.98974609375
PPO,Pendulum-v1,2,454,-1446.5596923828125
PPO,Pendulum-v1,2,455,-1096.1644287109375
PPO,Pendulum-v1,2,456,-1326.14697265625
PPO,Pendulum-v1,2,457,-1172.2684326171875
PPO,Pendulum-v1,2,458,-1372.0240478515625
PPO,Pendulum-v1,2,459,-1374.517822265625
PPO,Pendulum-v1,2,460,-1170.37353515625
PPO,Pendulum-v1,2,461,-1055.6583251953125
PPO,Pendulum-v1,2,462,-1167.043701171875
PPO,Pendulum-v1,2,463,-1355.6336669921875
PPO,Pendulum-v1,2,464,-1449.332275390625
PPO,Pendulum-v1,2,465,-1426.033935546875
PPO,Pendulum-v1,2,466,-1139.1534423828125
PPO,Pendulum-v1,2,467,-1405.63232421875
PPO,Pendulum-v1,2,468,-1441.945556640625
PPO,Pendulum-v1,2,469,-1366.9388427734375
PPO,Pendulum-v1,2,470,-1362.4259033203125
PPO,Pendulum-v1,2,471,-1172.1917724609375
PPO,Pendulum-v1,2,472,-1049.4837646484375
PPO,Pendulum-v1,2,473,-1116.383544921875
PPO,Pendulum-v1,2,474,-1385.0059814453125
PPO,Pendulum-v1,2,475,-1047.790283203125
PPO,Pendulum-v1,2,476,-1339.0421142578125
PPO,Pendulum-v1,2,477,-1389.11572265625
PPO,Pendulum-v1,2,478,-1332.809326171875
PPO,Pendulum-v1,2,479,-1356.8203125
PPO,Pendulum-v1,2,480,-1267.809814453125
PPO,Pendulum-v1,2,481,-1446.0443115234375
PPO,Pendulum-v1,2,482,-1341.9158935546875
PPO,Pendulum-v1,2,483,-1384.9232177734375
PPO,Pendulum-v1,2,484,-1090.3192138671875
PPO,Pendulum-v1,2,485,-1366.4908447265625
PPO,Pendulum-v1,2,486,-1418.60302734375
PPO,Pendulum-v1,2,487,-1219.3253173828125
PPO,Pendulum-v1,2,488,-1390.388427734375
PPO,Pendulum-v1,2,489,-1167.7998046875
PPO,Pendulum-v1,2,490,-1406.89453125
PPO,Pendulum-v1,2,491,-1061.1993408203125
PPO,Pendulum-v1,2,492,-1334.4794921875
PPO,Pendulum-v1,2,493,-1023.951171875
PPO,Pendulum-v1,2,494,-1364.151611328125
PPO,Pendulum-v1,2,495,-1147.4625244140625
PPO,Pendulum-v1,2,496,-1155.8287353515625
PPO,Pendulum-v1,2,497,-1153.4134521484375
PPO,Pendulum-v1,2,498,-1281.122802734375
PPO,Pendulum-v1,2,499,-1397.06494140625
PPO,Pendulum-v1,2,500,-1376.69189453125
PPO,Pendulum-v1,2,501,-1353.0465087890625
PPO,Pendulum-v1,2,502,-1305.88916015625
PPO,Pendulum-v1,2,503,-1373.1666259765625
PPO,Pendulum-v1,2,504,-1357.7265625
PPO,Pendulum-v1,2,505,-1055.1546630859375
PPO,Pendulum-v1,2,506,-1317.10400390625
PPO,Pendulum-v1,2,507,-1235.1534423828125
PPO,Pendulum-v1,2,508,-1352.736083984375
PPO,Pendulum-v1,2,509,-1136.9229736328125
PPO,Pendulum-v1,2,510,-1120.014892578125
PPO,Pendulum-v1,2,511,-999.7745971679688
PPO,Pendulum-v1,2,512,-1047.8602294921875
PPO,Pendulum-v1,2,513,-1318.0743408203125
PPO,Pendulum-v1,2,514,-1413.49951171875
PPO,Pendulum-v1,2,515,-1421.8662109375
PPO,Pendulum-v1,2,516,-1081.191162109375
PPO,Pendulum-v1,2,517,-1366.2288818359375
PPO,Pendulum-v1,2,518,-1295.5234375
PPO,Pendulum-v1,2,519,-1339.5791015625
PPO,Pendulum-v1,2,520,-1392.38671875
PPO,Pendulum-v1,2,521,-1332.6668701171875
PPO,Pendulum-v1,2,522,-1074.756103515625
PPO,Pendulum-v1,2,523,-1048.9959716796875
PPO,Pendulum-v1,2,524,-1385.04443359375
PPO,Pendulum-v1,2,525,-1338.8111572265625
PPO,Pendulum-v1,2,526,-1367.7637939453125
PPO,Pendulum-v1,2,527,-1391.4884033203125
PPO,Pendulum-v1,2,528,-1159.1973876953125
PPO,Pendulum-v1,2,529,-1373.99560546875
PPO,Pendulum-v1,2,530,-1326.59619140625
PPO,Pendulum-v1,2,531,-1404.512451171875
PPO,Pendulum-v1,2,532,-1367.0548095703125
PPO,Pendulum-v1,2,533,-1388.242919921875
PPO,Pendulum-v1,2,534,-1051.780517578125
PPO,Pendulum-v1,2,535,-1372.55712890625
PPO,Pendulum-v1,2,536,-1392.961669921875
PPO,Pendulum-v1,2,537,-1359.85546875
PPO,Pendulum-v1,2,538,-1381.68115234375
PPO,Pendulum-v1,2,539,-1067.9720458984375
PPO,Pendulum-v1,2,540,-1413.8101806640625
PPO,Pendulum-v1,2,541,-1042.4208984375
PPO,Pendulum-v1,2,542,-1355.3043212890625
PPO,Pendulum-v1,2,543,-1337.7884521484375
PPO,Pendulum-v1,2,544,-1045.8800048828125
PPO,Pendulum-v1,2,545,-1348.54052734375
PPO,Pendulum-v1,2,546,-1051.2320556640625
PPO,Pendulum-v1,2,547,-1044.4066162109375
PPO,Pendulum-v1,2,548,-1345.5909423828125
PPO,Pendulum-v1,2,549,-1381.4820556640625
PPO,Pendulum-v1,2,550,-1395.78125
PPO,Pendulum-v1,2,551,-1376.8353271484375
PPO,Pendulum-v1,2,552,-1326.2860107421875
PPO,Pendulum-v1,2,553,-1407.6243896484375
PPO,Pendulum-v1,2,554,-1359.732666015625
PPO,Pendulum-v1,2,555,-1033.603759765625
PPO,Pendulum-v1,2,556,-1393.8857421875
PPO,Pendulum-v1,2,557,-1082.7586669921875
PPO,Pendulum-v1,2,558,-1376.5673828125
PPO,Pendulum-v1,2,559,-1354.2445068359375
PPO,Pendulum-v1,2,560,-1330.2606201171875
PPO,Pendulum-v1,2,561,-1074.291259765625
PPO,Pendulum-v1,2,562,-1357.52294921875
PPO,Pendulum-v1,2,563,-1349.57421875
PPO,Pendulum-v1,2,564,-1368.2979736328125
PPO,Pendulum-v1,2,565,-1384.9241943359375
PPO,Pendulum-v1,2,566,-1066.7266845703125
PPO,Pendulum-v1,2,567,-1385.1033935546875
PPO,Pendulum-v1,2,568,-1422.986328125
PPO,Pendulum-v1,2,569,-1330.98876953125
PPO,Pendulum-v1,2,570,-1404.2379150390625
PPO,Pendulum-v1,2,571,-1093.9945068359375
PPO,Pendulum-v1,2,572,-1087.0777587890625
PPO,Pendulum-v1,2,573,-1308.4986572265625
PPO,Pendulum-v1,2,574,-1381.5982666015625
PPO,Pendulum-v1,2,575,-1376.8984375
PPO,Pendulum-v1,2,576,-1376.5869140625
PPO,Pendulum-v1,2,577,-1402.491455078125
PPO,Pendulum-v1,2,578,-1044.1759033203125
PPO,Pendulum-v1,2,579,-1355.5771484375
PPO,Pendulum-v1,2,580,-1331.49853515625
PPO,Pendulum-v1,2,581,-1288.4132080078125
PPO,Pendulum-v1,2,582,-1242.09130859375
PPO,Pendulum-v1,2,583,-1394.95703125
PPO,Pendulum-v1,2,584,-1191.1678466796875
PPO,Pendulum-v1,2,585,-1375.8251953125
PPO,Pendulum-v1,2,586,-1381.106689453125
PPO,Pendulum-v1,2,587,-894.3005981445312
PPO,Pendulum-v1,2,588,-1384.2989501953125
PPO,Pendulum-v1,2,589,-1121.7169189453125
PPO,Pendulum-v1,2,590,-1385.2135009765625
PPO,Pendulum-v1,2,591,-1039.1688232421875
PPO,Pendulum-v1,2,592,-1373.26904296875
PPO,Pendulum-v1,2,593,-1014.2216796875
PPO,Pendulum-v1,2,594,-1041.5977783203125
PPO,Pendulum-v1,2,595,-1355.8009033203125
PPO,Pendulum-v1,2,596,-1331.717529296875
PPO,Pendulum-v1,2,597,-1038.0079345703125
PPO,Pendulum-v1,2,598,-1394.830078125
PPO,Pendulum-v1,2,599,-1395.28173828125
PPO,Pendulum-v1,2,600,-1222.9466552734375
PPO,Pendulum-v1,2,601,-1367.6907958984375
PPO,Pendulum-v1,2,602,-1359.9383544921875
PPO,Pendulum-v1,2,603,-1408.671875
PPO,Pendulum-v1,2,604,-1347.4566650390625
PPO,Pendulum-v1,2,605,-1225.1424560546875
PPO,Pendulum-v1,2,606,-1306.4169921875
PPO,Pendulum-v1,2,607,-1362.6361083984375
PPO,Pendulum-v1,2,608,-1397.451171875
PPO,Pendulum-v1,2,609,-1325.5084228515625
PPO,Pendulum-v1,2,610,-1325.515869140625
PPO,Pendulum-v1,2,611,-1196.863037109375
PPO,Pendulum-v1,2,612,-1352.467041015625
PPO,Pendulum-v1,2,613,-1323.8111572265625
PPO,Pendulum-v1,2,614,-1424.16357421875
PPO,Pendulum-v1,2,615,-1409.9276123046875
PPO,Pendulum-v1,2,616,-1091.963134765625
PPO,Pendulum-v1,2,617,-1369.4698486328125
PPO,Pendulum-v1,2,618,-1332.3289794921875
PPO,Pendulum-v1,2,619,-1373.943115234375
PPO,Pendulum-v1,2,620,-1391.0618896484375
PPO,Pendulum-v1,2,621,-1119.0323486328125
PPO,Pendulum-v1,2,622,-907.8845825195312
PPO,Pendulum-v1,2,623,-1327.02685546875
PPO,Pendulum-v1,2,624,-1422.4010009765625
PPO,Pendulum-v1,2,625,-1357.918701171875
PPO,Pendulum-v1,2,626,-1375.0826416015625
PPO,Pendulum-v1,2,627,-1349.8477783203125
PPO,Pendulum-v1,2,628,-1335.1209716796875
PPO,Pendulum-v1,2,629,-1361.587646484375
PPO,Pendulum-v1,2,630,-1254.3819580078125
PPO,Pendulum-v1,2,631,-1370.7564697265625
PPO,Pendulum-v1,2,632,-1350.957275390625
PPO,Pendulum-v1,2,633,-1413.367919921875
PPO,Pendulum-v1,2,634,-1056.8514404296875
PPO,Pendulum-v1,2,635,-1308.514892578125
PPO,Pendulum-v1,2,636,-1447.5579833984375
PPO,Pendulum-v1,2,637,-1379.8233642578125
PPO,Pendulum-v1,2,638,-1422.6378173828125
PPO,Pendulum-v1,2,639,-1136.628173828125
PPO,Pendulum-v1,2,640,-1365.9013671875
PPO,Pendulum-v1,2,641,-989.0526733398438
PPO,Pendulum-v1,2,642,-1341.5037841796875
PPO,Pendulum-v1,2,643,-1330.030029296875
PPO,Pendulum-v1,2,644,-999.9652099609375
PPO,Pendulum-v1,2,645,-1295.9859619140625
PPO,Pendulum-v1,2,646,-1332.2259521484375
PPO,Pendulum-v1,2,647,-1325.136474609375
PPO,Pendulum-v1,2,648,-1424.0548095703125
PPO,Pendulum-v1,2,649,-1370.4461669921875
PPO,Pendulum-v1,2,650,-1349.7593994140625
PPO,Pendulum-v1,2,651,-1374.959228515625
PPO,Pendulum-v1,2,652,-1381.7081298828125
PPO,Pendulum-v1,2,653,-1400.9503173828125
PPO,Pendulum-v1,2,654,-1367.9876708984375
PPO,Pendulum-v1,2,655,-1335.1151123046875
PPO,Pendulum-v1,2,656,-1348.5667724609375
PPO,Pendulum-v1,2,657,-1360.8724365234375
PPO,Pendulum-v1,2,658,-1368.2017822265625
PPO,Pendulum-v1,2,659,-1343.8818359375
PPO,Pendulum-v1,2,660,-1326.7430419921875
PPO,Pendulum-v1,2,661,-1070.763671875
PPO,Pendulum-v1,2,662,-1373.4591064453125
PPO,Pendulum-v1,2,663,-1345.656982421875
PPO,Pendulum-v1,2,664,-1381.9769287109375
PPO,Pendulum-v1,2,665,-1409.4306640625
PPO,Pendulum-v1,2,666,-1059.4310302734375
PPO,Pendulum-v1,2,667,-1371.614013671875
PPO,Pendulum-v1,2,668,-1346.0625
PPO,Pendulum-v1,2,669,-1397.8309326171875
PPO,Pendulum-v1,2,670,-1367.0338134765625
PPO,Pendulum-v1,2,671,-1335.93896484375
PPO,Pendulum-v1,2,672,-1042.159912109375
PPO,Pendulum-v1,2,673,-1354.1385498046875
PPO,Pendulum-v1,2,674,-1370.5548095703125
PPO,Pendulum-v1,2,675,-1356.6700439453125
PPO,Pendulum-v1,2,676,-1359.1761474609375
PPO,Pendulum-v1,2,677,-1415.9796142578125
PPO,Pendulum-v1,2,678,-1338.7513427734375
PPO,Pendulum-v1,2,679,-1358.712646484375
PPO,Pendulum-v1,2,680,-1324.9901123046875
PPO,Pendulum-v1,2,681,-1429.1298828125
PPO,Pendulum-v1,2,682,-1363.3958740234375
PPO,Pendulum-v1,2,683,-1391.7930908203125
PPO,Pendulum-v1,2,684,-1209.7294921875
PPO,Pendulum-v1,2,685,-1237.0869140625
PPO,Pendulum-v1,2,686,-1395.8292236328125
PPO,Pendulum-v1,2,687,-1341.81396484375
PPO,Pendulum-v1,2,688,-1385.3912353515625
PPO,Pendulum-v1,2,689,-891.299560546875
PPO,Pendulum-v1,2,690,-1369.3568115234375
PPO,Pendulum-v1,2,691,-985.9381103515625
PPO,Pendulum-v1,2,692,-1348.251220703125
PPO,Pendulum-v1,2,693,-1306.9439697265625
PPO,Pendulum-v1,2,694,-1299.0380859375
PPO,Pendulum-v1,2,695,-1103.674072265625
PPO,Pendulum-v1,2,696,-1293.58056640625
PPO,Pendulum-v1,2,697,-1243.9342041015625
PPO,Pendulum-v1,2,698,-1115.1683349609375
PPO,Pendulum-v1,2,699,-1347.2591552734375
PPO,Pendulum-v1,2,700,-1318.02294921875
PPO,Pendulum-v1,2,701,-1347.2520751953125
PPO,Pendulum-v1,2,702,-1252.28515625
PPO,Pendulum-v1,2,703,-1364.1099853515625
PPO,Pendulum-v1,2,704,-1321.9808349609375
PPO,Pendulum-v1,2,705,-960.9857788085938
PPO,Pendulum-v1,2,706,-1279.8499755859375
PPO,Pendulum-v1,2,707,-1360.43603515625
PPO,Pendulum-v1,2,708,-1347.503662109375
PPO,Pendulum-v1,2,709,-1331.457763671875
PPO,Pendulum-v1,2,710,-1308.009765625
PPO,Pendulum-v1,2,711,-1208.016845703125
PPO,Pendulum-v1,2,712,-1345.843017578125
PPO,Pendulum-v1,2,713,-1319.78173828125
PPO,Pendulum-v1,2,714,-1366.2904052734375
PPO,Pendulum-v1,2,715,-1277.743408203125
PPO,Pendulum-v1,2,716,-908.3885498046875
PPO,Pendulum-v1,2,717,-1367.5648193359375
PPO,Pendulum-v1,2,718,-1316.68310546875
PPO,Pendulum-v1,2,719,-1329.97412109375
PPO,Pendulum-v1,2,720,-1330.8289794921875
PPO,Pendulum-v1,2,721,-1318.400390625
PPO,Pendulum-v1,2,722,-769.8814697265625
PPO,Pendulum-v1,2,723,-1165.20751953125
PPO,Pendulum-v1,2,724,-1375.3743896484375
PPO,Pendulum-v1,2,725,-1347.2021484375
PPO,Pendulum-v1,2,726,-1334.0491943359375
PPO,Pendulum-v1,2,727,-1352.8408203125
PPO,Pendulum-v1,2,728,-1356.466796875
PPO,Pendulum-v1,2,729,-1350.6571044921875
PPO,Pendulum-v1,2,730,-1320.0904541015625
PPO,Pendulum-v1,2,731,-1386.4322509765625
PPO,Pendulum-v1,2,732,-1257.2076416015625
PPO,Pendulum-v1,2,733,-1377.3170166015625
PPO,Pendulum-v1,2,734,-1016.0835571289062
PPO,Pendulum-v1,2,735,-1316.0684814453125
PPO,Pendulum-v1,2,736,-1311.83984375
PPO,Pendulum-v1,2,737,-1322.2835693359375
PPO,Pendulum-v1,2,738,-1383.5439453125
PPO,Pendulum-v1,2,739,-1266.3646240234375
PPO,Pendulum-v1,2,740,-1367.7447509765625
PPO,Pendulum-v1,2,741,-1091.3369140625
PPO,Pendulum-v1,2,742,-1352.5455322265625
PPO,Pendulum-v1,2,743,-1321.1668701171875
PPO,Pendulum-v1,2,744,-1354.92724609375
PPO,Pendulum-v1,2,745,-1321.4761962890625
PPO,Pendulum-v1,2,746,-1294.100830078125
PPO,Pendulum-v1,2,747,-1249.924072265625
PPO,Pendulum-v1,2,748,-1305.73193359375
PPO,Pendulum-v1,2,749,-1331.58154296875
PPO,Pendulum-v1,2,750,-1340.45263671875
PPO,Pendulum-v1,2,751,-1338.247802734375
PPO,Pendulum-v1,2,752,-1315.7684326171875
PPO,Pendulum-v1,2,753,-1368.0784912109375
PPO,Pendulum-v1,2,754,-1349.2900390625
PPO,Pendulum-v1,2,755,-1339.0699462890625
PPO,Pendulum-v1,2,756,-1326.6632080078125
PPO,Pendulum-v1,2,757,-1339.8367919921875
PPO,Pendulum-v1,2,758,-1353.8121337890625
PPO,Pendulum-v1,2,759,-1000.131103515625
PPO,Pendulum-v1,2,760,-1334.361572265625
PPO,Pendulum-v1,2,761,-895.2654418945312
PPO,Pendulum-v1,2,762,-1341.4306640625
PPO,Pendulum-v1,2,763,-1346.2603759765625
PPO,Pendulum-v1,2,764,-1176.481201171875
PPO,Pendulum-v1,2,765,-1435.35009765625
PPO,Pendulum-v1,2,766,-1056.2391357421875
PPO,Pendulum-v1,2,767,-1375.76220703125
PPO,Pendulum-v1,2,768,-1310.0184326171875
PPO,Pendulum-v1,2,769,-1351.2059326171875
PPO,Pendulum-v1,2,770,-1364.1248779296875
PPO,Pendulum-v1,2,771,-1363.54541015625
PPO,Pendulum-v1,2,772,-846.0396118164062
PPO,Pendulum-v1,2,773,-1032.9774169921875
PPO,Pendulum-v1,2,774,-1375.377197265625
PPO,Pendulum-v1,2,775,-1361.2535400390625
PPO,Pendulum-v1,2,776,-1340.6807861328125
PPO,Pendulum-v1,2,777,-1403.6337890625
PPO,Pendulum-v1,2,778,-1344.9002685546875
PPO,Pendulum-v1,2,779,-1334.1392822265625
PPO,Pendulum-v1,2,780,-1317.061279296875
PPO,Pendulum-v1,2,781,-1405.3304443359375
PPO,Pendulum-v1,2,782,-1322.1064453125
PPO,Pendulum-v1,2,783,-1367.2100830078125
PPO,Pendulum-v1,2,784,-1348.69873046875
PPO,Pendulum-v1,2,785,-1295.9422607421875
PPO,Pendulum-v1,2,786,-1366.56787109375
PPO,Pendulum-v1,2,787,-1328.2449951171875
PPO,Pendulum-v1,2,788,-1361.673828125
PPO,Pendulum-v1,2,789,-1004.9366455078125
PPO,Pendulum-v1,2,790,-1377.626953125
PPO,Pendulum-v1,2,791,-771.7999267578125
PPO,Pendulum-v1,2,792,-1330.4837646484375
PPO,Pendulum-v1,2,793,-1258.3411865234375
PPO,Pendulum-v1,2,794,-1302.109619140625
PPO,Pendulum-v1,2,795,-1160.3353271484375
PPO,Pendulum-v1,2,796,-1314.0433349609375
PPO,Pendulum-v1,2,797,-1299.5587158203125
PPO,Pendulum-v1,2,798,-1352.158447265625
PPO,Pendulum-v1,2,799,-1320.7047119140625
PPO,Pendulum-v1,2,800,-1290.087646484375
PPO,Pendulum-v1,2,801,-1346.24609375
PPO,Pendulum-v1,2,802,-1206.8509521484375
PPO,Pendulum-v1,2,803,-1346.4622802734375
PPO,Pendulum-v1,2,804,-1274.5909423828125
PPO,Pendulum-v1,2,805,-1298.69580078125
PPO,Pendulum-v1,2,806,-1203.59326171875
PPO,Pendulum-v1,2,807,-1316.9698486328125
PPO,Pendulum-v1,2,808,-1321.9969482421875
PPO,Pendulum-v1,2,809,-1292.009765625
PPO,Pendulum-v1,2,810,-1257.03466796875
PPO,Pendulum-v1,2,811,-1207.78955078125
PPO,Pendulum-v1,2,812,-1207.6181640625
PPO,Pendulum-v1,2,813,-1171.213623046875
PPO,Pendulum-v1,2,814,-1023.0533447265625
PPO,Pendulum-v1,2,815,-1238.405029296875
PPO,Pendulum-v1,2,816,-1206.805908203125
PPO,Pendulum-v1,2,817,-1253.88818359375
PPO,Pendulum-v1,2,818,-1172.1466064453125
PPO,Pendulum-v1,2,819,-1243.5751953125
PPO,Pendulum-v1,2,820,-1307.578369140625
PPO,Pendulum-v1,2,821,-1280.794921875
PPO,Pendulum-v1,2,822,-1210.6552734375
PPO,Pendulum-v1,2,823,-1246.9266357421875
PPO,Pendulum-v1,2,824,-1319.930419921875
PPO,Pendulum-v1,2,825,-1301.00732421875
PPO,Pendulum-v1,2,826,-1293.2076416015625
PPO,Pendulum-v1,2,827,-1333.475830078125
PPO,Pendulum-v1,2,828,-1254.1241455078125
PPO,Pendulum-v1,2,829,-1300.9239501953125
PPO,Pendulum-v1,2,830,-1172.433349609375
PPO,Pendulum-v1,2,831,-1212.172119140625
PPO,Pendulum-v1,2,832,-1205.18994140625
PPO,Pendulum-v1,2,833,-1305.8499755859375
PPO,Pendulum-v1,2,834,-1196.5322265625
PPO,Pendulum-v1,2,835,-1303.288330078125
PPO,Pendulum-v1,2,836,-1202.639404296875
PPO,Pendulum-v1,2,837,-1245.923828125
PPO,Pendulum-v1,2,838,-1255.996337890625
PPO,Pendulum-v1,2,839,-1064.4715576171875
PPO,Pendulum-v1,2,840,-1340.4029541015625
PPO,Pendulum-v1,2,841,-915.5780029296875
PPO,Pendulum-v1,2,842,-1123.974365234375
PPO,Pendulum-v1,2,843,-1288.849609375
PPO,Pendulum-v1,2,844,-1021.2991333007812
PPO,Pendulum-v1,2,845,-986.4415283203125
PPO,Pendulum-v1,2,846,-1242.0152587890625
PPO,Pendulum-v1,2,847,-1278.9310302734375
PPO,Pendulum-v1,2,848,-1281.4154052734375
PPO,Pendulum-v1,2,849,-1302.3426513671875
PPO,Pendulum-v1,2,850,-1213.8553466796875
PPO,Pendulum-v1,2,851,-1304.57958984375
PPO,Pendulum-v1,2,852,-1008.8031616210938
PPO,Pendulum-v1,2,853,-1309.4476318359375
PPO,Pendulum-v1,2,854,-1192.9599609375
PPO,Pendulum-v1,2,855,-1209.920654296875
PPO,Pendulum-v1,2,856,-1253.1563720703125
PPO,Pendulum-v1,2,857,-1200.517578125
PPO,Pendulum-v1,2,858,-1285.9595947265625
PPO,Pendulum-v1,2,859,-1198.4798583984375
PPO,Pendulum-v1,2,860,-1307.0594482421875
PPO,Pendulum-v1,2,861,-1047.529541015625
PPO,Pendulum-v1,2,862,-1287.529296875
PPO,Pendulum-v1,2,863,-1166.78515625
PPO,Pendulum-v1,2,864,-1053.3294677734375
PPO,Pendulum-v1,2,865,-1333.629150390625
PPO,Pendulum-v1,2,866,-1024.618408203125
PPO,Pendulum-v1,2,867,-1270.0487060546875
PPO,Pendulum-v1,2,868,-1295.7615966796875
PPO,Pendulum-v1,2,869,-1288.2060546875
PPO,Pendulum-v1,2,870,-1303.32177734375
PPO,Pendulum-v1,2,871,-1262.736083984375
PPO,Pendulum-v1,2,872,-1104.6156005859375
PPO,Pendulum-v1,2,873,-1284.885009765625
PPO,Pendulum-v1,2,874,-1318.265869140625
PPO,Pendulum-v1,2,875,-1213.9061279296875
PPO,Pendulum-v1,2,876,-1052.9329833984375
PPO,Pendulum-v1,2,877,-1269.97314453125
PPO,Pendulum-v1,2,878,-1341.7200927734375
PPO,Pendulum-v1,2,879,-1229.4998779296875
PPO,Pendulum-v1,2,880,-1228.89794921875
PPO,Pendulum-v1,2,881,-1201.00830078125
PPO,Pendulum-v1,2,882,-1303.0606689453125
PPO,Pendulum-v1,2,883,-1192.9429931640625
PPO,Pendulum-v1,2,884,-899.501708984375
PPO,Pendulum-v1,2,885,-1295.2823486328125
PPO,Pendulum-v1,2,886,-1263.830078125
PPO,Pendulum-v1,2,887,-1208.7081298828125
PPO,Pendulum-v1,2,888,-1005.5181274414062
PPO,Pendulum-v1,2,889,-1245.2818603515625
PPO,Pendulum-v1,2,890,-1181.55615234375
PPO,Pendulum-v1,2,891,-1279.800048828125
PPO,Pendulum-v1,2,892,-1255.370361328125
PPO,Pendulum-v1,2,893,-1239.23486328125
PPO,Pendulum-v1,2,894,-1214.0130615234375
PPO,Pendulum-v1,2,895,-950.2470092773438
PPO,Pendulum-v1,2,896,-1193.3172607421875
PPO,Pendulum-v1,2,897,-1191.605712890625
PPO,Pendulum-v1,2,898,-1246.44384765625
PPO,Pendulum-v1,2,899,-1176.8077392578125
PPO,Pendulum-v1,2,900,-1223.9791259765625
PPO,Pendulum-v1,2,901,-878.85888671875
PPO,Pendulum-v1,2,902,-1211.6025390625
PPO,Pendulum-v1,2,903,-1196.908935546875
PPO,Pendulum-v1,2,904,-1312.2188720703125
PPO,Pendulum-v1,2,905,-1286.60302734375
PPO,Pendulum-v1,2,906,-951.4348754882812
PPO,Pendulum-v1,2,907,-1216.0548095703125
PPO,Pendulum-v1,2,908,-1268.7635498046875
PPO,Pendulum-v1,2,909,-1215.1036376953125
PPO,Pendulum-v1,2,910,-1051.322021484375
PPO,Pendulum-v1,2,911,-1019.9834594726562
PPO,Pendulum-v1,2,912,-1123.474853515625
PPO,Pendulum-v1,2,913,-1174.2950439453125
PPO,Pendulum-v1,2,914,-1211.49169921875
PPO,Pendulum-v1,2,915,-1255.32421875
PPO,Pendulum-v1,2,916,-1184.5955810546875
PPO,Pendulum-v1,2,917,-1198.059326171875
PPO,Pendulum-v1,2,918,-1044.697265625
PPO,Pendulum-v1,2,919,-1189.8856201171875
PPO,Pendulum-v1,2,920,-1181.0758056640625
PPO,Pendulum-v1,2,921,-1338.1431884765625
PPO,Pendulum-v1,2,922,-902.4410400390625
PPO,Pendulum-v1,2,923,-1211.90966796875
PPO,Pendulum-v1,2,924,-1189.632080078125
PPO,Pendulum-v1,2,925,-1233.8876953125
PPO,Pendulum-v1,2,926,-1164.6072998046875
PPO,Pendulum-v1,2,927,-1189.623046875
PPO,Pendulum-v1,2,928,-1221.7855224609375
PPO,Pendulum-v1,2,929,-1181.2938232421875
PPO,Pendulum-v1,2,930,-1070.6884765625
PPO,Pendulum-v1,2,931,-1163.3406982421875
PPO,Pendulum-v1,2,932,-1151.1671142578125
PPO,Pendulum-v1,2,933,-1159.69873046875
PPO,Pendulum-v1,2,934,-1178.3302001953125
PPO,Pendulum-v1,2,935,-1164.4473876953125
PPO,Pendulum-v1,2,936,-1265.647705078125
PPO,Pendulum-v1,2,937,-992.8676147460938
PPO,Pendulum-v1,2,938,-1104.614990234375
PPO,Pendulum-v1,2,939,-869.15869140625
PPO,Pendulum-v1,2,940,-1220.597412109375
PPO,Pendulum-v1,2,941,-1021.9528198242188
PPO,Pendulum-v1,2,942,-1150.8336181640625
PPO,Pendulum-v1,2,943,-1072.5859375
PPO,Pendulum-v1,2,944,-857.8564453125
PPO,Pendulum-v1,2,945,-1130.44677734375
PPO,Pendulum-v1,2,946,-1081.5279541015625
PPO,Pendulum-v1,2,947,-1185.37158203125
PPO,Pendulum-v1,2,948,-919.1527709960938
PPO,Pendulum-v1,2,949,-1141.16943359375
PPO,Pendulum-v1,2,950,-1175.8360595703125
PPO,Pendulum-v1,2,951,-1053.94775390625
PPO,Pendulum-v1,2,952,-1080.0706787109375
PPO,Pendulum-v1,2,953,-1080.245849609375
PPO,Pendulum-v1,2,954,-1207.7227783203125
PPO,Pendulum-v1,2,955,-1224.7144775390625
PPO,Pendulum-v1,2,956,-1046.298095703125
PPO,Pendulum-v1,2,957,-1178.9642333984375
PPO,Pendulum-v1,2,958,-1073.351806640625
PPO,Pendulum-v1,2,959,-1163.103271484375
PPO,Pendulum-v1,2,960,-1173.1123046875
PPO,Pendulum-v1,2,961,-1155.361083984375
PPO,Pendulum-v1,2,962,-1006.0272216796875
PPO,Pendulum-v1,2,963,-1142.5078125
PPO,Pendulum-v1,2,964,-1210.0787353515625
PPO,Pendulum-v1,2,965,-1206.9466552734375
PPO,Pendulum-v1,2,966,-1205.95166015625
PPO,Pendulum-v1,2,967,-1182.78173828125
PPO,Pendulum-v1,2,968,-1204.2364501953125
PPO,Pendulum-v1,2,969,-1185.5618896484375
PPO,Pendulum-v1,2,970,-1164.597900390625
PPO,Pendulum-v1,2,971,-1278.089599609375
PPO,Pendulum-v1,2,972,-1029.486083984375
PPO,Pendulum-v1,2,973,-1211.447998046875
PPO,Pendulum-v1,2,974,-1037.739013671875
PPO,Pendulum-v1,2,975,-1220.484619140625
PPO,Pendulum-v1,2,976,-1027.5306396484375
PPO,Pendulum-v1,2,977,-1149.1788330078125
PPO,Pendulum-v1,2,978,-1237.5513916015625
PPO,Pendulum-v1,2,979,-1039.926025390625
