algorithm,env_id,seed,episode,reward
PPO,Acrobot-v1,0,0,-500.0
PPO,Acrobot-v1,0,1,-500.0
PPO,Acrobot-v1,0,2,-500.0
PPO,Acrobot-v1,0,3,-500.0
PPO,Acrobot-v1,0,4,-500.0
PPO,Acrobot-v1,0,5,-500.0
PPO,Acrobot-v1,0,6,-500.0
PPO,Acrobot-v1,0,7,-500.0
PPO,Acrobot-v1,0,8,-500.0
PPO,Acrobot-v1,0,9,-500.0
PPO,Acrobot-v1,0,10,-500.0
PPO,Acrobot-v1,0,11,-500.0
PPO,Acrobot-v1,0,12,-221.0
PPO,Acrobot-v1,0,13,-325.0
PPO,Acrobot-v1,0,14,-474.0
PPO,Acrobot-v1,0,15,-500.0
PPO,Acrobot-v1,0,16,-331.0
PPO,Acrobot-v1,0,17,-301.0
PPO,Acrobot-v1,0,18,-347.0
PPO,Acrobot-v1,0,19,-350.0
PPO,Acrobot-v1,0,20,-275.0
PPO,Acrobot-v1,0,21,-386.0
PPO,Acrobot-v1,0,22,-258.0
PPO,Acrobot-v1,0,23,-198.0
PPO,Acrobot-v1,0,24,-304.0
PPO,Acrobot-v1,0,25,-179.0
PPO,Acrobot-v1,0,26,-220.0
PPO,Acrobot-v1,0,27,-178.0
PPO,Acrobot-v1,0,28,-192.0
PPO,Acrobot-v1,0,29,-206.0
PPO,Acrobot-v1,0,30,-272.0
PPO,Acrobot-v1,0,31,-243.0
PPO,Acrobot-v1,0,32,-161.0
PPO,Acrobot-v1,0,33,-213.0
PPO,Acrobot-v1,0,34,-213.0
PPO,Acrobot-v1,0,35,-182.0
PPO,Acrobot-v1,0,36,-144.0
PPO,Acrobot-v1,0,37,-287.0
PPO,Acrobot-v1,0,38,-159.0
PPO,Acrobot-v1,0,39,-240.0
PPO,Acrobot-v1,0,40,-282.0
PPO,Acrobot-v1,0,41,-163.0
PPO,Acrobot-v1,0,42,-244.0
PPO,Acrobot-v1,0,43,-146.0
PPO,Acrobot-v1,0,44,-131.0
PPO,Acrobot-v1,0,45,-211.0
PPO,Acrobot-v1,0,46,-147.0
PPO,Acrobot-v1,0,47,-167.0
PPO,Acrobot-v1,0,48,-213.0
PPO,Acrobot-v1,0,49,-171.0
PPO,Acrobot-v1,0,50,-128.0
PPO,Acrobot-v1,0,51,-141.0
PPO,Acrobot-v1,0,52,-154.0
PPO,Acrobot-v1,0,53,-109.0
PPO,Acrobot-v1,0,54,-128.0
PPO,Acrobot-v1,0,55,-166.0
PPO,Acrobot-v1,0,56,-147.0
PPO,Acrobot-v1,0,57,-182.0
PPO,Acrobot-v1,0,58,-116.0
PPO,Acrobot-v1,0,59,-160.0
PPO,Acrobot-v1,0,60,-118.0
PPO,Acrobot-v1,0,61,-150.0
PPO,Acrobot-v1,0,62,-173.0
PPO,Acrobot-v1,0,63,-166.0
PPO,Acrobot-v1,0,64,-163.0
PPO,Acrobot-v1,0,65,-128.0
PPO,Acrobot-v1,0,66,-128.0
PPO,Acrobot-v1,0,67,-124.0
PPO,Acrobot-v1,0,68,-132.0
PPO,Acrobot-v1,0,69,-135.0
PPO,Acrobot-v1,0,70,-119.0
PPO,Acrobot-v1,0,71,-144.0
PPO,Acrobot-v1,0,72,-177.0
PPO,Acrobot-v1,0,73,-119.0
PPO,Acrobot-v1,0,74,-181.0
PPO,Acrobot-v1,0,75,-90.0
PPO,Acrobot-v1,0,76,-130.0
PPO,Acrobot-v1,0,77,-119.0
PPO,Acrobot-v1,0,78,-148.0
PPO,Acrobot-v1,0,79,-145.0
PPO,Acrobot-v1,0,80,-117.0
PPO,Acrobot-v1,0,81,-111.0
PPO,Acrobot-v1,0,82,-141.0
PPO,Acrobot-v1,0,83,-121.0
PPO,Acrobot-v1,0,84,-124.0
PPO,Acrobot-v1,0,85,-105.0
PPO,Acrobot-v1,0,86,-142.0
PPO,Acrobot-v1,0,87,-107.0
PPO,Acrobot-v1,0,88,-113.0
PPO,Acrobot-v1,0,89,-136.0
PPO,Acrobot-v1,0,90,-110.0
PPO,Acrobot-v1,0,91,-110.0
PPO,Acrobot-v1,0,92,-176.0
PPO,Acrobot-v1,0,93,-133.0
PPO,Acrobot-v1,0,94,-132.0
PPO,Acrobot-v1,0,95,-121.0
PPO,Acrobot-v1,0,96,-99.0
PPO,Acrobot-v1,0,97,-120.0
PPO,Acrobot-v1,0,98,-186.0
PPO,Acrobot-v1,0,99,-114.0
PPO,Acrobot-v1,0,100,-101.0
PPO,Acrobot-v1,0,101,-118.0
PPO,Acrobot-v1,0,102,-91.0
PPO,Acrobot-v1,0,103,-84.0
PPO,Acrobot-v1,0,104,-84.0
PPO,Acrobot-v1,0,105,-126.0
PPO,Acrobot-v1,0,106,-163.0
PPO,Acrobot-v1,0,107,-110.0
PPO,Acrobot-v1,0,108,-130.0
PPO,Acrobot-v1,0,109,-98.0
PPO,Acrobot-v1,0,110,-114.0
PPO,Acrobot-v1,0,111,-116.0
PPO,Acrobot-v1,0,112,-117.0
PPO,Acrobot-v1,0,113,-98.0
PPO,Acrobot-v1,0,114,-100.0
PPO,Acrobot-v1,0,115,-103.0
PPO,Acrobot-v1,0,116,-104.0
PPO,Acrobot-v1,0,117,-122.0
PPO,Acrobot-v1,0,118,-110.0
PPO,Acrobot-v1,0,119,-95.0
PPO,Acrobot-v1,0,120,-88.0
PPO,Acrobot-v1,0,121,-126.0
PPO,Acrobot-v1,0,122,-109.0
PPO,Acrobot-v1,0,123,-142.0
PPO,Acrobot-v1,0,124,-119.0
PPO,Acrobot-v1,0,125,-97.0
PPO,Acrobot-v1,0,126,-129.0
PPO,Acrobot-v1,0,127,-85.0
PPO,Acrobot-v1,0,128,-120.0
PPO,Acrobot-v1,0,129,-97.0
PPO,Acrobot-v1,0,130,-98.0
PPO,Acrobot-v1,0,131,-124.0
PPO,Acrobot-v1,0,132,-110.0
PPO,Acrobot-v1,0,133,-100.0
PPO,Acrobot-v1,0,134,-137.0
PPO,Acrobot-v1,0,135,-108.0
PPO,Acrobot-v1,0,136,-84.0
PPO,Acrobot-v1,0,137,-88.0
PPO,Acrobot-v1,0,138,-110.0
PPO,Acrobot-v1,0,139,-81.0
PPO,Acrobot-v1,0,140,-81.0
PPO,Acrobot-v1,0,141,-118.0
PPO,Acrobot-v1,0,142,-144.0
PPO,Acrobot-v1,0,143,-219.0
PPO,Acrobot-v1,0,144,-122.0
PPO,Acrobot-v1,0,145,-108.0
PPO,Acrobot-v1,0,146,-105.0
PPO,Acrobot-v1,0,147,-110.0
PPO,Acrobot-v1,0,148,-82.0
PPO,Acrobot-v1,0,149,-104.0
PPO,Acrobot-v1,0,150,-101.0
PPO,Acrobot-v1,0,151,-103.0
PPO,Acrobot-v1,0,152,-90.0
PPO,Acrobot-v1,0,153,-100.0
PPO,Acrobot-v1,0,154,-77.0
PPO,Acrobot-v1,0,155,-119.0
PPO,Acrobot-v1,0,156,-82.0
PPO,Acrobot-v1,0,157,-90.0
PPO,Acrobot-v1,0,158,-90.0
PPO,Acrobot-v1,0,159,-163.0
PPO,Acrobot-v1,0,160,-83.0
PPO,Acrobot-v1,0,161,-91.0
PPO,Acrobot-v1,0,162,-270.0
PPO,Acrobot-v1,0,163,-109.0
PPO,Acrobot-v1,0,164,-135.0
PPO,Acrobot-v1,0,165,-84.0
PPO,Acrobot-v1,0,166,-101.0
PPO,Acrobot-v1,0,167,-92.0
PPO,Acrobot-v1,0,168,-80.0
PPO,Acrobot-v1,0,169,-87.0
PPO,Acrobot-v1,0,170,-90.0
PPO,Acrobot-v1,0,171,-79.0
PPO,Acrobot-v1,0,172,-93.0
PPO,Acrobot-v1,0,173,-82.0
PPO,Acrobot-v1,0,174,-108.0
PPO,Acrobot-v1,0,175,-98.0
PPO,Acrobot-v1,0,176,-82.0
PPO,Acrobot-v1,0,177,-79.0
PPO,Acrobot-v1,0,178,-93.0
PPO,Acrobot-v1,0,179,-88.0
PPO,Acrobot-v1,0,180,-96.0
PPO,Acrobot-v1,0,181,-82.0
PPO,Acrobot-v1,0,182,-80.0
PPO,Acrobot-v1,0,183,-87.0
PPO,Acrobot-v1,0,184,-94.0
PPO,Acrobot-v1,0,185,-86.0
PPO,Acrobot-v1,0,186,-96.0
PPO,Acrobot-v1,0,187,-102.0
PPO,Acrobot-v1,0,188,-88.0
PPO,Acrobot-v1,0,189,-123.0
PPO,Acrobot-v1,0,190,-100.0
PPO,Acrobot-v1,0,191,-120.0
PPO,Acrobot-v1,0,192,-88.0
PPO,Acrobot-v1,0,193,-84.0
PPO,Acrobot-v1,0,194,-79.0
PPO,Acrobot-v1,0,195,-113.0
PPO,Acrobot-v1,0,196,-117.0
PPO,Acrobot-v1,0,197,-92.0
PPO,Acrobot-v1,0,198,-186.0
PPO,Acrobot-v1,0,199,-102.0
PPO,Acrobot-v1,0,200,-92.0
PPO,Acrobot-v1,0,201,-100.0
PPO,Acrobot-v1,0,202,-76.0
PPO,Acrobot-v1,0,203,-95.0
PPO,Acrobot-v1,0,204,-151.0
PPO,Acrobot-v1,0,205,-88.0
PPO,Acrobot-v1,0,206,-102.0
PPO,Acrobot-v1,0,207,-94.0
PPO,Acrobot-v1,0,208,-89.0
PPO,Acrobot-v1,0,209,-89.0
PPO,Acrobot-v1,0,210,-79.0
PPO,Acrobot-v1,0,211,-95.0
PPO,Acrobot-v1,0,212,-119.0
PPO,Acrobot-v1,0,213,-169.0
PPO,Acrobot-v1,0,214,-109.0
PPO,Acrobot-v1,0,215,-104.0
PPO,Acrobot-v1,0,216,-94.0
PPO,Acrobot-v1,0,217,-99.0
PPO,Acrobot-v1,0,218,-132.0
PPO,Acrobot-v1,0,219,-96.0
PPO,Acrobot-v1,0,220,-97.0
PPO,Acrobot-v1,0,221,-80.0
PPO,Acrobot-v1,0,222,-81.0
PPO,Acrobot-v1,0,223,-89.0
PPO,Acrobot-v1,0,224,-129.0
PPO,Acrobot-v1,0,225,-91.0
PPO,Acrobot-v1,0,226,-93.0
PPO,Acrobot-v1,0,227,-117.0
PPO,Acrobot-v1,0,228,-78.0
PPO,Acrobot-v1,0,229,-80.0
PPO,Acrobot-v1,0,230,-232.0
PPO,Acrobot-v1,0,231,-88.0
PPO,Acrobot-v1,0,232,-88.0
PPO,Acrobot-v1,0,233,-111.0
PPO,Acrobot-v1,0,234,-106.0
PPO,Acrobot-v1,0,235,-100.0
PPO,Acrobot-v1,0,236,-98.0
PPO,Acrobot-v1,0,237,-83.0
PPO,Acrobot-v1,0,238,-97.0
PPO,Acrobot-v1,0,239,-79.0
PPO,Acrobot-v1,0,240,-82.0
PPO,Acrobot-v1,0,241,-106.0
PPO,Acrobot-v1,0,242,-79.0
PPO,Acrobot-v1,0,243,-112.0
PPO,Acrobot-v1,0,244,-89.0
PPO,Acrobot-v1,0,245,-89.0
PPO,Acrobot-v1,0,246,-67.0
PPO,Acrobot-v1,0,247,-95.0
PPO,Acrobot-v1,0,248,-83.0
PPO,Acrobot-v1,0,249,-83.0
PPO,Acrobot-v1,0,250,-78.0
PPO,Acrobot-v1,0,251,-90.0
PPO,Acrobot-v1,0,252,-81.0
PPO,Acrobot-v1,0,253,-87.0
PPO,Acrobot-v1,0,254,-73.0
PPO,Acrobot-v1,0,255,-85.0
PPO,Acrobot-v1,0,256,-108.0
PPO,Acrobot-v1,0,257,-86.0
PPO,Acrobot-v1,0,258,-95.0
PPO,Acrobot-v1,0,259,-93.0
PPO,Acrobot-v1,0,260,-100.0
PPO,Acrobot-v1,0,261,-104.0
PPO,Acrobot-v1,0,262,-107.0
PPO,Acrobot-v1,0,263,-74.0
PPO,Acrobot-v1,0,264,-85.0
PPO,Acrobot-v1,0,265,-90.0
PPO,Acrobot-v1,0,266,-76.0
PPO,Acrobot-v1,0,267,-75.0
PPO,Acrobot-v1,0,268,-77.0
PPO,Acrobot-v1,0,269,-78.0
PPO,Acrobot-v1,0,270,-115.0
PPO,Acrobot-v1,0,271,-92.0
PPO,Acrobot-v1,0,272,-113.0
PPO,Acrobot-v1,0,273,-88.0
PPO,Acrobot-v1,0,274,-80.0
PPO,Acrobot-v1,0,275,-91.0
PPO,Acrobot-v1,0,276,-79.0
PPO,Acrobot-v1,0,277,-196.0
PPO,Acrobot-v1,0,278,-91.0
PPO,Acrobot-v1,0,279,-84.0
PPO,Acrobot-v1,0,280,-106.0
PPO,Acrobot-v1,0,281,-82.0
PPO,Acrobot-v1,0,282,-72.0
PPO,Acrobot-v1,0,283,-91.0
PPO,Acrobot-v1,0,284,-77.0
PPO,Acrobot-v1,0,285,-94.0
PPO,Acrobot-v1,0,286,-103.0
PPO,Acrobot-v1,0,287,-74.0
PPO,Acrobot-v1,0,288,-125.0
PPO,Acrobot-v1,0,289,-88.0
PPO,Acrobot-v1,0,290,-80.0
PPO,Acrobot-v1,0,291,-84.0
PPO,Acrobot-v1,0,292,-75.0
PPO,Acrobot-v1,0,293,-74.0
PPO,Acrobot-v1,0,294,-104.0
PPO,Acrobot-v1,0,295,-119.0
PPO,Acrobot-v1,0,296,-91.0
PPO,Acrobot-v1,0,297,-183.0
PPO,Acrobot-v1,0,298,-86.0
PPO,Acrobot-v1,0,299,-182.0
PPO,Acrobot-v1,0,300,-115.0
PPO,Acrobot-v1,0,301,-75.0
PPO,Acrobot-v1,0,302,-97.0
PPO,Acrobot-v1,0,303,-96.0
PPO,Acrobot-v1,0,304,-105.0
PPO,Acrobot-v1,0,305,-99.0
PPO,Acrobot-v1,0,306,-85.0
PPO,Acrobot-v1,0,307,-71.0
PPO,Acrobot-v1,0,308,-109.0
PPO,Acrobot-v1,0,309,-79.0
PPO,Acrobot-v1,0,310,-91.0
PPO,Acrobot-v1,0,311,-79.0
PPO,Acrobot-v1,0,312,-100.0
PPO,Acrobot-v1,0,313,-244.0
PPO,Acrobot-v1,0,314,-86.0
PPO,Acrobot-v1,0,315,-108.0
PPO,Acrobot-v1,0,316,-78.0
PPO,Acrobot-v1,0,317,-66.0
PPO,Acrobot-v1,0,318,-84.0
PPO,Acrobot-v1,0,319,-90.0
PPO,Acrobot-v1,0,320,-93.0
PPO,Acrobot-v1,0,321,-63.0
PPO,Acrobot-v1,0,322,-94.0
PPO,Acrobot-v1,0,323,-93.0
PPO,Acrobot-v1,0,324,-101.0
PPO,Acrobot-v1,0,325,-89.0
PPO,Acrobot-v1,0,326,-81.0
PPO,Acrobot-v1,0,327,-82.0
PPO,Acrobot-v1,0,328,-93.0
PPO,Acrobot-v1,0,329,-97.0
PPO,Acrobot-v1,0,330,-88.0
PPO,Acrobot-v1,0,331,-65.0
PPO,Acrobot-v1,0,332,-74.0
PPO,Acrobot-v1,0,333,-80.0
PPO,Acrobot-v1,0,334,-84.0
PPO,Acrobot-v1,0,335,-94.0
PPO,Acrobot-v1,0,336,-128.0
PPO,Acrobot-v1,0,337,-103.0
PPO,Acrobot-v1,0,338,-86.0
PPO,Acrobot-v1,0,339,-87.0
PPO,Acrobot-v1,0,340,-83.0
PPO,Acrobot-v1,0,341,-81.0
PPO,Acrobot-v1,0,342,-89.0
PPO,Acrobot-v1,0,343,-133.0
PPO,Acrobot-v1,0,344,-80.0
PPO,Acrobot-v1,0,345,-83.0
PPO,Acrobot-v1,0,346,-76.0
PPO,Acrobot-v1,0,347,-76.0
PPO,Acrobot-v1,0,348,-108.0
PPO,Acrobot-v1,0,349,-95.0
PPO,Acrobot-v1,0,350,-83.0
PPO,Acrobot-v1,0,351,-94.0
PPO,Acrobot-v1,0,352,-71.0
PPO,Acrobot-v1,0,353,-82.0
PPO,Acrobot-v1,0,354,-94.0
PPO,Acrobot-v1,0,355,-72.0
PPO,Acrobot-v1,0,356,-79.0
PPO,Acrobot-v1,0,357,-73.0
PPO,Acrobot-v1,0,358,-110.0
PPO,Acrobot-v1,0,359,-72.0
PPO,Acrobot-v1,0,360,-85.0
PPO,Acrobot-v1,0,361,-90.0
PPO,Acrobot-v1,0,362,-65.0
PPO,Acrobot-v1,0,363,-80.0
PPO,Acrobot-v1,0,364,-74.0
PPO,Acrobot-v1,0,365,-98.0
PPO,Acrobot-v1,0,366,-77.0
PPO,Acrobot-v1,0,367,-83.0
PPO,Acrobot-v1,0,368,-90.0
PPO,Acrobot-v1,0,369,-85.0
PPO,Acrobot-v1,0,370,-80.0
PPO,Acrobot-v1,0,371,-94.0
PPO,Acrobot-v1,0,372,-101.0
PPO,Acrobot-v1,0,373,-85.0
PPO,Acrobot-v1,0,374,-71.0
PPO,Acrobot-v1,0,375,-77.0
PPO,Acrobot-v1,0,376,-83.0
PPO,Acrobot-v1,0,377,-87.0
PPO,Acrobot-v1,0,378,-294.0
PPO,Acrobot-v1,0,379,-94.0
PPO,Acrobot-v1,0,380,-88.0
PPO,Acrobot-v1,0,381,-107.0
PPO,Acrobot-v1,0,382,-97.0
PPO,Acrobot-v1,0,383,-96.0
PPO,Acrobot-v1,0,384,-138.0
PPO,Acrobot-v1,0,385,-77.0
PPO,Acrobot-v1,0,386,-64.0
PPO,Acrobot-v1,0,387,-78.0
PPO,Acrobot-v1,0,388,-71.0
PPO,Acrobot-v1,0,389,-72.0
PPO,Acrobot-v1,0,390,-93.0
PPO,Acrobot-v1,0,391,-90.0
PPO,Acrobot-v1,0,392,-110.0
PPO,Acrobot-v1,0,393,-102.0
PPO,Acrobot-v1,0,394,-84.0
PPO,Acrobot-v1,0,395,-75.0
PPO,Acrobot-v1,0,396,-71.0
PPO,Acrobot-v1,0,397,-101.0
PPO,Acrobot-v1,0,398,-90.0
PPO,Acrobot-v1,0,399,-79.0
PPO,Acrobot-v1,0,400,-94.0
PPO,Acrobot-v1,0,401,-101.0
PPO,Acrobot-v1,0,402,-80.0
PPO,Acrobot-v1,0,403,-81.0
PPO,Acrobot-v1,0,404,-82.0
PPO,Acrobot-v1,0,405,-84.0
PPO,Acrobot-v1,0,406,-113.0
PPO,Acrobot-v1,0,407,-84.0
PPO,Acrobot-v1,0,408,-91.0
PPO,Acrobot-v1,0,409,-104.0
PPO,Acrobot-v1,0,410,-129.0
PPO,Acrobot-v1,0,411,-105.0
PPO,Acrobot-v1,0,412,-82.0
PPO,Acrobot-v1,0,413,-70.0
PPO,Acrobot-v1,0,414,-105.0
PPO,Acrobot-v1,0,415,-93.0
PPO,Acrobot-v1,0,416,-89.0
PPO,Acrobot-v1,0,417,-80.0
PPO,Acrobot-v1,0,418,-75.0
PPO,Acrobot-v1,0,419,-75.0
PPO,Acrobot-v1,0,420,-109.0
PPO,Acrobot-v1,0,421,-83.0
PPO,Acrobot-v1,0,422,-94.0
PPO,Acrobot-v1,0,423,-73.0
PPO,Acrobot-v1,0,424,-93.0
PPO,Acrobot-v1,0,425,-79.0
PPO,Acrobot-v1,0,426,-72.0
PPO,Acrobot-v1,0,427,-107.0
PPO,Acrobot-v1,0,428,-254.0
PPO,Acrobot-v1,0,429,-71.0
PPO,Acrobot-v1,0,430,-77.0
PPO,Acrobot-v1,0,431,-79.0
PPO,Acrobot-v1,0,432,-80.0
PPO,Acrobot-v1,0,433,-102.0
PPO,Acrobot-v1,0,434,-74.0
PPO,Acrobot-v1,0,435,-70.0
PPO,Acrobot-v1,0,436,-88.0
PPO,Acrobot-v1,0,437,-97.0
PPO,Acrobot-v1,0,438,-72.0
PPO,Acrobot-v1,0,439,-94.0
PPO,Acrobot-v1,0,440,-94.0
PPO,Acrobot-v1,0,441,-79.0
PPO,Acrobot-v1,0,442,-94.0
PPO,Acrobot-v1,0,443,-82.0
PPO,Acrobot-v1,0,444,-74.0
PPO,Acrobot-v1,0,445,-94.0
PPO,Acrobot-v1,0,446,-70.0
PPO,Acrobot-v1,0,447,-73.0
PPO,Acrobot-v1,0,448,-166.0
PPO,Acrobot-v1,0,449,-82.0
PPO,Acrobot-v1,0,450,-80.0
PPO,Acrobot-v1,0,451,-96.0
PPO,Acrobot-v1,0,452,-93.0
PPO,Acrobot-v1,0,453,-146.0
PPO,Acrobot-v1,0,454,-70.0
PPO,Acrobot-v1,0,455,-97.0
PPO,Acrobot-v1,0,456,-96.0
PPO,Acrobot-v1,0,457,-79.0
PPO,Acrobot-v1,0,458,-75.0
PPO,Acrobot-v1,0,459,-82.0
PPO,Acrobot-v1,0,460,-85.0
PPO,Acrobot-v1,0,461,-75.0
PPO,Acrobot-v1,0,462,-143.0
PPO,Acrobot-v1,0,463,-94.0
PPO,Acrobot-v1,0,464,-93.0
PPO,Acrobot-v1,0,465,-241.0
PPO,Acrobot-v1,0,466,-77.0
PPO,Acrobot-v1,0,467,-85.0
PPO,Acrobot-v1,0,468,-160.0
PPO,Acrobot-v1,0,469,-88.0
PPO,Acrobot-v1,0,470,-104.0
PPO,Acrobot-v1,0,471,-105.0
PPO,Acrobot-v1,0,472,-75.0
PPO,Acrobot-v1,0,473,-76.0
PPO,Acrobot-v1,0,474,-87.0
PPO,Acrobot-v1,0,475,-65.0
PPO,Acrobot-v1,0,476,-72.0
PPO,Acrobot-v1,0,477,-89.0
PPO,Acrobot-v1,0,478,-92.0
PPO,Acrobot-v1,0,479,-89.0
PPO,Acrobot-v1,0,480,-102.0
PPO,Acrobot-v1,0,481,-72.0
PPO,Acrobot-v1,0,482,-85.0
PPO,Acrobot-v1,0,483,-101.0
PPO,Acrobot-v1,0,484,-83.0
PPO,Acrobot-v1,0,485,-210.0
PPO,Acrobot-v1,0,486,-65.0
PPO,Acrobot-v1,0,487,-93.0
PPO,Acrobot-v1,0,488,-104.0
PPO,Acrobot-v1,0,489,-72.0
PPO,Acrobot-v1,0,490,-62.0
PPO,Acrobot-v1,0,491,-71.0
PPO,Acrobot-v1,0,492,-88.0
PPO,Acrobot-v1,0,493,-96.0
PPO,Acrobot-v1,0,494,-64.0
PPO,Acrobot-v1,0,495,-80.0
PPO,Acrobot-v1,0,496,-98.0
PPO,Acrobot-v1,0,497,-96.0
PPO,Acrobot-v1,0,498,-94.0
PPO,Acrobot-v1,0,499,-71.0
PPO,Acrobot-v1,0,500,-69.0
PPO,Acrobot-v1,0,501,-88.0
PPO,Acrobot-v1,0,502,-87.0
PPO,Acrobot-v1,0,503,-75.0
PPO,Acrobot-v1,0,504,-85.0
PPO,Acrobot-v1,0,505,-91.0
PPO,Acrobot-v1,0,506,-96.0
PPO,Acrobot-v1,0,507,-73.0
PPO,Acrobot-v1,0,508,-108.0
PPO,Acrobot-v1,0,509,-98.0
PPO,Acrobot-v1,0,510,-86.0
PPO,Acrobot-v1,0,511,-90.0
PPO,Acrobot-v1,0,512,-91.0
PPO,Acrobot-v1,0,513,-92.0
PPO,Acrobot-v1,0,514,-95.0
PPO,Acrobot-v1,0,515,-92.0
PPO,Acrobot-v1,0,516,-77.0
PPO,Acrobot-v1,0,517,-94.0
PPO,Acrobot-v1,0,518,-75.0
PPO,Acrobot-v1,0,519,-96.0
PPO,Acrobot-v1,0,520,-76.0
PPO,Acrobot-v1,0,521,-72.0
PPO,Acrobot-v1,0,522,-84.0
PPO,Acrobot-v1,0,523,-90.0
PPO,Acrobot-v1,0,524,-78.0
PPO,Acrobot-v1,0,525,-91.0
PPO,Acrobot-v1,0,526,-94.0
PPO,Acrobot-v1,0,527,-79.0
PPO,Acrobot-v1,0,528,-79.0
PPO,Acrobot-v1,0,529,-74.0
PPO,Acrobot-v1,0,530,-77.0
PPO,Acrobot-v1,0,531,-76.0
PPO,Acrobot-v1,0,532,-70.0
PPO,Acrobot-v1,0,533,-81.0
PPO,Acrobot-v1,0,534,-128.0
PPO,Acrobot-v1,0,535,-76.0
PPO,Acrobot-v1,0,536,-132.0
PPO,Acrobot-v1,0,537,-95.0
PPO,Acrobot-v1,0,538,-81.0
PPO,Acrobot-v1,0,539,-72.0
PPO,Acrobot-v1,0,540,-94.0
PPO,Acrobot-v1,0,541,-78.0
PPO,Acrobot-v1,0,542,-76.0
PPO,Acrobot-v1,0,543,-82.0
PPO,Acrobot-v1,0,544,-83.0
PPO,Acrobot-v1,0,545,-94.0
PPO,Acrobot-v1,0,546,-73.0
PPO,Acrobot-v1,0,547,-73.0
PPO,Acrobot-v1,0,548,-85.0
PPO,Acrobot-v1,0,549,-81.0
PPO,Acrobot-v1,0,550,-62.0
PPO,Acrobot-v1,0,551,-77.0
PPO,Acrobot-v1,0,552,-60.0
PPO,Acrobot-v1,0,553,-77.0
PPO,Acrobot-v1,0,554,-85.0
PPO,Acrobot-v1,0,555,-74.0
PPO,Acrobot-v1,0,556,-96.0
PPO,Acrobot-v1,0,557,-86.0
PPO,Acrobot-v1,0,558,-81.0
PPO,Acrobot-v1,0,559,-85.0
PPO,Acrobot-v1,0,560,-74.0
PPO,Acrobot-v1,0,561,-110.0
PPO,Acrobot-v1,0,562,-74.0
PPO,Acrobot-v1,0,563,-94.0
PPO,Acrobot-v1,0,564,-93.0
PPO,Acrobot-v1,0,565,-83.0
PPO,Acrobot-v1,0,566,-84.0
PPO,Acrobot-v1,0,567,-85.0
PPO,Acrobot-v1,0,568,-83.0
PPO,Acrobot-v1,0,569,-92.0
PPO,Acrobot-v1,0,570,-83.0
PPO,Acrobot-v1,0,571,-98.0
PPO,Acrobot-v1,0,572,-85.0
PPO,Acrobot-v1,0,573,-99.0
PPO,Acrobot-v1,0,574,-100.0
PPO,Acrobot-v1,0,575,-71.0
PPO,Acrobot-v1,0,576,-90.0
PPO,Acrobot-v1,0,577,-100.0
PPO,Acrobot-v1,0,578,-90.0
PPO,Acrobot-v1,0,579,-71.0
PPO,Acrobot-v1,0,580,-112.0
PPO,Acrobot-v1,0,581,-89.0
PPO,Acrobot-v1,0,582,-147.0
PPO,Acrobot-v1,0,583,-65.0
PPO,Acrobot-v1,0,584,-75.0
PPO,Acrobot-v1,0,585,-71.0
PPO,Acrobot-v1,0,586,-82.0
PPO,Acrobot-v1,0,587,-140.0
PPO,Acrobot-v1,0,588,-73.0
PPO,Acrobot-v1,0,589,-75.0
PPO,Acrobot-v1,0,590,-76.0
PPO,Acrobot-v1,0,591,-118.0
PPO,Acrobot-v1,0,592,-92.0
PPO,Acrobot-v1,0,593,-85.0
PPO,Acrobot-v1,0,594,-93.0
PPO,Acrobot-v1,0,595,-75.0
PPO,Acrobot-v1,0,596,-87.0
PPO,Acrobot-v1,0,597,-78.0
PPO,Acrobot-v1,0,598,-86.0
PPO,Acrobot-v1,0,599,-72.0
PPO,Acrobot-v1,0,600,-78.0
PPO,Acrobot-v1,0,601,-86.0
PPO,Acrobot-v1,0,602,-72.0
PPO,Acrobot-v1,0,603,-88.0
PPO,Acrobot-v1,0,604,-90.0
PPO,Acrobot-v1,0,605,-74.0
PPO,Acrobot-v1,0,606,-76.0
PPO,Acrobot-v1,0,607,-227.0
PPO,Acrobot-v1,0,608,-70.0
PPO,Acrobot-v1,0,609,-82.0
PPO,Acrobot-v1,0,610,-81.0
PPO,Acrobot-v1,0,611,-110.0
PPO,Acrobot-v1,0,612,-77.0
PPO,Acrobot-v1,0,613,-65.0
PPO,Acrobot-v1,0,614,-76.0
PPO,Acrobot-v1,0,615,-78.0
PPO,Acrobot-v1,0,616,-78.0
PPO,Acrobot-v1,0,617,-89.0
PPO,Acrobot-v1,0,618,-70.0
PPO,Acrobot-v1,0,619,-80.0
PPO,Acrobot-v1,0,620,-115.0
PPO,Acrobot-v1,0,621,-88.0
PPO,Acrobot-v1,0,622,-81.0
PPO,Acrobot-v1,0,623,-96.0
PPO,Acrobot-v1,0,624,-92.0
PPO,Acrobot-v1,0,625,-79.0
PPO,Acrobot-v1,0,626,-94.0
PPO,Acrobot-v1,0,627,-83.0
PPO,Acrobot-v1,0,628,-92.0
PPO,Acrobot-v1,0,629,-84.0
PPO,Acrobot-v1,0,630,-89.0
PPO,Acrobot-v1,0,631,-80.0
PPO,Acrobot-v1,0,632,-100.0
PPO,Acrobot-v1,0,633,-215.0
PPO,Acrobot-v1,0,634,-90.0
PPO,Acrobot-v1,0,635,-76.0
PPO,Acrobot-v1,0,636,-75.0
PPO,Acrobot-v1,0,637,-80.0
PPO,Acrobot-v1,0,638,-76.0
PPO,Acrobot-v1,0,639,-70.0
PPO,Acrobot-v1,0,640,-79.0
PPO,Acrobot-v1,0,641,-72.0
PPO,Acrobot-v1,0,642,-96.0
PPO,Acrobot-v1,0,643,-78.0
PPO,Acrobot-v1,0,644,-83.0
PPO,Acrobot-v1,0,645,-82.0
PPO,Acrobot-v1,0,646,-77.0
PPO,Acrobot-v1,0,647,-90.0
PPO,Acrobot-v1,0,648,-122.0
PPO,Acrobot-v1,0,649,-80.0
PPO,Acrobot-v1,0,650,-159.0
PPO,Acrobot-v1,0,651,-93.0
PPO,Acrobot-v1,0,652,-195.0
PPO,Acrobot-v1,0,653,-79.0
PPO,Acrobot-v1,0,654,-111.0
PPO,Acrobot-v1,0,655,-92.0
PPO,Acrobot-v1,0,656,-91.0
PPO,Acrobot-v1,0,657,-77.0
PPO,Acrobot-v1,0,658,-82.0
PPO,Acrobot-v1,0,659,-83.0
PPO,Acrobot-v1,0,660,-65.0
PPO,Acrobot-v1,0,661,-70.0
PPO,Acrobot-v1,0,662,-82.0
PPO,Acrobot-v1,0,663,-80.0
PPO,Acrobot-v1,0,664,-100.0
PPO,Acrobot-v1,0,665,-88.0
PPO,Acrobot-v1,0,666,-87.0
PPO,Acrobot-v1,0,667,-99.0
PPO,Acrobot-v1,0,668,-80.0
PPO,Acrobot-v1,0,669,-69.0
PPO,Acrobot-v1,0,670,-69.0
PPO,Acrobot-v1,0,671,-76.0
PPO,Acrobot-v1,0,672,-98.0
PPO,Acrobot-v1,0,673,-91.0
PPO,Acrobot-v1,0,674,-89.0
PPO,Acrobot-v1,0,675,-87.0
PPO,Acrobot-v1,0,676,-101.0
PPO,Acrobot-v1,0,677,-119.0
PPO,Acrobot-v1,0,678,-159.0
PPO,Acrobot-v1,0,679,-92.0
PPO,Acrobot-v1,0,680,-75.0
PPO,Acrobot-v1,0,681,-80.0
PPO,Acrobot-v1,0,682,-97.0
PPO,Acrobot-v1,0,683,-76.0
PPO,Acrobot-v1,0,684,-90.0
PPO,Acrobot-v1,0,685,-72.0
PPO,Acrobot-v1,0,686,-70.0
PPO,Acrobot-v1,0,687,-84.0
PPO,Acrobot-v1,0,688,-135.0
PPO,Acrobot-v1,0,689,-83.0
PPO,Acrobot-v1,0,690,-77.0
PPO,Acrobot-v1,0,691,-126.0
PPO,Acrobot-v1,0,692,-78.0
PPO,Acrobot-v1,0,693,-70.0
PPO,Acrobot-v1,0,694,-91.0
PPO,Acrobot-v1,0,695,-98.0
PPO,Acrobot-v1,0,696,-90.0
PPO,Acrobot-v1,0,697,-85.0
PPO,Acrobot-v1,0,698,-75.0
PPO,Acrobot-v1,0,699,-81.0
PPO,Acrobot-v1,0,700,-83.0
PPO,Acrobot-v1,0,701,-96.0
PPO,Acrobot-v1,0,702,-81.0
PPO,Acrobot-v1,0,703,-109.0
PPO,Acrobot-v1,0,704,-77.0
PPO,Acrobot-v1,0,705,-89.0
PPO,Acrobot-v1,0,706,-146.0
PPO,Acrobot-v1,0,707,-102.0
PPO,Acrobot-v1,0,708,-62.0
PPO,Acrobot-v1,0,709,-77.0
PPO,Acrobot-v1,0,710,-71.0
PPO,Acrobot-v1,0,711,-70.0
PPO,Acrobot-v1,0,712,-72.0
PPO,Acrobot-v1,0,713,-63.0
PPO,Acrobot-v1,0,714,-79.0
PPO,Acrobot-v1,0,715,-78.0
PPO,Acrobot-v1,0,716,-74.0
PPO,Acrobot-v1,0,717,-62.0
PPO,Acrobot-v1,0,718,-95.0
PPO,Acrobot-v1,0,719,-81.0
PPO,Acrobot-v1,0,720,-79.0
PPO,Acrobot-v1,0,721,-82.0
PPO,Acrobot-v1,0,722,-86.0
PPO,Acrobot-v1,0,723,-103.0
PPO,Acrobot-v1,0,724,-73.0
PPO,Acrobot-v1,0,725,-80.0
PPO,Acrobot-v1,0,726,-71.0
PPO,Acrobot-v1,0,727,-63.0
PPO,Acrobot-v1,0,728,-127.0
PPO,Acrobot-v1,0,729,-85.0
PPO,Acrobot-v1,0,730,-102.0
PPO,Acrobot-v1,0,731,-77.0
PPO,Acrobot-v1,0,732,-69.0
PPO,Acrobot-v1,0,733,-64.0
PPO,Acrobot-v1,0,734,-78.0
PPO,Acrobot-v1,0,735,-76.0
PPO,Acrobot-v1,0,736,-72.0
PPO,Acrobot-v1,0,737,-88.0
PPO,Acrobot-v1,0,738,-75.0
PPO,Acrobot-v1,0,739,-124.0
PPO,Acrobot-v1,0,740,-73.0
PPO,Acrobot-v1,0,741,-72.0
PPO,Acrobot-v1,0,742,-87.0
PPO,Acrobot-v1,0,743,-79.0
PPO,Acrobot-v1,0,744,-93.0
PPO,Acrobot-v1,0,745,-76.0
PPO,Acrobot-v1,0,746,-80.0
PPO,Acrobot-v1,0,747,-75.0
PPO,Acrobot-v1,0,748,-87.0
PPO,Acrobot-v1,0,749,-96.0
PPO,Acrobot-v1,0,750,-77.0
PPO,Acrobot-v1,0,751,-87.0
PPO,Acrobot-v1,0,752,-93.0
PPO,Acrobot-v1,0,753,-89.0
PPO,Acrobot-v1,0,754,-94.0
PPO,Acrobot-v1,0,755,-87.0
PPO,Acrobot-v1,0,756,-84.0
PPO,Acrobot-v1,0,757,-86.0
PPO,Acrobot-v1,0,758,-69.0
PPO,Acrobot-v1,0,759,-81.0
PPO,Acrobot-v1,0,760,-77.0
PPO,Acrobot-v1,0,761,-73.0
PPO,Acrobot-v1,0,762,-81.0
PPO,Acrobot-v1,0,763,-78.0
PPO,Acrobot-v1,0,764,-76.0
PPO,Acrobot-v1,0,765,-83.0
PPO,Acrobot-v1,0,766,-79.0
PPO,Acrobot-v1,0,767,-64.0
PPO,Acrobot-v1,0,768,-71.0
PPO,Acrobot-v1,0,769,-97.0
PPO,Acrobot-v1,0,770,-75.0
PPO,Acrobot-v1,0,771,-68.0
PPO,Acrobot-v1,0,772,-74.0
PPO,Acrobot-v1,0,773,-78.0
PPO,Acrobot-v1,0,774,-92.0
PPO,Acrobot-v1,0,775,-72.0
PPO,Acrobot-v1,0,776,-96.0
PPO,Acrobot-v1,0,777,-77.0
PPO,Acrobot-v1,0,778,-76.0
PPO,Acrobot-v1,0,779,-86.0
PPO,Acrobot-v1,0,780,-65.0
PPO,Acrobot-v1,0,781,-73.0
PPO,Acrobot-v1,0,782,-68.0
PPO,Acrobot-v1,0,783,-71.0
PPO,Acrobot-v1,0,784,-93.0
PPO,Acrobot-v1,0,785,-89.0
PPO,Acrobot-v1,0,786,-90.0
PPO,Acrobot-v1,0,787,-90.0
PPO,Acrobot-v1,0,788,-79.0
PPO,Acrobot-v1,0,789,-110.0
PPO,Acrobot-v1,0,790,-80.0
PPO,Acrobot-v1,0,791,-77.0
PPO,Acrobot-v1,0,792,-73.0
PPO,Acrobot-v1,0,793,-89.0
PPO,Acrobot-v1,0,794,-87.0
PPO,Acrobot-v1,0,795,-96.0
PPO,Acrobot-v1,0,796,-87.0
PPO,Acrobot-v1,0,797,-72.0
PPO,Acrobot-v1,0,798,-90.0
PPO,Acrobot-v1,0,799,-79.0
PPO,Acrobot-v1,0,800,-82.0
PPO,Acrobot-v1,0,801,-84.0
PPO,Acrobot-v1,0,802,-88.0
PPO,Acrobot-v1,0,803,-87.0
PPO,Acrobot-v1,0,804,-72.0
PPO,Acrobot-v1,0,805,-72.0
PPO,Acrobot-v1,0,806,-72.0
PPO,Acrobot-v1,0,807,-73.0
PPO,Acrobot-v1,0,808,-72.0
PPO,Acrobot-v1,0,809,-70.0
PPO,Acrobot-v1,0,810,-79.0
PPO,Acrobot-v1,0,811,-106.0
PPO,Acrobot-v1,0,812,-72.0
PPO,Acrobot-v1,0,813,-73.0
PPO,Acrobot-v1,0,814,-111.0
PPO,Acrobot-v1,0,815,-97.0
PPO,Acrobot-v1,0,816,-72.0
PPO,Acrobot-v1,0,817,-71.0
PPO,Acrobot-v1,0,818,-70.0
PPO,Acrobot-v1,0,819,-79.0
PPO,Acrobot-v1,0,820,-77.0
PPO,Acrobot-v1,0,821,-94.0
PPO,Acrobot-v1,0,822,-71.0
PPO,Acrobot-v1,0,823,-92.0
PPO,Acrobot-v1,0,824,-87.0
PPO,Acrobot-v1,0,825,-81.0
PPO,Acrobot-v1,0,826,-90.0
PPO,Acrobot-v1,0,827,-83.0
PPO,Acrobot-v1,0,828,-87.0
PPO,Acrobot-v1,0,829,-81.0
PPO,Acrobot-v1,0,830,-94.0
PPO,Acrobot-v1,0,831,-85.0
PPO,Acrobot-v1,0,832,-70.0
PPO,Acrobot-v1,0,833,-77.0
PPO,Acrobot-v1,0,834,-72.0
PPO,Acrobot-v1,0,835,-72.0
PPO,Acrobot-v1,0,836,-76.0
PPO,Acrobot-v1,0,837,-183.0
PPO,Acrobot-v1,0,838,-92.0
PPO,Acrobot-v1,0,839,-73.0
PPO,Acrobot-v1,0,840,-63.0
PPO,Acrobot-v1,0,841,-92.0
PPO,Acrobot-v1,0,842,-71.0
PPO,Acrobot-v1,0,843,-81.0
PPO,Acrobot-v1,0,844,-72.0
PPO,Acrobot-v1,0,845,-73.0
PPO,Acrobot-v1,0,846,-85.0
PPO,Acrobot-v1,0,847,-87.0
PPO,Acrobot-v1,0,848,-84.0
PPO,Acrobot-v1,0,849,-85.0
PPO,Acrobot-v1,0,850,-86.0
PPO,Acrobot-v1,0,851,-95.0
PPO,Acrobot-v1,0,852,-90.0
PPO,Acrobot-v1,0,853,-71.0
PPO,Acrobot-v1,0,854,-77.0
PPO,Acrobot-v1,0,855,-74.0
PPO,Acrobot-v1,0,856,-84.0
PPO,Acrobot-v1,0,857,-77.0
PPO,Acrobot-v1,0,858,-89.0
PPO,Acrobot-v1,0,859,-81.0
PPO,Acrobot-v1,0,860,-79.0
PPO,Acrobot-v1,0,861,-84.0
PPO,Acrobot-v1,0,862,-73.0
PPO,Acrobot-v1,0,863,-86.0
PPO,Acrobot-v1,0,864,-78.0
PPO,Acrobot-v1,0,865,-92.0
PPO,Acrobot-v1,0,866,-77.0
PPO,Acrobot-v1,0,867,-83.0
PPO,Acrobot-v1,0,868,-91.0
PPO,Acrobot-v1,0,869,-70.0
PPO,Acrobot-v1,0,870,-76.0
PPO,Acrobot-v1,0,871,-76.0
PPO,Acrobot-v1,0,872,-71.0
PPO,Acrobot-v1,0,873,-76.0
PPO,Acrobot-v1,0,874,-90.0
PPO,Acrobot-v1,0,875,-76.0
PPO,Acrobot-v1,0,876,-98.0
PPO,Acrobot-v1,0,877,-79.0
PPO,Acrobot-v1,0,878,-77.0
PPO,Acrobot-v1,0,879,-84.0
PPO,Acrobot-v1,0,880,-111.0
PPO,Acrobot-v1,0,881,-77.0
PPO,Acrobot-v1,0,882,-89.0
PPO,Acrobot-v1,0,883,-87.0
PPO,Acrobot-v1,0,884,-77.0
PPO,Acrobot-v1,0,885,-80.0
PPO,Acrobot-v1,0,886,-76.0
PPO,Acrobot-v1,0,887,-70.0
PPO,Acrobot-v1,0,888,-86.0
PPO,Acrobot-v1,0,889,-73.0
PPO,Acrobot-v1,0,890,-185.0
PPO,Acrobot-v1,0,891,-86.0
PPO,Acrobot-v1,0,892,-73.0
PPO,Acrobot-v1,0,893,-86.0
PPO,Acrobot-v1,0,894,-89.0
PPO,Acrobot-v1,0,895,-99.0
PPO,Acrobot-v1,0,896,-173.0
PPO,Acrobot-v1,0,897,-82.0
PPO,Acrobot-v1,0,898,-75.0
PPO,Acrobot-v1,0,899,-71.0
PPO,Acrobot-v1,0,900,-87.0
PPO,Acrobot-v1,0,901,-92.0
PPO,Acrobot-v1,0,902,-81.0
PPO,Acrobot-v1,0,903,-74.0
PPO,Acrobot-v1,0,904,-75.0
PPO,Acrobot-v1,0,905,-89.0
PPO,Acrobot-v1,0,906,-76.0
PPO,Acrobot-v1,0,907,-72.0
PPO,Acrobot-v1,0,908,-70.0
PPO,Acrobot-v1,0,909,-86.0
PPO,Acrobot-v1,0,910,-63.0
PPO,Acrobot-v1,0,911,-116.0
PPO,Acrobot-v1,0,912,-73.0
PPO,Acrobot-v1,0,913,-119.0
PPO,Acrobot-v1,0,914,-83.0
PPO,Acrobot-v1,0,915,-69.0
PPO,Acrobot-v1,0,916,-76.0
PPO,Acrobot-v1,0,917,-71.0
PPO,Acrobot-v1,0,918,-87.0
PPO,Acrobot-v1,0,919,-95.0
PPO,Acrobot-v1,0,920,-224.0
PPO,Acrobot-v1,0,921,-74.0
PPO,Acrobot-v1,0,922,-71.0
PPO,Acrobot-v1,0,923,-91.0
PPO,Acrobot-v1,0,924,-71.0
PPO,Acrobot-v1,0,925,-91.0
PPO,Acrobot-v1,0,926,-77.0
PPO,Acrobot-v1,0,927,-72.0
PPO,Acrobot-v1,0,928,-78.0
PPO,Acrobot-v1,0,929,-69.0
PPO,Acrobot-v1,0,930,-146.0
PPO,Acrobot-v1,0,931,-92.0
PPO,Acrobot-v1,0,932,-77.0
PPO,Acrobot-v1,0,933,-79.0
PPO,Acrobot-v1,0,934,-87.0
PPO,Acrobot-v1,0,935,-91.0
PPO,Acrobot-v1,0,936,-90.0
PPO,Acrobot-v1,0,937,-84.0
PPO,Acrobot-v1,0,938,-88.0
PPO,Acrobot-v1,0,939,-78.0
PPO,Acrobot-v1,0,940,-84.0
PPO,Acrobot-v1,0,941,-84.0
PPO,Acrobot-v1,0,942,-80.0
PPO,Acrobot-v1,0,943,-87.0
PPO,Acrobot-v1,0,944,-77.0
PPO,Acrobot-v1,0,945,-78.0
PPO,Acrobot-v1,0,946,-87.0
PPO,Acrobot-v1,0,947,-82.0
PPO,Acrobot-v1,0,948,-80.0
PPO,Acrobot-v1,0,949,-75.0
PPO,Acrobot-v1,0,950,-85.0
PPO,Acrobot-v1,0,951,-77.0
PPO,Acrobot-v1,0,952,-77.0
PPO,Acrobot-v1,0,953,-76.0
PPO,Acrobot-v1,0,954,-90.0
PPO,Acrobot-v1,0,955,-78.0
PPO,Acrobot-v1,0,956,-85.0
PPO,Acrobot-v1,0,957,-79.0
PPO,Acrobot-v1,0,958,-72.0
PPO,Acrobot-v1,0,959,-80.0
PPO,Acrobot-v1,0,960,-110.0
PPO,Acrobot-v1,0,961,-73.0
PPO,Acrobot-v1,0,962,-72.0
PPO,Acrobot-v1,0,963,-86.0
PPO,Acrobot-v1,0,964,-77.0
PPO,Acrobot-v1,0,965,-79.0
PPO,Acrobot-v1,0,966,-76.0
PPO,Acrobot-v1,0,967,-96.0
PPO,Acrobot-v1,0,968,-90.0
PPO,Acrobot-v1,0,969,-92.0
PPO,Acrobot-v1,0,970,-70.0
PPO,Acrobot-v1,0,971,-75.0
PPO,Acrobot-v1,0,972,-81.0
PPO,Acrobot-v1,0,973,-217.0
PPO,Acrobot-v1,0,974,-93.0
PPO,Acrobot-v1,0,975,-87.0
PPO,Acrobot-v1,0,976,-76.0
PPO,Acrobot-v1,0,977,-101.0
PPO,Acrobot-v1,0,978,-76.0
PPO,Acrobot-v1,0,979,-72.0
PPO,Acrobot-v1,0,980,-77.0
PPO,Acrobot-v1,0,981,-103.0
PPO,Acrobot-v1,0,982,-95.0
PPO,Acrobot-v1,0,983,-64.0
PPO,Acrobot-v1,0,984,-88.0
PPO,Acrobot-v1,0,985,-104.0
PPO,Acrobot-v1,0,986,-76.0
PPO,Acrobot-v1,0,987,-77.0
PPO,Acrobot-v1,0,988,-62.0
PPO,Acrobot-v1,0,989,-73.0
PPO,Acrobot-v1,0,990,-72.0
PPO,Acrobot-v1,0,991,-84.0
PPO,Acrobot-v1,0,992,-62.0
PPO,Acrobot-v1,0,993,-75.0
PPO,Acrobot-v1,0,994,-74.0
PPO,Acrobot-v1,0,995,-74.0
PPO,Acrobot-v1,0,996,-85.0
PPO,Acrobot-v1,0,997,-77.0
PPO,Acrobot-v1,0,998,-94.0
PPO,Acrobot-v1,0,999,-84.0
PPO,Acrobot-v1,0,1000,-90.0
PPO,Acrobot-v1,0,1001,-102.0
PPO,Acrobot-v1,0,1002,-134.0
PPO,Acrobot-v1,0,1003,-83.0
PPO,Acrobot-v1,0,1004,-82.0
PPO,Acrobot-v1,0,1005,-87.0
PPO,Acrobot-v1,0,1006,-94.0
PPO,Acrobot-v1,0,1007,-83.0
PPO,Acrobot-v1,0,1008,-73.0
PPO,Acrobot-v1,0,1009,-89.0
PPO,Acrobot-v1,0,1010,-92.0
PPO,Acrobot-v1,0,1011,-77.0
PPO,Acrobot-v1,0,1012,-67.0
PPO,Acrobot-v1,0,1013,-82.0
PPO,Acrobot-v1,0,1014,-77.0
PPO,Acrobot-v1,0,1015,-93.0
PPO,Acrobot-v1,0,1016,-90.0
PPO,Acrobot-v1,0,1017,-73.0
PPO,Acrobot-v1,0,1018,-84.0
PPO,Acrobot-v1,0,1019,-76.0
PPO,Acrobot-v1,0,1020,-73.0
PPO,Acrobot-v1,0,1021,-108.0
PPO,Acrobot-v1,0,1022,-90.0
PPO,Acrobot-v1,0,1023,-73.0
PPO,Acrobot-v1,0,1024,-77.0
PPO,Acrobot-v1,0,1025,-74.0
PPO,Acrobot-v1,0,1026,-64.0
PPO,Acrobot-v1,0,1027,-81.0
PPO,Acrobot-v1,0,1028,-71.0
PPO,Acrobot-v1,0,1029,-71.0
PPO,Acrobot-v1,0,1030,-79.0
PPO,Acrobot-v1,0,1031,-76.0
PPO,Acrobot-v1,0,1032,-85.0
PPO,Acrobot-v1,0,1033,-81.0
PPO,Acrobot-v1,0,1034,-72.0
PPO,Acrobot-v1,0,1035,-92.0
PPO,Acrobot-v1,0,1036,-79.0
PPO,Acrobot-v1,0,1037,-122.0
PPO,Acrobot-v1,0,1038,-62.0
PPO,Acrobot-v1,0,1039,-113.0
PPO,Acrobot-v1,0,1040,-96.0
PPO,Acrobot-v1,0,1041,-75.0
PPO,Acrobot-v1,0,1042,-77.0
PPO,Acrobot-v1,0,1043,-89.0
PPO,Acrobot-v1,0,1044,-77.0
PPO,Acrobot-v1,0,1045,-93.0
PPO,Acrobot-v1,0,1046,-94.0
PPO,Acrobot-v1,0,1047,-97.0
PPO,Acrobot-v1,0,1048,-104.0
PPO,Acrobot-v1,0,1049,-113.0
PPO,Acrobot-v1,0,1050,-73.0
PPO,Acrobot-v1,0,1051,-132.0
PPO,Acrobot-v1,0,1052,-78.0
PPO,Acrobot-v1,0,1053,-78.0
PPO,Acrobot-v1,0,1054,-189.0
PPO,Acrobot-v1,0,1055,-71.0
PPO,Acrobot-v1,0,1056,-76.0
PPO,Acrobot-v1,0,1057,-73.0
PPO,Acrobot-v1,0,1058,-77.0
PPO,Acrobot-v1,0,1059,-115.0
PPO,Acrobot-v1,0,1060,-69.0
PPO,Acrobot-v1,0,1061,-82.0
PPO,Acrobot-v1,0,1062,-78.0
PPO,Acrobot-v1,0,1063,-80.0
PPO,Acrobot-v1,0,1064,-78.0
PPO,Acrobot-v1,0,1065,-74.0
PPO,Acrobot-v1,0,1066,-82.0
PPO,Acrobot-v1,0,1067,-62.0
PPO,Acrobot-v1,0,1068,-76.0
PPO,Acrobot-v1,0,1069,-86.0
PPO,Acrobot-v1,0,1070,-83.0
PPO,Acrobot-v1,0,1071,-75.0
PPO,Acrobot-v1,0,1072,-64.0
PPO,Acrobot-v1,0,1073,-108.0
PPO,Acrobot-v1,0,1074,-84.0
PPO,Acrobot-v1,0,1075,-77.0
PPO,Acrobot-v1,0,1076,-77.0
PPO,Acrobot-v1,0,1077,-89.0
PPO,Acrobot-v1,0,1078,-222.0
PPO,Acrobot-v1,0,1079,-128.0
PPO,Acrobot-v1,0,1080,-79.0
PPO,Acrobot-v1,0,1081,-82.0
PPO,Acrobot-v1,0,1082,-77.0
PPO,Acrobot-v1,0,1083,-70.0
PPO,Acrobot-v1,0,1084,-108.0
PPO,Acrobot-v1,0,1085,-83.0
PPO,Acrobot-v1,0,1086,-86.0
PPO,Acrobot-v1,0,1087,-69.0
PPO,Acrobot-v1,0,1088,-78.0
PPO,Acrobot-v1,0,1089,-101.0
PPO,Acrobot-v1,0,1090,-77.0
PPO,Acrobot-v1,0,1091,-76.0
PPO,Acrobot-v1,0,1092,-100.0
PPO,Acrobot-v1,0,1093,-86.0
PPO,Acrobot-v1,0,1094,-76.0
PPO,Acrobot-v1,0,1095,-77.0
PPO,Acrobot-v1,0,1096,-84.0
PPO,Acrobot-v1,0,1097,-62.0
PPO,Acrobot-v1,0,1098,-73.0
PPO,Acrobot-v1,0,1099,-85.0
PPO,Acrobot-v1,0,1100,-85.0
PPO,Acrobot-v1,0,1101,-75.0
PPO,Acrobot-v1,0,1102,-75.0
PPO,Acrobot-v1,0,1103,-195.0
PPO,Acrobot-v1,0,1104,-78.0
PPO,Acrobot-v1,0,1105,-77.0
PPO,Acrobot-v1,0,1106,-158.0
PPO,Acrobot-v1,0,1107,-77.0
PPO,Acrobot-v1,0,1108,-76.0
PPO,Acrobot-v1,0,1109,-89.0
PPO,Acrobot-v1,0,1110,-80.0
PPO,Acrobot-v1,0,1111,-79.0
PPO,Acrobot-v1,0,1112,-73.0
PPO,Acrobot-v1,0,1113,-137.0
PPO,Acrobot-v1,0,1114,-73.0
PPO,Acrobot-v1,0,1115,-70.0
PPO,Acrobot-v1,0,1116,-77.0
PPO,Acrobot-v1,0,1117,-74.0
PPO,Acrobot-v1,0,1118,-86.0
PPO,Acrobot-v1,0,1119,-86.0
PPO,Acrobot-v1,0,1120,-136.0
PPO,Acrobot-v1,0,1121,-96.0
PPO,Acrobot-v1,0,1122,-88.0
PPO,Acrobot-v1,0,1123,-83.0
PPO,Acrobot-v1,0,1124,-71.0
PPO,Acrobot-v1,0,1125,-72.0
PPO,Acrobot-v1,0,1126,-136.0
PPO,Acrobot-v1,0,1127,-77.0
PPO,Acrobot-v1,0,1128,-84.0
PPO,Acrobot-v1,0,1129,-77.0
PPO,Acrobot-v1,0,1130,-70.0
PPO,Acrobot-v1,0,1131,-78.0
PPO,Acrobot-v1,0,1132,-77.0
PPO,Acrobot-v1,0,1133,-70.0
PPO,Acrobot-v1,0,1134,-77.0
PPO,Acrobot-v1,0,1135,-70.0
PPO,Acrobot-v1,0,1136,-62.0
PPO,Acrobot-v1,0,1137,-91.0
PPO,Acrobot-v1,0,1138,-73.0
PPO,Acrobot-v1,0,1139,-71.0
PPO,Acrobot-v1,0,1140,-93.0
PPO,Acrobot-v1,0,1141,-77.0
PPO,Acrobot-v1,0,1142,-84.0
PPO,Acrobot-v1,0,1143,-108.0
PPO,Acrobot-v1,0,1144,-73.0
PPO,Acrobot-v1,0,1145,-77.0
PPO,Acrobot-v1,0,1146,-117.0
PPO,Acrobot-v1,0,1147,-84.0
PPO,Acrobot-v1,0,1148,-108.0
PPO,Acrobot-v1,0,1149,-76.0
PPO,Acrobot-v1,0,1150,-94.0
PPO,Acrobot-v1,0,1151,-87.0
PPO,Acrobot-v1,0,1152,-80.0
PPO,Acrobot-v1,0,1153,-77.0
PPO,Acrobot-v1,0,1154,-78.0
PPO,Acrobot-v1,0,1155,-71.0
PPO,Acrobot-v1,0,1156,-80.0
PPO,Acrobot-v1,0,1157,-72.0
PPO,Acrobot-v1,0,1158,-89.0
PPO,Acrobot-v1,0,1159,-72.0
PPO,Acrobot-v1,0,1160,-78.0
PPO,Acrobot-v1,0,1161,-73.0
PPO,Acrobot-v1,0,1162,-77.0
PPO,Acrobot-v1,0,1163,-88.0
PPO,Acrobot-v1,0,1164,-77.0
PPO,Acrobot-v1,0,1165,-80.0
PPO,Acrobot-v1,0,1166,-86.0
PPO,Acrobot-v1,0,1167,-90.0
PPO,Acrobot-v1,0,1168,-69.0
PPO,Acrobot-v1,0,1169,-90.0
PPO,Acrobot-v1,0,1170,-72.0
PPO,Acrobot-v1,0,1171,-73.0
PPO,Acrobot-v1,0,1172,-74.0
PPO,Acrobot-v1,0,1173,-74.0
PPO,Acrobot-v1,0,1174,-83.0
PPO,Acrobot-v1,0,1175,-71.0
PPO,Acrobot-v1,0,1176,-76.0
PPO,Acrobot-v1,0,1177,-77.0
PPO,Acrobot-v1,0,1178,-77.0
PPO,Acrobot-v1,0,1179,-71.0
PPO,Acrobot-v1,0,1180,-85.0
PPO,Acrobot-v1,0,1181,-109.0
PPO,Acrobot-v1,0,1182,-100.0
PPO,Acrobot-v1,0,1183,-77.0
PPO,Acrobot-v1,0,1184,-190.0
PPO,Acrobot-v1,0,1185,-71.0
PPO,Acrobot-v1,0,1186,-80.0
PPO,Acrobot-v1,0,1187,-162.0
PPO,Acrobot-v1,0,1188,-73.0
PPO,Acrobot-v1,0,1189,-97.0
PPO,Acrobot-v1,0,1190,-79.0
PPO,Acrobot-v1,0,1191,-77.0
PPO,Acrobot-v1,0,1192,-71.0
PPO,Acrobot-v1,0,1193,-86.0
PPO,Acrobot-v1,0,1194,-87.0
PPO,Acrobot-v1,0,1195,-78.0
PPO,Acrobot-v1,0,1196,-76.0
PPO,Acrobot-v1,0,1197,-78.0
PPO,Acrobot-v1,0,1198,-69.0
PPO,Acrobot-v1,0,1199,-79.0
PPO,Acrobot-v1,0,1200,-78.0
PPO,Acrobot-v1,0,1201,-78.0
PPO,Acrobot-v1,0,1202,-68.0
PPO,Acrobot-v1,0,1203,-87.0
PPO,Acrobot-v1,0,1204,-84.0
PPO,Acrobot-v1,0,1205,-75.0
PPO,Acrobot-v1,0,1206,-77.0
PPO,Acrobot-v1,0,1207,-78.0
PPO,Acrobot-v1,0,1208,-90.0
PPO,Acrobot-v1,0,1209,-78.0
PPO,Acrobot-v1,0,1210,-91.0
PPO,Acrobot-v1,0,1211,-89.0
PPO,Acrobot-v1,0,1212,-70.0
PPO,Acrobot-v1,0,1213,-74.0
PPO,Acrobot-v1,0,1214,-71.0
PPO,Acrobot-v1,0,1215,-71.0
PPO,Acrobot-v1,0,1216,-74.0
PPO,Acrobot-v1,0,1217,-77.0
PPO,Acrobot-v1,0,1218,-68.0
PPO,Acrobot-v1,0,1219,-74.0
PPO,Acrobot-v1,0,1220,-78.0
PPO,Acrobot-v1,0,1221,-76.0
PPO,Acrobot-v1,0,1222,-78.0
PPO,Acrobot-v1,0,1223,-80.0
PPO,Acrobot-v1,0,1224,-206.0
PPO,Acrobot-v1,0,1225,-79.0
PPO,Acrobot-v1,0,1226,-80.0
PPO,Acrobot-v1,0,1227,-69.0
PPO,Acrobot-v1,0,1228,-88.0
PPO,Acrobot-v1,0,1229,-70.0
PPO,Acrobot-v1,0,1230,-85.0
PPO,Acrobot-v1,0,1231,-99.0
PPO,Acrobot-v1,0,1232,-127.0
PPO,Acrobot-v1,0,1233,-74.0
PPO,Acrobot-v1,0,1234,-81.0
PPO,Acrobot-v1,0,1235,-84.0
PPO,Acrobot-v1,0,1236,-73.0
PPO,Acrobot-v1,0,1237,-91.0
PPO,Acrobot-v1,0,1238,-90.0
PPO,Acrobot-v1,0,1239,-79.0
PPO,Acrobot-v1,0,1240,-103.0
PPO,Acrobot-v1,0,1241,-73.0
PPO,Acrobot-v1,0,1242,-76.0
PPO,Acrobot-v1,0,1243,-116.0
PPO,Acrobot-v1,0,1244,-69.0
PPO,Acrobot-v1,0,1245,-62.0
PPO,Acrobot-v1,0,1246,-69.0
PPO,Acrobot-v1,0,1247,-79.0
PPO,Acrobot-v1,0,1248,-87.0
PPO,Acrobot-v1,0,1249,-77.0
PPO,Acrobot-v1,0,1250,-70.0
PPO,Acrobot-v1,0,1251,-88.0
PPO,Acrobot-v1,0,1252,-76.0
PPO,Acrobot-v1,0,1253,-71.0
PPO,Acrobot-v1,0,1254,-77.0
PPO,Acrobot-v1,0,1255,-73.0
PPO,Acrobot-v1,0,1256,-99.0
PPO,Acrobot-v1,0,1257,-90.0
PPO,Acrobot-v1,0,1258,-77.0
PPO,Acrobot-v1,0,1259,-159.0
PPO,Acrobot-v1,0,1260,-88.0
PPO,Acrobot-v1,0,1261,-71.0
PPO,Acrobot-v1,0,1262,-69.0
PPO,Acrobot-v1,0,1263,-91.0
PPO,Acrobot-v1,0,1264,-81.0
PPO,Acrobot-v1,0,1265,-63.0
PPO,Acrobot-v1,0,1266,-76.0
PPO,Acrobot-v1,0,1267,-72.0
PPO,Acrobot-v1,0,1268,-77.0
PPO,Acrobot-v1,0,1269,-67.0
PPO,Acrobot-v1,0,1270,-63.0
PPO,Acrobot-v1,0,1271,-88.0
PPO,Acrobot-v1,0,1272,-92.0
PPO,Acrobot-v1,0,1273,-76.0
PPO,Acrobot-v1,0,1274,-89.0
PPO,Acrobot-v1,0,1275,-80.0
PPO,Acrobot-v1,0,1276,-105.0
PPO,Acrobot-v1,0,1277,-70.0
PPO,Acrobot-v1,0,1278,-76.0
PPO,Acrobot-v1,0,1279,-64.0
PPO,Acrobot-v1,0,1280,-86.0
PPO,Acrobot-v1,0,1281,-79.0
PPO,Acrobot-v1,0,1282,-89.0
PPO,Acrobot-v1,0,1283,-60.0
PPO,Acrobot-v1,0,1284,-84.0
PPO,Acrobot-v1,0,1285,-78.0
PPO,Acrobot-v1,0,1286,-169.0
PPO,Acrobot-v1,0,1287,-70.0
PPO,Acrobot-v1,0,1288,-85.0
PPO,Acrobot-v1,0,1289,-95.0
PPO,Acrobot-v1,0,1290,-80.0
PPO,Acrobot-v1,0,1291,-79.0
PPO,Acrobot-v1,0,1292,-78.0
PPO,Acrobot-v1,0,1293,-86.0
PPO,Acrobot-v1,0,1294,-85.0
PPO,Acrobot-v1,0,1295,-89.0
PPO,Acrobot-v1,0,1296,-80.0
PPO,Acrobot-v1,0,1297,-82.0
PPO,Acrobot-v1,0,1298,-87.0
PPO,Acrobot-v1,0,1299,-71.0
PPO,Acrobot-v1,0,1300,-70.0
PPO,Acrobot-v1,0,1301,-97.0
PPO,Acrobot-v1,0,1302,-63.0
PPO,Acrobot-v1,0,1303,-73.0
PPO,Acrobot-v1,0,1304,-71.0
PPO,Acrobot-v1,0,1305,-71.0
PPO,Acrobot-v1,0,1306,-77.0
PPO,Acrobot-v1,0,1307,-87.0
PPO,Acrobot-v1,0,1308,-87.0
PPO,Acrobot-v1,0,1309,-78.0
PPO,Acrobot-v1,0,1310,-94.0
PPO,Acrobot-v1,0,1311,-71.0
PPO,Acrobot-v1,0,1312,-71.0
PPO,Acrobot-v1,0,1313,-80.0
PPO,Acrobot-v1,0,1314,-75.0
PPO,Acrobot-v1,0,1315,-83.0
PPO,Acrobot-v1,0,1316,-79.0
PPO,Acrobot-v1,0,1317,-87.0
PPO,Acrobot-v1,0,1318,-81.0
PPO,Acrobot-v1,0,1319,-84.0
PPO,Acrobot-v1,0,1320,-77.0
PPO,Acrobot-v1,0,1321,-91.0
PPO,Acrobot-v1,0,1322,-89.0
PPO,Acrobot-v1,0,1323,-69.0
PPO,Acrobot-v1,0,1324,-87.0
PPO,Acrobot-v1,0,1325,-85.0
PPO,Acrobot-v1,0,1326,-85.0
PPO,Acrobot-v1,0,1327,-86.0
PPO,Acrobot-v1,0,1328,-94.0
PPO,Acrobot-v1,0,1329,-88.0
PPO,Acrobot-v1,0,1330,-80.0
PPO,Acrobot-v1,0,1331,-69.0
PPO,Acrobot-v1,0,1332,-72.0
PPO,Acrobot-v1,0,1333,-76.0
PPO,Acrobot-v1,0,1334,-85.0
PPO,Acrobot-v1,0,1335,-83.0
PPO,Acrobot-v1,0,1336,-80.0
PPO,Acrobot-v1,0,1337,-80.0
PPO,Acrobot-v1,0,1338,-194.0
PPO,Acrobot-v1,0,1339,-72.0
PPO,Acrobot-v1,0,1340,-87.0
PPO,Acrobot-v1,0,1341,-71.0
PPO,Acrobot-v1,0,1342,-76.0
PPO,Acrobot-v1,0,1343,-76.0
PPO,Acrobot-v1,0,1344,-81.0
PPO,Acrobot-v1,0,1345,-81.0
PPO,Acrobot-v1,0,1346,-76.0
PPO,Acrobot-v1,0,1347,-76.0
PPO,Acrobot-v1,0,1348,-78.0
PPO,Acrobot-v1,0,1349,-79.0
PPO,Acrobot-v1,0,1350,-74.0
PPO,Acrobot-v1,0,1351,-84.0
PPO,Acrobot-v1,0,1352,-71.0
PPO,Acrobot-v1,0,1353,-76.0
PPO,Acrobot-v1,0,1354,-88.0
PPO,Acrobot-v1,0,1355,-79.0
PPO,Acrobot-v1,0,1356,-88.0
PPO,Acrobot-v1,0,1357,-76.0
PPO,Acrobot-v1,0,1358,-89.0
PPO,Acrobot-v1,0,1359,-121.0
PPO,Acrobot-v1,0,1360,-89.0
PPO,Acrobot-v1,0,1361,-79.0
PPO,Acrobot-v1,0,1362,-75.0
PPO,Acrobot-v1,0,1363,-69.0
PPO,Acrobot-v1,0,1364,-87.0
PPO,Acrobot-v1,0,1365,-76.0
PPO,Acrobot-v1,0,1366,-65.0
PPO,Acrobot-v1,0,1367,-87.0
PPO,Acrobot-v1,0,1368,-76.0
PPO,Acrobot-v1,0,1369,-88.0
PPO,Acrobot-v1,0,1370,-77.0
PPO,Acrobot-v1,0,1371,-78.0
PPO,Acrobot-v1,0,1372,-77.0
PPO,Acrobot-v1,0,1373,-71.0
PPO,Acrobot-v1,0,1374,-73.0
PPO,Acrobot-v1,0,1375,-84.0
PPO,Acrobot-v1,0,1376,-71.0
PPO,Acrobot-v1,0,1377,-74.0
PPO,Acrobot-v1,0,1378,-77.0
PPO,Acrobot-v1,0,1379,-76.0
PPO,Acrobot-v1,0,1380,-191.0
PPO,Acrobot-v1,0,1381,-91.0
PPO,Acrobot-v1,0,1382,-81.0
PPO,Acrobot-v1,0,1383,-76.0
PPO,Acrobot-v1,0,1384,-71.0
PPO,Acrobot-v1,0,1385,-81.0
PPO,Acrobot-v1,0,1386,-87.0
PPO,Acrobot-v1,0,1387,-102.0
PPO,Acrobot-v1,0,1388,-78.0
PPO,Acrobot-v1,0,1389,-76.0
PPO,Acrobot-v1,0,1390,-97.0
PPO,Acrobot-v1,0,1391,-88.0
PPO,Acrobot-v1,0,1392,-85.0
PPO,Acrobot-v1,0,1393,-70.0
PPO,Acrobot-v1,0,1394,-76.0
PPO,Acrobot-v1,0,1395,-72.0
PPO,Acrobot-v1,0,1396,-97.0
PPO,Acrobot-v1,0,1397,-71.0
PPO,Acrobot-v1,0,1398,-80.0
PPO,Acrobot-v1,0,1399,-89.0
PPO,Acrobot-v1,0,1400,-87.0
PPO,Acrobot-v1,0,1401,-77.0
PPO,Acrobot-v1,0,1402,-77.0
PPO,Acrobot-v1,0,1403,-70.0
PPO,Acrobot-v1,0,1404,-98.0
PPO,Acrobot-v1,0,1405,-80.0
PPO,Acrobot-v1,0,1406,-84.0
PPO,Acrobot-v1,0,1407,-82.0
PPO,Acrobot-v1,0,1408,-80.0
PPO,Acrobot-v1,0,1409,-85.0
PPO,Acrobot-v1,0,1410,-77.0
PPO,Acrobot-v1,0,1411,-75.0
PPO,Acrobot-v1,0,1412,-88.0
PPO,Acrobot-v1,0,1413,-79.0
PPO,Acrobot-v1,0,1414,-87.0
PPO,Acrobot-v1,0,1415,-75.0
PPO,Acrobot-v1,0,1416,-88.0
PPO,Acrobot-v1,0,1417,-71.0
PPO,Acrobot-v1,0,1418,-99.0
PPO,Acrobot-v1,0,1419,-69.0
PPO,Acrobot-v1,0,1420,-121.0
PPO,Acrobot-v1,0,1421,-89.0
PPO,Acrobot-v1,0,1422,-82.0
PPO,Acrobot-v1,0,1423,-94.0
PPO,Acrobot-v1,0,1424,-197.0
PPO,Acrobot-v1,0,1425,-88.0
PPO,Acrobot-v1,0,1426,-71.0
PPO,Acrobot-v1,0,1427,-76.0
PPO,Acrobot-v1,0,1428,-77.0
PPO,Acrobot-v1,0,1429,-87.0
PPO,Acrobot-v1,0,1430,-84.0
PPO,Acrobot-v1,0,1431,-61.0
PPO,Acrobot-v1,0,1432,-69.0
PPO,Acrobot-v1,0,1433,-78.0
PPO,Acrobot-v1,0,1434,-71.0
PPO,Acrobot-v1,0,1435,-76.0
PPO,Acrobot-v1,0,1436,-99.0
PPO,Acrobot-v1,0,1437,-94.0
PPO,Acrobot-v1,0,1438,-84.0
PPO,Acrobot-v1,0,1439,-71.0
PPO,Acrobot-v1,0,1440,-76.0
PPO,Acrobot-v1,0,1441,-87.0
PPO,Acrobot-v1,0,1442,-84.0
PPO,Acrobot-v1,0,1443,-84.0
PPO,Acrobot-v1,0,1444,-76.0
PPO,Acrobot-v1,0,1445,-85.0
PPO,Acrobot-v1,0,1446,-72.0
PPO,Acrobot-v1,0,1447,-70.0
PPO,Acrobot-v1,0,1448,-87.0
PPO,Acrobot-v1,0,1449,-79.0
PPO,Acrobot-v1,0,1450,-74.0
PPO,Acrobot-v1,0,1451,-63.0
PPO,Acrobot-v1,0,1452,-86.0
PPO,Acrobot-v1,0,1453,-96.0
PPO,Acrobot-v1,0,1454,-76.0
PPO,Acrobot-v1,0,1455,-71.0
PPO,Acrobot-v1,0,1456,-77.0
PPO,Acrobot-v1,0,1457,-91.0
PPO,Acrobot-v1,0,1458,-87.0
PPO,Acrobot-v1,0,1459,-73.0
PPO,Acrobot-v1,0,1460,-198.0
PPO,Acrobot-v1,0,1461,-77.0
PPO,Acrobot-v1,0,1462,-72.0
PPO,Acrobot-v1,0,1463,-76.0
PPO,Acrobot-v1,0,1464,-78.0
PPO,Acrobot-v1,0,1465,-77.0
PPO,Acrobot-v1,0,1466,-86.0
PPO,Acrobot-v1,0,1467,-70.0
PPO,Acrobot-v1,0,1468,-85.0
PPO,Acrobot-v1,0,1469,-78.0
PPO,Acrobot-v1,0,1470,-84.0
PPO,Acrobot-v1,0,1471,-70.0
PPO,Acrobot-v1,0,1472,-94.0
PPO,Acrobot-v1,0,1473,-81.0
PPO,Acrobot-v1,0,1474,-99.0
PPO,Acrobot-v1,0,1475,-97.0
PPO,Acrobot-v1,0,1476,-97.0
PPO,Acrobot-v1,0,1477,-69.0
PPO,Acrobot-v1,0,1478,-68.0
PPO,Acrobot-v1,0,1479,-80.0
PPO,Acrobot-v1,0,1480,-88.0
PPO,Acrobot-v1,0,1481,-76.0
PPO,Acrobot-v1,0,1482,-80.0
PPO,Acrobot-v1,0,1483,-95.0
PPO,Acrobot-v1,0,1484,-71.0
PPO,Acrobot-v1,0,1485,-96.0
PPO,Acrobot-v1,0,1486,-76.0
PPO,Acrobot-v1,0,1487,-100.0
PPO,Acrobot-v1,0,1488,-86.0
PPO,Acrobot-v1,0,1489,-80.0
PPO,Acrobot-v1,0,1490,-78.0
PPO,Acrobot-v1,0,1491,-70.0
PPO,Acrobot-v1,0,1492,-114.0
PPO,Acrobot-v1,0,1493,-71.0
PPO,Acrobot-v1,0,1494,-207.0
PPO,Acrobot-v1,0,1495,-70.0
PPO,Acrobot-v1,0,1496,-89.0
PPO,Acrobot-v1,0,1497,-74.0
PPO,Acrobot-v1,0,1498,-86.0
PPO,Acrobot-v1,0,1499,-77.0
PPO,Acrobot-v1,0,1500,-94.0
PPO,Acrobot-v1,0,1501,-89.0
PPO,Acrobot-v1,0,1502,-74.0
PPO,Acrobot-v1,0,1503,-79.0
PPO,Acrobot-v1,0,1504,-70.0
PPO,Acrobot-v1,0,1505,-76.0
PPO,Acrobot-v1,0,1506,-71.0
PPO,Acrobot-v1,0,1507,-71.0
PPO,Acrobot-v1,0,1508,-93.0
PPO,Acrobot-v1,0,1509,-72.0
PPO,Acrobot-v1,0,1510,-88.0
PPO,Acrobot-v1,0,1511,-71.0
PPO,Acrobot-v1,0,1512,-86.0
PPO,Acrobot-v1,0,1513,-78.0
PPO,Acrobot-v1,0,1514,-76.0
PPO,Acrobot-v1,0,1515,-78.0
PPO,Acrobot-v1,0,1516,-84.0
PPO,Acrobot-v1,0,1517,-76.0
PPO,Acrobot-v1,0,1518,-86.0
PPO,Acrobot-v1,0,1519,-79.0
PPO,Acrobot-v1,0,1520,-69.0
PPO,Acrobot-v1,0,1521,-210.0
PPO,Acrobot-v1,0,1522,-94.0
PPO,Acrobot-v1,0,1523,-77.0
PPO,Acrobot-v1,0,1524,-84.0
PPO,Acrobot-v1,0,1525,-99.0
PPO,Acrobot-v1,0,1526,-91.0
PPO,Acrobot-v1,0,1527,-78.0
PPO,Acrobot-v1,0,1528,-90.0
PPO,Acrobot-v1,0,1529,-69.0
PPO,Acrobot-v1,0,1530,-83.0
PPO,Acrobot-v1,0,1531,-61.0
PPO,Acrobot-v1,0,1532,-69.0
PPO,Acrobot-v1,0,1533,-68.0
PPO,Acrobot-v1,0,1534,-72.0
PPO,Acrobot-v1,0,1535,-77.0
PPO,Acrobot-v1,0,1536,-78.0
PPO,Acrobot-v1,0,1537,-72.0
PPO,Acrobot-v1,0,1538,-77.0
PPO,Acrobot-v1,0,1539,-91.0
PPO,Acrobot-v1,0,1540,-76.0
PPO,Acrobot-v1,0,1541,-82.0
PPO,Acrobot-v1,0,1542,-85.0
PPO,Acrobot-v1,0,1543,-78.0
PPO,Acrobot-v1,0,1544,-78.0
PPO,Acrobot-v1,0,1545,-87.0
PPO,Acrobot-v1,0,1546,-80.0
PPO,Acrobot-v1,0,1547,-84.0
PPO,Acrobot-v1,0,1548,-97.0
PPO,Acrobot-v1,0,1549,-68.0
PPO,Acrobot-v1,0,1550,-84.0
PPO,Acrobot-v1,0,1551,-77.0
PPO,Acrobot-v1,0,1552,-76.0
PPO,Acrobot-v1,0,1553,-72.0
PPO,Acrobot-v1,0,1554,-90.0
PPO,Acrobot-v1,0,1555,-70.0
PPO,Acrobot-v1,0,1556,-77.0
PPO,Acrobot-v1,0,1557,-77.0
PPO,Acrobot-v1,0,1558,-80.0
PPO,Acrobot-v1,0,1559,-77.0
PPO,Acrobot-v1,0,1560,-83.0
PPO,Acrobot-v1,0,1561,-89.0
PPO,Acrobot-v1,0,1562,-96.0
PPO,Acrobot-v1,0,1563,-88.0
PPO,Acrobot-v1,0,1564,-78.0
PPO,Acrobot-v1,0,1565,-71.0
PPO,Acrobot-v1,0,1566,-76.0
PPO,Acrobot-v1,0,1567,-73.0
PPO,Acrobot-v1,0,1568,-100.0
PPO,Acrobot-v1,0,1569,-96.0
PPO,Acrobot-v1,0,1570,-77.0
PPO,Acrobot-v1,0,1571,-71.0
PPO,Acrobot-v1,0,1572,-76.0
PPO,Acrobot-v1,0,1573,-77.0
PPO,Acrobot-v1,0,1574,-73.0
PPO,Acrobot-v1,0,1575,-88.0
PPO,Acrobot-v1,0,1576,-84.0
PPO,Acrobot-v1,0,1577,-72.0
PPO,Acrobot-v1,0,1578,-76.0
PPO,Acrobot-v1,0,1579,-82.0
PPO,Acrobot-v1,0,1580,-261.0
PPO,Acrobot-v1,0,1581,-79.0
PPO,Acrobot-v1,0,1582,-84.0
PPO,Acrobot-v1,0,1583,-84.0
PPO,Acrobot-v1,0,1584,-71.0
PPO,Acrobot-v1,0,1585,-87.0
PPO,Acrobot-v1,0,1586,-88.0
PPO,Acrobot-v1,0,1587,-63.0
PPO,Acrobot-v1,0,1588,-79.0
PPO,Acrobot-v1,0,1589,-85.0
PPO,Acrobot-v1,0,1590,-72.0
PPO,Acrobot-v1,0,1591,-71.0
PPO,Acrobot-v1,0,1592,-69.0
PPO,Acrobot-v1,0,1593,-86.0
PPO,Acrobot-v1,0,1594,-76.0
PPO,Acrobot-v1,0,1595,-86.0
PPO,Acrobot-v1,0,1596,-72.0
PPO,Acrobot-v1,0,1597,-69.0
PPO,Acrobot-v1,0,1598,-97.0
PPO,Acrobot-v1,0,1599,-77.0
PPO,Acrobot-v1,0,1600,-142.0
PPO,Acrobot-v1,0,1601,-69.0
PPO,Acrobot-v1,0,1602,-89.0
PPO,Acrobot-v1,0,1603,-74.0
PPO,Acrobot-v1,0,1604,-82.0
PPO,Acrobot-v1,0,1605,-82.0
PPO,Acrobot-v1,0,1606,-76.0
PPO,Acrobot-v1,0,1607,-73.0
PPO,Acrobot-v1,0,1608,-71.0
PPO,Acrobot-v1,0,1609,-77.0
PPO,Acrobot-v1,0,1610,-65.0
PPO,Acrobot-v1,0,1611,-86.0
PPO,Acrobot-v1,0,1612,-78.0
PPO,Acrobot-v1,0,1613,-94.0
PPO,Acrobot-v1,0,1614,-76.0
PPO,Acrobot-v1,0,1615,-72.0
PPO,Acrobot-v1,0,1616,-84.0
PPO,Acrobot-v1,0,1617,-73.0
PPO,Acrobot-v1,0,1618,-72.0
PPO,Acrobot-v1,0,1619,-76.0
PPO,Acrobot-v1,0,1620,-79.0
PPO,Acrobot-v1,0,1621,-78.0
PPO,Acrobot-v1,0,1622,-89.0
PPO,Acrobot-v1,0,1623,-81.0
PPO,Acrobot-v1,0,1624,-85.0
PPO,Acrobot-v1,0,1625,-73.0
PPO,Acrobot-v1,0,1626,-99.0
PPO,Acrobot-v1,0,1627,-68.0
PPO,Acrobot-v1,0,1628,-79.0
PPO,Acrobot-v1,0,1629,-86.0
PPO,Acrobot-v1,0,1630,-71.0
PPO,Acrobot-v1,0,1631,-91.0
PPO,Acrobot-v1,0,1632,-86.0
PPO,Acrobot-v1,0,1633,-77.0
PPO,Acrobot-v1,0,1634,-69.0
PPO,Acrobot-v1,0,1635,-126.0
PPO,Acrobot-v1,0,1636,-68.0
PPO,Acrobot-v1,0,1637,-78.0
PPO,Acrobot-v1,0,1638,-90.0
PPO,Acrobot-v1,0,1639,-130.0
PPO,Acrobot-v1,0,1640,-81.0
PPO,Acrobot-v1,0,1641,-78.0
PPO,Acrobot-v1,0,1642,-78.0
PPO,Acrobot-v1,0,1643,-89.0
PPO,Acrobot-v1,0,1644,-75.0
PPO,Acrobot-v1,0,1645,-84.0
PPO,Acrobot-v1,0,1646,-92.0
PPO,Acrobot-v1,0,1647,-98.0
PPO,Acrobot-v1,0,1648,-90.0
PPO,Acrobot-v1,0,1649,-103.0
PPO,Acrobot-v1,0,1650,-88.0
PPO,Acrobot-v1,0,1651,-69.0
PPO,Acrobot-v1,0,1652,-89.0
PPO,Acrobot-v1,0,1653,-78.0
PPO,Acrobot-v1,0,1654,-77.0
PPO,Acrobot-v1,0,1655,-77.0
PPO,Acrobot-v1,0,1656,-79.0
PPO,Acrobot-v1,0,1657,-90.0
PPO,Acrobot-v1,0,1658,-76.0
PPO,Acrobot-v1,0,1659,-76.0
PPO,Acrobot-v1,0,1660,-93.0
PPO,Acrobot-v1,0,1661,-86.0
PPO,Acrobot-v1,0,1662,-71.0
PPO,Acrobot-v1,0,1663,-76.0
PPO,Acrobot-v1,0,1664,-87.0
PPO,Acrobot-v1,0,1665,-87.0
PPO,Acrobot-v1,0,1666,-104.0
PPO,Acrobot-v1,0,1667,-83.0
PPO,Acrobot-v1,0,1668,-78.0
PPO,Acrobot-v1,0,1669,-85.0
PPO,Acrobot-v1,0,1670,-80.0
PPO,Acrobot-v1,0,1671,-79.0
PPO,Acrobot-v1,0,1672,-83.0
PPO,Acrobot-v1,0,1673,-89.0
PPO,Acrobot-v1,0,1674,-77.0
PPO,Acrobot-v1,0,1675,-85.0
PPO,Acrobot-v1,0,1676,-80.0
PPO,Acrobot-v1,0,1677,-61.0
PPO,Acrobot-v1,0,1678,-64.0
PPO,Acrobot-v1,0,1679,-85.0
PPO,Acrobot-v1,0,1680,-77.0
PPO,Acrobot-v1,0,1681,-91.0
PPO,Acrobot-v1,0,1682,-85.0
PPO,Acrobot-v1,0,1683,-76.0
PPO,Acrobot-v1,0,1684,-76.0
PPO,Acrobot-v1,0,1685,-78.0
PPO,Acrobot-v1,0,1686,-87.0
PPO,Acrobot-v1,0,1687,-107.0
PPO,Acrobot-v1,0,1688,-76.0
PPO,Acrobot-v1,0,1689,-77.0
PPO,Acrobot-v1,0,1690,-76.0
PPO,Acrobot-v1,0,1691,-71.0
PPO,Acrobot-v1,0,1692,-95.0
PPO,Acrobot-v1,0,1693,-77.0
PPO,Acrobot-v1,0,1694,-77.0
PPO,Acrobot-v1,0,1695,-81.0
PPO,Acrobot-v1,0,1696,-64.0
PPO,Acrobot-v1,0,1697,-80.0
PPO,Acrobot-v1,0,1698,-70.0
PPO,Acrobot-v1,0,1699,-88.0
PPO,Acrobot-v1,0,1700,-80.0
PPO,Acrobot-v1,0,1701,-84.0
PPO,Acrobot-v1,0,1702,-99.0
PPO,Acrobot-v1,0,1703,-69.0
PPO,Acrobot-v1,0,1704,-77.0
PPO,Acrobot-v1,0,1705,-83.0
PPO,Acrobot-v1,0,1706,-78.0
PPO,Acrobot-v1,0,1707,-69.0
PPO,Acrobot-v1,0,1708,-91.0
PPO,Acrobot-v1,0,1709,-77.0
PPO,Acrobot-v1,0,1710,-73.0
PPO,Acrobot-v1,0,1711,-81.0
PPO,Acrobot-v1,0,1712,-77.0
PPO,Acrobot-v1,0,1713,-87.0
PPO,Acrobot-v1,0,1714,-86.0
PPO,Acrobot-v1,0,1715,-76.0
PPO,Acrobot-v1,0,1716,-71.0
PPO,Acrobot-v1,0,1717,-114.0
PPO,Acrobot-v1,0,1718,-70.0
PPO,Acrobot-v1,0,1719,-79.0
PPO,Acrobot-v1,0,1720,-64.0
PPO,Acrobot-v1,0,1721,-77.0
PPO,Acrobot-v1,0,1722,-86.0
PPO,Acrobot-v1,0,1723,-79.0
PPO,Acrobot-v1,0,1724,-70.0
PPO,Acrobot-v1,0,1725,-76.0
PPO,Acrobot-v1,0,1726,-69.0
PPO,Acrobot-v1,0,1727,-70.0
PPO,Acrobot-v1,0,1728,-90.0
PPO,Acrobot-v1,0,1729,-74.0
PPO,Acrobot-v1,0,1730,-70.0
PPO,Acrobot-v1,0,1731,-98.0
PPO,Acrobot-v1,0,1732,-77.0
PPO,Acrobot-v1,0,1733,-76.0
PPO,Acrobot-v1,0,1734,-71.0
PPO,Acrobot-v1,0,1735,-74.0
PPO,Acrobot-v1,0,1736,-79.0
PPO,Acrobot-v1,0,1737,-188.0
PPO,Acrobot-v1,0,1738,-76.0
PPO,Acrobot-v1,0,1739,-79.0
PPO,Acrobot-v1,0,1740,-78.0
PPO,Acrobot-v1,0,1741,-77.0
PPO,Acrobot-v1,0,1742,-70.0
PPO,Acrobot-v1,0,1743,-91.0
PPO,Acrobot-v1,0,1744,-98.0
PPO,Acrobot-v1,0,1745,-75.0
PPO,Acrobot-v1,0,1746,-69.0
PPO,Acrobot-v1,0,1747,-71.0
PPO,Acrobot-v1,0,1748,-77.0
PPO,Acrobot-v1,0,1749,-71.0
PPO,Acrobot-v1,0,1750,-76.0
PPO,Acrobot-v1,0,1751,-70.0
PPO,Acrobot-v1,0,1752,-98.0
PPO,Acrobot-v1,0,1753,-91.0
PPO,Acrobot-v1,0,1754,-69.0
PPO,Acrobot-v1,0,1755,-88.0
PPO,Acrobot-v1,0,1756,-84.0
PPO,Acrobot-v1,0,1757,-91.0
PPO,Acrobot-v1,0,1758,-73.0
PPO,Acrobot-v1,0,1759,-79.0
PPO,Acrobot-v1,0,1760,-80.0
PPO,Acrobot-v1,0,1761,-77.0
PPO,Acrobot-v1,0,1762,-76.0
PPO,Acrobot-v1,0,1763,-83.0
PPO,Acrobot-v1,0,1764,-73.0
PPO,Acrobot-v1,0,1765,-71.0
PPO,Acrobot-v1,0,1766,-72.0
PPO,Acrobot-v1,0,1767,-91.0
PPO,Acrobot-v1,0,1768,-77.0
PPO,Acrobot-v1,0,1769,-84.0
PPO,Acrobot-v1,0,1770,-78.0
PPO,Acrobot-v1,0,1771,-72.0
PPO,Acrobot-v1,0,1772,-97.0
PPO,Acrobot-v1,0,1773,-73.0
PPO,Acrobot-v1,0,1774,-77.0
PPO,Acrobot-v1,0,1775,-79.0
PPO,Acrobot-v1,0,1776,-69.0
PPO,Acrobot-v1,0,1777,-76.0
PPO,Acrobot-v1,0,1778,-88.0
PPO,Acrobot-v1,0,1779,-69.0
PPO,Acrobot-v1,0,1780,-86.0
PPO,Acrobot-v1,0,1781,-81.0
PPO,Acrobot-v1,0,1782,-81.0
PPO,Acrobot-v1,0,1783,-77.0
PPO,Acrobot-v1,0,1784,-83.0
PPO,Acrobot-v1,0,1785,-97.0
PPO,Acrobot-v1,0,1786,-97.0
PPO,Acrobot-v1,0,1787,-73.0
PPO,Acrobot-v1,0,1788,-311.0
PPO,Acrobot-v1,0,1789,-83.0
PPO,Acrobot-v1,0,1790,-77.0
PPO,Acrobot-v1,0,1791,-73.0
PPO,Acrobot-v1,0,1792,-72.0
PPO,Acrobot-v1,0,1793,-83.0
PPO,Acrobot-v1,0,1794,-87.0
PPO,Acrobot-v1,0,1795,-72.0
PPO,Acrobot-v1,0,1796,-158.0
PPO,Acrobot-v1,0,1797,-80.0
PPO,Acrobot-v1,0,1798,-68.0
PPO,Acrobot-v1,0,1799,-114.0
PPO,Acrobot-v1,0,1800,-76.0
PPO,Acrobot-v1,0,1801,-76.0
PPO,Acrobot-v1,0,1802,-77.0
PPO,Acrobot-v1,0,1803,-78.0
PPO,Acrobot-v1,0,1804,-86.0
PPO,Acrobot-v1,0,1805,-91.0
PPO,Acrobot-v1,0,1806,-98.0
PPO,Acrobot-v1,0,1807,-72.0
PPO,Acrobot-v1,0,1808,-72.0
PPO,Acrobot-v1,0,1809,-64.0
PPO,Acrobot-v1,0,1810,-76.0
PPO,Acrobot-v1,0,1811,-98.0
PPO,Acrobot-v1,0,1812,-77.0
PPO,Acrobot-v1,0,1813,-76.0
PPO,Acrobot-v1,0,1814,-78.0
PPO,Acrobot-v1,0,1815,-84.0
PPO,Acrobot-v1,0,1816,-80.0
PPO,Acrobot-v1,0,1817,-76.0
PPO,Acrobot-v1,0,1818,-78.0
PPO,Acrobot-v1,0,1819,-72.0
PPO,Acrobot-v1,0,1820,-79.0
PPO,Acrobot-v1,0,1821,-85.0
PPO,Acrobot-v1,0,1822,-79.0
PPO,Acrobot-v1,0,1823,-88.0
PPO,Acrobot-v1,0,1824,-85.0
PPO,Acrobot-v1,0,1825,-99.0
PPO,Acrobot-v1,0,1826,-80.0
PPO,Acrobot-v1,0,1827,-86.0
PPO,Acrobot-v1,0,1828,-72.0
PPO,Acrobot-v1,0,1829,-80.0
PPO,Acrobot-v1,0,1830,-72.0
PPO,Acrobot-v1,0,1831,-77.0
PPO,Acrobot-v1,0,1832,-76.0
PPO,Acrobot-v1,0,1833,-85.0
PPO,Acrobot-v1,0,1834,-90.0
PPO,Acrobot-v1,0,1835,-76.0
PPO,Acrobot-v1,0,1836,-88.0
PPO,Acrobot-v1,0,1837,-79.0
PPO,Acrobot-v1,0,1838,-70.0
PPO,Acrobot-v1,0,1839,-82.0
PPO,Acrobot-v1,0,1840,-70.0
PPO,Acrobot-v1,0,1841,-78.0
PPO,Acrobot-v1,0,1842,-67.0
PPO,Acrobot-v1,0,1843,-74.0
PPO,Acrobot-v1,0,1844,-76.0
PPO,Acrobot-v1,0,1845,-74.0
PPO,Acrobot-v1,0,1846,-76.0
PPO,Acrobot-v1,0,1847,-77.0
PPO,Acrobot-v1,0,1848,-86.0
PPO,Acrobot-v1,0,1849,-82.0
PPO,Acrobot-v1,0,1850,-79.0
PPO,Acrobot-v1,0,1851,-75.0
PPO,Acrobot-v1,0,1852,-90.0
PPO,Acrobot-v1,0,1853,-77.0
PPO,Acrobot-v1,0,1854,-71.0
PPO,Acrobot-v1,0,1855,-83.0
PPO,Acrobot-v1,0,1856,-89.0
PPO,Acrobot-v1,0,1857,-86.0
PPO,Acrobot-v1,0,1858,-76.0
PPO,Acrobot-v1,0,1859,-113.0
PPO,Acrobot-v1,0,1860,-75.0
PPO,Acrobot-v1,0,1861,-86.0
PPO,Acrobot-v1,0,1862,-91.0
PPO,Acrobot-v1,0,1863,-91.0
PPO,Acrobot-v1,0,1864,-77.0
PPO,Acrobot-v1,0,1865,-96.0
PPO,Acrobot-v1,0,1866,-108.0
PPO,Acrobot-v1,0,1867,-75.0
PPO,Acrobot-v1,0,1868,-81.0
PPO,Acrobot-v1,0,1869,-77.0
PPO,Acrobot-v1,0,1870,-84.0
PPO,Acrobot-v1,0,1871,-90.0
PPO,Acrobot-v1,0,1872,-71.0
PPO,Acrobot-v1,0,1873,-87.0
PPO,Acrobot-v1,0,1874,-77.0
PPO,Acrobot-v1,0,1875,-108.0
PPO,Acrobot-v1,0,1876,-76.0
PPO,Acrobot-v1,0,1877,-71.0
PPO,Acrobot-v1,0,1878,-69.0
PPO,Acrobot-v1,0,1879,-74.0
PPO,Acrobot-v1,0,1880,-86.0
PPO,Acrobot-v1,0,1881,-81.0
PPO,Acrobot-v1,0,1882,-77.0
PPO,Acrobot-v1,0,1883,-78.0
PPO,Acrobot-v1,0,1884,-68.0
PPO,Acrobot-v1,0,1885,-79.0
PPO,Acrobot-v1,0,1886,-102.0
PPO,Acrobot-v1,0,1887,-78.0
PPO,Acrobot-v1,0,1888,-112.0
PPO,Acrobot-v1,0,1889,-78.0
PPO,Acrobot-v1,0,1890,-87.0
PPO,Acrobot-v1,0,1891,-77.0
PPO,Acrobot-v1,0,1892,-86.0
PPO,Acrobot-v1,0,1893,-84.0
PPO,Acrobot-v1,0,1894,-78.0
PPO,Acrobot-v1,0,1895,-89.0
PPO,Acrobot-v1,0,1896,-76.0
PPO,Acrobot-v1,0,1897,-76.0
PPO,Acrobot-v1,0,1898,-76.0
PPO,Acrobot-v1,0,1899,-78.0
PPO,Acrobot-v1,0,1900,-71.0
PPO,Acrobot-v1,0,1901,-71.0
PPO,Acrobot-v1,0,1902,-72.0
PPO,Acrobot-v1,0,1903,-69.0
PPO,Acrobot-v1,0,1904,-194.0
PPO,Acrobot-v1,0,1905,-82.0
PPO,Acrobot-v1,0,1906,-80.0
PPO,Acrobot-v1,0,1907,-91.0
PPO,Acrobot-v1,0,1908,-113.0
PPO,Acrobot-v1,0,1909,-72.0
PPO,Acrobot-v1,0,1910,-82.0
PPO,Acrobot-v1,0,1911,-104.0
PPO,Acrobot-v1,0,1912,-70.0
PPO,Acrobot-v1,0,1913,-79.0
PPO,Acrobot-v1,0,1914,-77.0
PPO,Acrobot-v1,0,1915,-88.0
PPO,Acrobot-v1,0,1916,-80.0
PPO,Acrobot-v1,0,1917,-80.0
PPO,Acrobot-v1,0,1918,-90.0
PPO,Acrobot-v1,0,1919,-68.0
PPO,Acrobot-v1,0,1920,-84.0
PPO,Acrobot-v1,0,1921,-76.0
PPO,Acrobot-v1,0,1922,-85.0
PPO,Acrobot-v1,0,1923,-80.0
PPO,Acrobot-v1,0,1924,-71.0
PPO,Acrobot-v1,0,1925,-81.0
PPO,Acrobot-v1,0,1926,-89.0
PPO,Acrobot-v1,0,1927,-95.0
PPO,Acrobot-v1,0,1928,-73.0
PPO,Acrobot-v1,0,1929,-77.0
PPO,Acrobot-v1,0,1930,-75.0
PPO,Acrobot-v1,0,1931,-76.0
PPO,Acrobot-v1,0,1932,-141.0
PPO,Acrobot-v1,0,1933,-75.0
PPO,Acrobot-v1,0,1934,-86.0
PPO,Acrobot-v1,0,1935,-71.0
PPO,Acrobot-v1,0,1936,-89.0
PPO,Acrobot-v1,0,1937,-74.0
PPO,Acrobot-v1,0,1938,-75.0
PPO,Acrobot-v1,0,1939,-83.0
PPO,Acrobot-v1,0,1940,-72.0
PPO,Acrobot-v1,0,1941,-88.0
PPO,Acrobot-v1,0,1942,-78.0
PPO,Acrobot-v1,0,1943,-72.0
PPO,Acrobot-v1,0,1944,-77.0
PPO,Acrobot-v1,0,1945,-71.0
PPO,Acrobot-v1,0,1946,-77.0
PPO,Acrobot-v1,0,1947,-92.0
PPO,Acrobot-v1,0,1948,-77.0
PPO,Acrobot-v1,0,1949,-77.0
PPO,Acrobot-v1,0,1950,-70.0
PPO,Acrobot-v1,0,1951,-72.0
PPO,Acrobot-v1,0,1952,-113.0
PPO,Acrobot-v1,0,1953,-73.0
PPO,Acrobot-v1,0,1954,-91.0
PPO,Acrobot-v1,0,1955,-88.0
PPO,Acrobot-v1,0,1956,-76.0
PPO,Acrobot-v1,0,1957,-72.0
PPO,Acrobot-v1,0,1958,-108.0
PPO,Acrobot-v1,0,1959,-73.0
PPO,Acrobot-v1,0,1960,-75.0
PPO,Acrobot-v1,0,1961,-78.0
PPO,Acrobot-v1,0,1962,-78.0
PPO,Acrobot-v1,0,1963,-97.0
PPO,Acrobot-v1,0,1964,-100.0
PPO,Acrobot-v1,0,1965,-102.0
PPO,Acrobot-v1,0,1966,-88.0
PPO,Acrobot-v1,0,1967,-82.0
PPO,Acrobot-v1,0,1968,-83.0
PPO,Acrobot-v1,0,1969,-76.0
PPO,Acrobot-v1,0,1970,-78.0
PPO,Acrobot-v1,0,1971,-85.0
PPO,Acrobot-v1,0,1972,-85.0
PPO,Acrobot-v1,0,1973,-77.0
PPO,Acrobot-v1,0,1974,-71.0
PPO,Acrobot-v1,0,1975,-76.0
PPO,Acrobot-v1,0,1976,-80.0
PPO,Acrobot-v1,0,1977,-86.0
PPO,Acrobot-v1,0,1978,-92.0
PPO,Acrobot-v1,0,1979,-77.0
PPO,Acrobot-v1,0,1980,-69.0
PPO,Acrobot-v1,0,1981,-91.0
PPO,Acrobot-v1,0,1982,-69.0
PPO,Acrobot-v1,0,1983,-75.0
PPO,Acrobot-v1,0,1984,-85.0
PPO,Acrobot-v1,0,1985,-78.0
PPO,Acrobot-v1,0,1986,-71.0
PPO,Acrobot-v1,0,1987,-102.0
PPO,Acrobot-v1,0,1988,-79.0
PPO,Acrobot-v1,0,1989,-73.0
PPO,Acrobot-v1,0,1990,-144.0
PPO,Acrobot-v1,0,1991,-90.0
PPO,Acrobot-v1,0,1992,-84.0
PPO,Acrobot-v1,0,1993,-102.0
PPO,Acrobot-v1,0,1994,-78.0
PPO,Acrobot-v1,0,1995,-76.0
PPO,Acrobot-v1,0,1996,-76.0
PPO,Acrobot-v1,0,1997,-61.0
PPO,Acrobot-v1,0,1998,-69.0
PPO,Acrobot-v1,0,1999,-76.0
PPO,Acrobot-v1,0,2000,-84.0
PPO,Acrobot-v1,0,2001,-85.0
PPO,Acrobot-v1,0,2002,-69.0
PPO,Acrobot-v1,0,2003,-78.0
PPO,Acrobot-v1,0,2004,-90.0
PPO,Acrobot-v1,0,2005,-85.0
PPO,Acrobot-v1,0,2006,-76.0
PPO,Acrobot-v1,0,2007,-80.0
PPO,Acrobot-v1,0,2008,-76.0
PPO,Acrobot-v1,0,2009,-92.0
PPO,Acrobot-v1,0,2010,-110.0
PPO,Acrobot-v1,0,2011,-72.0
PPO,Acrobot-v1,0,2012,-124.0
PPO,Acrobot-v1,0,2013,-84.0
PPO,Acrobot-v1,0,2014,-79.0
PPO,Acrobot-v1,0,2015,-75.0
PPO,Acrobot-v1,0,2016,-159.0
PPO,Acrobot-v1,0,2017,-115.0
PPO,Acrobot-v1,0,2018,-72.0
PPO,Acrobot-v1,0,2019,-78.0
PPO,Acrobot-v1,0,2020,-80.0
PPO,Acrobot-v1,0,2021,-131.0
PPO,Acrobot-v1,0,2022,-78.0
PPO,Acrobot-v1,0,2023,-95.0
PPO,Acrobot-v1,0,2024,-76.0
PPO,Acrobot-v1,0,2025,-72.0
PPO,Acrobot-v1,0,2026,-73.0
PPO,Acrobot-v1,0,2027,-71.0
PPO,Acrobot-v1,0,2028,-83.0
PPO,Acrobot-v1,0,2029,-104.0
PPO,Acrobot-v1,0,2030,-73.0
PPO,Acrobot-v1,0,2031,-76.0
PPO,Acrobot-v1,0,2032,-80.0
PPO,Acrobot-v1,0,2033,-151.0
PPO,Acrobot-v1,0,2034,-78.0
PPO,Acrobot-v1,0,2035,-72.0
PPO,Acrobot-v1,0,2036,-71.0
PPO,Acrobot-v1,0,2037,-84.0
PPO,Acrobot-v1,0,2038,-98.0
PPO,Acrobot-v1,0,2039,-75.0
PPO,Acrobot-v1,0,2040,-73.0
PPO,Acrobot-v1,0,2041,-77.0
PPO,Acrobot-v1,0,2042,-83.0
PPO,Acrobot-v1,0,2043,-87.0
PPO,Acrobot-v1,0,2044,-72.0
PPO,Acrobot-v1,0,2045,-79.0
PPO,Acrobot-v1,0,2046,-71.0
PPO,Acrobot-v1,0,2047,-71.0
PPO,Acrobot-v1,0,2048,-80.0
PPO,Acrobot-v1,0,2049,-77.0
PPO,Acrobot-v1,0,2050,-77.0
PPO,Acrobot-v1,0,2051,-177.0
PPO,Acrobot-v1,0,2052,-71.0
PPO,Acrobot-v1,0,2053,-77.0
PPO,Acrobot-v1,0,2054,-71.0
PPO,Acrobot-v1,0,2055,-80.0
PPO,Acrobot-v1,0,2056,-77.0
PPO,Acrobot-v1,0,2057,-135.0
PPO,Acrobot-v1,0,2058,-83.0
PPO,Acrobot-v1,0,2059,-84.0
PPO,Acrobot-v1,0,2060,-78.0
PPO,Acrobot-v1,0,2061,-78.0
PPO,Acrobot-v1,0,2062,-90.0
PPO,Acrobot-v1,0,2063,-87.0
PPO,Acrobot-v1,0,2064,-72.0
PPO,Acrobot-v1,0,2065,-71.0
PPO,Acrobot-v1,0,2066,-77.0
PPO,Acrobot-v1,0,2067,-81.0
PPO,Acrobot-v1,0,2068,-73.0
PPO,Acrobot-v1,0,2069,-83.0
PPO,Acrobot-v1,0,2070,-100.0
PPO,Acrobot-v1,0,2071,-91.0
PPO,Acrobot-v1,0,2072,-124.0
PPO,Acrobot-v1,0,2073,-64.0
PPO,Acrobot-v1,0,2074,-107.0
PPO,Acrobot-v1,1,0,-500.0
PPO,Acrobot-v1,1,1,-500.0
PPO,Acrobot-v1,1,2,-500.0
PPO,Acrobot-v1,1,3,-500.0
PPO,Acrobot-v1,1,4,-500.0
PPO,Acrobot-v1,1,5,-500.0
PPO,Acrobot-v1,1,6,-500.0
PPO,Acrobot-v1,1,7,-500.0
PPO,Acrobot-v1,1,8,-500.0
PPO,Acrobot-v1,1,9,-500.0
PPO,Acrobot-v1,1,10,-500.0
PPO,Acrobot-v1,1,11,-500.0
PPO,Acrobot-v1,1,12,-199.0
PPO,Acrobot-v1,1,13,-364.0
PPO,Acrobot-v1,1,14,-245.0
PPO,Acrobot-v1,1,15,-488.0
PPO,Acrobot-v1,1,16,-222.0
PPO,Acrobot-v1,1,17,-282.0
PPO,Acrobot-v1,1,18,-285.0
PPO,Acrobot-v1,1,19,-199.0
PPO,Acrobot-v1,1,20,-292.0
PPO,Acrobot-v1,1,21,-191.0
PPO,Acrobot-v1,1,22,-226.0
PPO,Acrobot-v1,1,23,-348.0
PPO,Acrobot-v1,1,24,-206.0
PPO,Acrobot-v1,1,25,-186.0
PPO,Acrobot-v1,1,26,-217.0
PPO,Acrobot-v1,1,27,-206.0
PPO,Acrobot-v1,1,28,-157.0
PPO,Acrobot-v1,1,29,-257.0
PPO,Acrobot-v1,1,30,-209.0
PPO,Acrobot-v1,1,31,-224.0
PPO,Acrobot-v1,1,32,-387.0
PPO,Acrobot-v1,1,33,-203.0
PPO,Acrobot-v1,1,34,-207.0
PPO,Acrobot-v1,1,35,-170.0
PPO,Acrobot-v1,1,36,-500.0
PPO,Acrobot-v1,1,37,-229.0
PPO,Acrobot-v1,1,38,-238.0
PPO,Acrobot-v1,1,39,-232.0
PPO,Acrobot-v1,1,40,-225.0
PPO,Acrobot-v1,1,41,-171.0
PPO,Acrobot-v1,1,42,-165.0
PPO,Acrobot-v1,1,43,-212.0
PPO,Acrobot-v1,1,44,-159.0
PPO,Acrobot-v1,1,45,-189.0
PPO,Acrobot-v1,1,46,-207.0
PPO,Acrobot-v1,1,47,-140.0
PPO,Acrobot-v1,1,48,-157.0
PPO,Acrobot-v1,1,49,-141.0
PPO,Acrobot-v1,1,50,-137.0
PPO,Acrobot-v1,1,51,-145.0
PPO,Acrobot-v1,1,52,-189.0
PPO,Acrobot-v1,1,53,-148.0
PPO,Acrobot-v1,1,54,-140.0
PPO,Acrobot-v1,1,55,-152.0
PPO,Acrobot-v1,1,56,-143.0
PPO,Acrobot-v1,1,57,-166.0
PPO,Acrobot-v1,1,58,-117.0
PPO,Acrobot-v1,1,59,-117.0
PPO,Acrobot-v1,1,60,-130.0
PPO,Acrobot-v1,1,61,-139.0
PPO,Acrobot-v1,1,62,-158.0
PPO,Acrobot-v1,1,63,-229.0
PPO,Acrobot-v1,1,64,-160.0
PPO,Acrobot-v1,1,65,-154.0
PPO,Acrobot-v1,1,66,-117.0
PPO,Acrobot-v1,1,67,-106.0
PPO,Acrobot-v1,1,68,-155.0
PPO,Acrobot-v1,1,69,-135.0
PPO,Acrobot-v1,1,70,-136.0
PPO,Acrobot-v1,1,71,-122.0
PPO,Acrobot-v1,1,72,-149.0
PPO,Acrobot-v1,1,73,-134.0
PPO,Acrobot-v1,1,74,-165.0
PPO,Acrobot-v1,1,75,-129.0
PPO,Acrobot-v1,1,76,-128.0
PPO,Acrobot-v1,1,77,-160.0
PPO,Acrobot-v1,1,78,-196.0
PPO,Acrobot-v1,1,79,-185.0
PPO,Acrobot-v1,1,80,-102.0
PPO,Acrobot-v1,1,81,-124.0
PPO,Acrobot-v1,1,82,-117.0
PPO,Acrobot-v1,1,83,-117.0
PPO,Acrobot-v1,1,84,-136.0
PPO,Acrobot-v1,1,85,-103.0
PPO,Acrobot-v1,1,86,-99.0
PPO,Acrobot-v1,1,87,-119.0
PPO,Acrobot-v1,1,88,-124.0
PPO,Acrobot-v1,1,89,-130.0
PPO,Acrobot-v1,1,90,-167.0
PPO,Acrobot-v1,1,91,-134.0
PPO,Acrobot-v1,1,92,-129.0
PPO,Acrobot-v1,1,93,-128.0
PPO,Acrobot-v1,1,94,-123.0
PPO,Acrobot-v1,1,95,-114.0
PPO,Acrobot-v1,1,96,-112.0
PPO,Acrobot-v1,1,97,-122.0
PPO,Acrobot-v1,1,98,-119.0
PPO,Acrobot-v1,1,99,-101.0
PPO,Acrobot-v1,1,100,-113.0
PPO,Acrobot-v1,1,101,-96.0
PPO,Acrobot-v1,1,102,-108.0
PPO,Acrobot-v1,1,103,-103.0
PPO,Acrobot-v1,1,104,-142.0
PPO,Acrobot-v1,1,105,-87.0
PPO,Acrobot-v1,1,106,-134.0
PPO,Acrobot-v1,1,107,-116.0
PPO,Acrobot-v1,1,108,-96.0
PPO,Acrobot-v1,1,109,-84.0
PPO,Acrobot-v1,1,110,-104.0
PPO,Acrobot-v1,1,111,-88.0
PPO,Acrobot-v1,1,112,-132.0
PPO,Acrobot-v1,1,113,-148.0
PPO,Acrobot-v1,1,114,-101.0
PPO,Acrobot-v1,1,115,-90.0
PPO,Acrobot-v1,1,116,-106.0
PPO,Acrobot-v1,1,117,-95.0
PPO,Acrobot-v1,1,118,-91.0
PPO,Acrobot-v1,1,119,-107.0
PPO,Acrobot-v1,1,120,-119.0
PPO,Acrobot-v1,1,121,-76.0
PPO,Acrobot-v1,1,122,-95.0
PPO,Acrobot-v1,1,123,-89.0
PPO,Acrobot-v1,1,124,-107.0
PPO,Acrobot-v1,1,125,-96.0
PPO,Acrobot-v1,1,126,-96.0
PPO,Acrobot-v1,1,127,-95.0
PPO,Acrobot-v1,1,128,-110.0
PPO,Acrobot-v1,1,129,-95.0
PPO,Acrobot-v1,1,130,-96.0
PPO,Acrobot-v1,1,131,-123.0
PPO,Acrobot-v1,1,132,-150.0
PPO,Acrobot-v1,1,133,-113.0
PPO,Acrobot-v1,1,134,-85.0
PPO,Acrobot-v1,1,135,-101.0
PPO,Acrobot-v1,1,136,-95.0
PPO,Acrobot-v1,1,137,-91.0
PPO,Acrobot-v1,1,138,-111.0
PPO,Acrobot-v1,1,139,-124.0
PPO,Acrobot-v1,1,140,-116.0
PPO,Acrobot-v1,1,141,-108.0
PPO,Acrobot-v1,1,142,-109.0
PPO,Acrobot-v1,1,143,-84.0
PPO,Acrobot-v1,1,144,-224.0
PPO,Acrobot-v1,1,145,-93.0
PPO,Acrobot-v1,1,146,-88.0
PPO,Acrobot-v1,1,147,-92.0
PPO,Acrobot-v1,1,148,-85.0
PPO,Acrobot-v1,1,149,-97.0
PPO,Acrobot-v1,1,150,-124.0
PPO,Acrobot-v1,1,151,-132.0
PPO,Acrobot-v1,1,152,-99.0
PPO,Acrobot-v1,1,153,-114.0
PPO,Acrobot-v1,1,154,-109.0
PPO,Acrobot-v1,1,155,-101.0
PPO,Acrobot-v1,1,156,-119.0
PPO,Acrobot-v1,1,157,-90.0
PPO,Acrobot-v1,1,158,-90.0
PPO,Acrobot-v1,1,159,-112.0
PPO,Acrobot-v1,1,160,-104.0
PPO,Acrobot-v1,1,161,-84.0
PPO,Acrobot-v1,1,162,-101.0
PPO,Acrobot-v1,1,163,-117.0
PPO,Acrobot-v1,1,164,-128.0
PPO,Acrobot-v1,1,165,-96.0
PPO,Acrobot-v1,1,166,-84.0
PPO,Acrobot-v1,1,167,-100.0
PPO,Acrobot-v1,1,168,-88.0
PPO,Acrobot-v1,1,169,-90.0
PPO,Acrobot-v1,1,170,-98.0
PPO,Acrobot-v1,1,171,-105.0
PPO,Acrobot-v1,1,172,-91.0
PPO,Acrobot-v1,1,173,-81.0
PPO,Acrobot-v1,1,174,-108.0
PPO,Acrobot-v1,1,175,-100.0
PPO,Acrobot-v1,1,176,-117.0
PPO,Acrobot-v1,1,177,-116.0
PPO,Acrobot-v1,1,178,-107.0
PPO,Acrobot-v1,1,179,-99.0
PPO,Acrobot-v1,1,180,-93.0
PPO,Acrobot-v1,1,181,-99.0
PPO,Acrobot-v1,1,182,-86.0
PPO,Acrobot-v1,1,183,-96.0
PPO,Acrobot-v1,1,184,-105.0
PPO,Acrobot-v1,1,185,-83.0
PPO,Acrobot-v1,1,186,-88.0
PPO,Acrobot-v1,1,187,-99.0
PPO,Acrobot-v1,1,188,-70.0
PPO,Acrobot-v1,1,189,-98.0
PPO,Acrobot-v1,1,190,-69.0
PPO,Acrobot-v1,1,191,-93.0
PPO,Acrobot-v1,1,192,-90.0
PPO,Acrobot-v1,1,193,-102.0
PPO,Acrobot-v1,1,194,-99.0
PPO,Acrobot-v1,1,195,-132.0
PPO,Acrobot-v1,1,196,-78.0
PPO,Acrobot-v1,1,197,-103.0
PPO,Acrobot-v1,1,198,-82.0
PPO,Acrobot-v1,1,199,-100.0
PPO,Acrobot-v1,1,200,-84.0
PPO,Acrobot-v1,1,201,-82.0
PPO,Acrobot-v1,1,202,-84.0
PPO,Acrobot-v1,1,203,-90.0
PPO,Acrobot-v1,1,204,-96.0
PPO,Acrobot-v1,1,205,-97.0
PPO,Acrobot-v1,1,206,-118.0
PPO,Acrobot-v1,1,207,-80.0
PPO,Acrobot-v1,1,208,-98.0
PPO,Acrobot-v1,1,209,-100.0
PPO,Acrobot-v1,1,210,-88.0
PPO,Acrobot-v1,1,211,-96.0
PPO,Acrobot-v1,1,212,-102.0
PPO,Acrobot-v1,1,213,-100.0
PPO,Acrobot-v1,1,214,-96.0
PPO,Acrobot-v1,1,215,-99.0
PPO,Acrobot-v1,1,216,-207.0
PPO,Acrobot-v1,1,217,-102.0
PPO,Acrobot-v1,1,218,-96.0
PPO,Acrobot-v1,1,219,-106.0
PPO,Acrobot-v1,1,220,-93.0
PPO,Acrobot-v1,1,221,-110.0
PPO,Acrobot-v1,1,222,-77.0
PPO,Acrobot-v1,1,223,-95.0
PPO,Acrobot-v1,1,224,-90.0
PPO,Acrobot-v1,1,225,-89.0
PPO,Acrobot-v1,1,226,-99.0
PPO,Acrobot-v1,1,227,-99.0
PPO,Acrobot-v1,1,228,-96.0
PPO,Acrobot-v1,1,229,-91.0
PPO,Acrobot-v1,1,230,-79.0
PPO,Acrobot-v1,1,231,-104.0
PPO,Acrobot-v1,1,232,-78.0
PPO,Acrobot-v1,1,233,-93.0
PPO,Acrobot-v1,1,234,-103.0
PPO,Acrobot-v1,1,235,-158.0
PPO,Acrobot-v1,1,236,-87.0
PPO,Acrobot-v1,1,237,-107.0
PPO,Acrobot-v1,1,238,-96.0
PPO,Acrobot-v1,1,239,-98.0
PPO,Acrobot-v1,1,240,-80.0
PPO,Acrobot-v1,1,241,-75.0
PPO,Acrobot-v1,1,242,-93.0
PPO,Acrobot-v1,1,243,-96.0
PPO,Acrobot-v1,1,244,-129.0
PPO,Acrobot-v1,1,245,-115.0
PPO,Acrobot-v1,1,246,-86.0
PPO,Acrobot-v1,1,247,-96.0
PPO,Acrobot-v1,1,248,-75.0
PPO,Acrobot-v1,1,249,-163.0
PPO,Acrobot-v1,1,250,-101.0
PPO,Acrobot-v1,1,251,-75.0
PPO,Acrobot-v1,1,252,-90.0
PPO,Acrobot-v1,1,253,-103.0
PPO,Acrobot-v1,1,254,-62.0
PPO,Acrobot-v1,1,255,-76.0
PPO,Acrobot-v1,1,256,-77.0
PPO,Acrobot-v1,1,257,-94.0
PPO,Acrobot-v1,1,258,-75.0
PPO,Acrobot-v1,1,259,-98.0
PPO,Acrobot-v1,1,260,-143.0
PPO,Acrobot-v1,1,261,-70.0
PPO,Acrobot-v1,1,262,-68.0
PPO,Acrobot-v1,1,263,-129.0
PPO,Acrobot-v1,1,264,-72.0
PPO,Acrobot-v1,1,265,-97.0
PPO,Acrobot-v1,1,266,-98.0
PPO,Acrobot-v1,1,267,-98.0
PPO,Acrobot-v1,1,268,-76.0
PPO,Acrobot-v1,1,269,-83.0
PPO,Acrobot-v1,1,270,-82.0
PPO,Acrobot-v1,1,271,-72.0
PPO,Acrobot-v1,1,272,-83.0
PPO,Acrobot-v1,1,273,-75.0
PPO,Acrobot-v1,1,274,-91.0
PPO,Acrobot-v1,1,275,-76.0
PPO,Acrobot-v1,1,276,-92.0
PPO,Acrobot-v1,1,277,-73.0
PPO,Acrobot-v1,1,278,-121.0
PPO,Acrobot-v1,1,279,-80.0
PPO,Acrobot-v1,1,280,-86.0
PPO,Acrobot-v1,1,281,-227.0
PPO,Acrobot-v1,1,282,-68.0
PPO,Acrobot-v1,1,283,-86.0
PPO,Acrobot-v1,1,284,-86.0
PPO,Acrobot-v1,1,285,-95.0
PPO,Acrobot-v1,1,286,-83.0
PPO,Acrobot-v1,1,287,-149.0
PPO,Acrobot-v1,1,288,-96.0
PPO,Acrobot-v1,1,289,-72.0
PPO,Acrobot-v1,1,290,-64.0
PPO,Acrobot-v1,1,291,-112.0
PPO,Acrobot-v1,1,292,-84.0
PPO,Acrobot-v1,1,293,-100.0
PPO,Acrobot-v1,1,294,-90.0
PPO,Acrobot-v1,1,295,-157.0
PPO,Acrobot-v1,1,296,-90.0
PPO,Acrobot-v1,1,297,-74.0
PPO,Acrobot-v1,1,298,-87.0
PPO,Acrobot-v1,1,299,-121.0
PPO,Acrobot-v1,1,300,-72.0
PPO,Acrobot-v1,1,301,-92.0
PPO,Acrobot-v1,1,302,-74.0
PPO,Acrobot-v1,1,303,-191.0
PPO,Acrobot-v1,1,304,-180.0
PPO,Acrobot-v1,1,305,-77.0
PPO,Acrobot-v1,1,306,-64.0
PPO,Acrobot-v1,1,307,-82.0
PPO,Acrobot-v1,1,308,-89.0
PPO,Acrobot-v1,1,309,-99.0
PPO,Acrobot-v1,1,310,-91.0
PPO,Acrobot-v1,1,311,-69.0
PPO,Acrobot-v1,1,312,-136.0
PPO,Acrobot-v1,1,313,-75.0
PPO,Acrobot-v1,1,314,-82.0
PPO,Acrobot-v1,1,315,-76.0
PPO,Acrobot-v1,1,316,-84.0
PPO,Acrobot-v1,1,317,-92.0
PPO,Acrobot-v1,1,318,-132.0
PPO,Acrobot-v1,1,319,-83.0
PPO,Acrobot-v1,1,320,-101.0
PPO,Acrobot-v1,1,321,-76.0
PPO,Acrobot-v1,1,322,-73.0
PPO,Acrobot-v1,1,323,-63.0
PPO,Acrobot-v1,1,324,-85.0
PPO,Acrobot-v1,1,325,-72.0
PPO,Acrobot-v1,1,326,-83.0
PPO,Acrobot-v1,1,327,-85.0
PPO,Acrobot-v1,1,328,-70.0
PPO,Acrobot-v1,1,329,-106.0
PPO,Acrobot-v1,1,330,-86.0
PPO,Acrobot-v1,1,331,-219.0
PPO,Acrobot-v1,1,332,-74.0
PPO,Acrobot-v1,1,333,-79.0
PPO,Acrobot-v1,1,334,-72.0
PPO,Acrobot-v1,1,335,-85.0
PPO,Acrobot-v1,1,336,-78.0
PPO,Acrobot-v1,1,337,-78.0
PPO,Acrobot-v1,1,338,-74.0
PPO,Acrobot-v1,1,339,-98.0
PPO,Acrobot-v1,1,340,-90.0
PPO,Acrobot-v1,1,341,-74.0
PPO,Acrobot-v1,1,342,-76.0
PPO,Acrobot-v1,1,343,-92.0
PPO,Acrobot-v1,1,344,-88.0
PPO,Acrobot-v1,1,345,-69.0
PPO,Acrobot-v1,1,346,-94.0
PPO,Acrobot-v1,1,347,-101.0
PPO,Acrobot-v1,1,348,-76.0
PPO,Acrobot-v1,1,349,-75.0
PPO,Acrobot-v1,1,350,-81.0
PPO,Acrobot-v1,1,351,-71.0
PPO,Acrobot-v1,1,352,-94.0
PPO,Acrobot-v1,1,353,-89.0
PPO,Acrobot-v1,1,354,-73.0
PPO,Acrobot-v1,1,355,-386.0
PPO,Acrobot-v1,1,356,-85.0
PPO,Acrobot-v1,1,357,-72.0
PPO,Acrobot-v1,1,358,-72.0
PPO,Acrobot-v1,1,359,-82.0
PPO,Acrobot-v1,1,360,-70.0
PPO,Acrobot-v1,1,361,-94.0
PPO,Acrobot-v1,1,362,-110.0
PPO,Acrobot-v1,1,363,-77.0
PPO,Acrobot-v1,1,364,-168.0
PPO,Acrobot-v1,1,365,-83.0
PPO,Acrobot-v1,1,366,-86.0
PPO,Acrobot-v1,1,367,-83.0
PPO,Acrobot-v1,1,368,-121.0
PPO,Acrobot-v1,1,369,-72.0
PPO,Acrobot-v1,1,370,-220.0
PPO,Acrobot-v1,1,371,-98.0
PPO,Acrobot-v1,1,372,-89.0
PPO,Acrobot-v1,1,373,-90.0
PPO,Acrobot-v1,1,374,-122.0
PPO,Acrobot-v1,1,375,-73.0
PPO,Acrobot-v1,1,376,-83.0
PPO,Acrobot-v1,1,377,-82.0
PPO,Acrobot-v1,1,378,-86.0
PPO,Acrobot-v1,1,379,-86.0
PPO,Acrobot-v1,1,380,-75.0
PPO,Acrobot-v1,1,381,-76.0
PPO,Acrobot-v1,1,382,-76.0
PPO,Acrobot-v1,1,383,-112.0
PPO,Acrobot-v1,1,384,-69.0
PPO,Acrobot-v1,1,385,-80.0
PPO,Acrobot-v1,1,386,-88.0
PPO,Acrobot-v1,1,387,-108.0
PPO,Acrobot-v1,1,388,-87.0
PPO,Acrobot-v1,1,389,-98.0
PPO,Acrobot-v1,1,390,-92.0
PPO,Acrobot-v1,1,391,-76.0
PPO,Acrobot-v1,1,392,-80.0
PPO,Acrobot-v1,1,393,-76.0
PPO,Acrobot-v1,1,394,-94.0
PPO,Acrobot-v1,1,395,-69.0
PPO,Acrobot-v1,1,396,-75.0
PPO,Acrobot-v1,1,397,-84.0
PPO,Acrobot-v1,1,398,-91.0
PPO,Acrobot-v1,1,399,-73.0
PPO,Acrobot-v1,1,400,-76.0
PPO,Acrobot-v1,1,401,-73.0
PPO,Acrobot-v1,1,402,-64.0
PPO,Acrobot-v1,1,403,-60.0
PPO,Acrobot-v1,1,404,-103.0
PPO,Acrobot-v1,1,405,-75.0
PPO,Acrobot-v1,1,406,-71.0
PPO,Acrobot-v1,1,407,-134.0
PPO,Acrobot-v1,1,408,-82.0
PPO,Acrobot-v1,1,409,-106.0
PPO,Acrobot-v1,1,410,-78.0
PPO,Acrobot-v1,1,411,-86.0
PPO,Acrobot-v1,1,412,-71.0
PPO,Acrobot-v1,1,413,-91.0
PPO,Acrobot-v1,1,414,-92.0
PPO,Acrobot-v1,1,415,-85.0
PPO,Acrobot-v1,1,416,-86.0
PPO,Acrobot-v1,1,417,-83.0
PPO,Acrobot-v1,1,418,-73.0
PPO,Acrobot-v1,1,419,-87.0
PPO,Acrobot-v1,1,420,-78.0
PPO,Acrobot-v1,1,421,-77.0
PPO,Acrobot-v1,1,422,-69.0
PPO,Acrobot-v1,1,423,-89.0
PPO,Acrobot-v1,1,424,-80.0
PPO,Acrobot-v1,1,425,-76.0
PPO,Acrobot-v1,1,426,-108.0
PPO,Acrobot-v1,1,427,-96.0
PPO,Acrobot-v1,1,428,-85.0
PPO,Acrobot-v1,1,429,-78.0
PPO,Acrobot-v1,1,430,-70.0
PPO,Acrobot-v1,1,431,-72.0
PPO,Acrobot-v1,1,432,-85.0
PPO,Acrobot-v1,1,433,-100.0
PPO,Acrobot-v1,1,434,-90.0
PPO,Acrobot-v1,1,435,-91.0
PPO,Acrobot-v1,1,436,-122.0
PPO,Acrobot-v1,1,437,-68.0
PPO,Acrobot-v1,1,438,-78.0
PPO,Acrobot-v1,1,439,-88.0
PPO,Acrobot-v1,1,440,-146.0
PPO,Acrobot-v1,1,441,-94.0
PPO,Acrobot-v1,1,442,-82.0
PPO,Acrobot-v1,1,443,-140.0
PPO,Acrobot-v1,1,444,-90.0
PPO,Acrobot-v1,1,445,-77.0
PPO,Acrobot-v1,1,446,-187.0
PPO,Acrobot-v1,1,447,-98.0
PPO,Acrobot-v1,1,448,-148.0
PPO,Acrobot-v1,1,449,-69.0
PPO,Acrobot-v1,1,450,-83.0
PPO,Acrobot-v1,1,451,-69.0
PPO,Acrobot-v1,1,452,-82.0
PPO,Acrobot-v1,1,453,-102.0
PPO,Acrobot-v1,1,454,-70.0
PPO,Acrobot-v1,1,455,-86.0
PPO,Acrobot-v1,1,456,-80.0
PPO,Acrobot-v1,1,457,-86.0
PPO,Acrobot-v1,1,458,-76.0
PPO,Acrobot-v1,1,459,-101.0
PPO,Acrobot-v1,1,460,-87.0
PPO,Acrobot-v1,1,461,-76.0
PPO,Acrobot-v1,1,462,-94.0
PPO,Acrobot-v1,1,463,-88.0
PPO,Acrobot-v1,1,464,-86.0
PPO,Acrobot-v1,1,465,-70.0
PPO,Acrobot-v1,1,466,-80.0
PPO,Acrobot-v1,1,467,-87.0
PPO,Acrobot-v1,1,468,-91.0
PPO,Acrobot-v1,1,469,-91.0
PPO,Acrobot-v1,1,470,-97.0
PPO,Acrobot-v1,1,471,-87.0
PPO,Acrobot-v1,1,472,-80.0
PPO,Acrobot-v1,1,473,-77.0
PPO,Acrobot-v1,1,474,-97.0
PPO,Acrobot-v1,1,475,-79.0
PPO,Acrobot-v1,1,476,-89.0
PPO,Acrobot-v1,1,477,-122.0
PPO,Acrobot-v1,1,478,-82.0
PPO,Acrobot-v1,1,479,-86.0
PPO,Acrobot-v1,1,480,-90.0
PPO,Acrobot-v1,1,481,-95.0
PPO,Acrobot-v1,1,482,-96.0
PPO,Acrobot-v1,1,483,-88.0
PPO,Acrobot-v1,1,484,-92.0
PPO,Acrobot-v1,1,485,-176.0
PPO,Acrobot-v1,1,486,-62.0
PPO,Acrobot-v1,1,487,-78.0
PPO,Acrobot-v1,1,488,-108.0
PPO,Acrobot-v1,1,489,-63.0
PPO,Acrobot-v1,1,490,-90.0
PPO,Acrobot-v1,1,491,-76.0
PPO,Acrobot-v1,1,492,-76.0
PPO,Acrobot-v1,1,493,-90.0
PPO,Acrobot-v1,1,494,-91.0
PPO,Acrobot-v1,1,495,-110.0
PPO,Acrobot-v1,1,496,-77.0
PPO,Acrobot-v1,1,497,-71.0
PPO,Acrobot-v1,1,498,-74.0
PPO,Acrobot-v1,1,499,-91.0
PPO,Acrobot-v1,1,500,-74.0
PPO,Acrobot-v1,1,501,-70.0
PPO,Acrobot-v1,1,502,-88.0
PPO,Acrobot-v1,1,503,-77.0
PPO,Acrobot-v1,1,504,-89.0
PPO,Acrobot-v1,1,505,-86.0
PPO,Acrobot-v1,1,506,-80.0
PPO,Acrobot-v1,1,507,-85.0
PPO,Acrobot-v1,1,508,-97.0
PPO,Acrobot-v1,1,509,-96.0
PPO,Acrobot-v1,1,510,-82.0
PPO,Acrobot-v1,1,511,-72.0
PPO,Acrobot-v1,1,512,-80.0
PPO,Acrobot-v1,1,513,-63.0
PPO,Acrobot-v1,1,514,-87.0
PPO,Acrobot-v1,1,515,-63.0
PPO,Acrobot-v1,1,516,-80.0
PPO,Acrobot-v1,1,517,-76.0
PPO,Acrobot-v1,1,518,-78.0
PPO,Acrobot-v1,1,519,-248.0
PPO,Acrobot-v1,1,520,-70.0
PPO,Acrobot-v1,1,521,-85.0
PPO,Acrobot-v1,1,522,-72.0
PPO,Acrobot-v1,1,523,-82.0
PPO,Acrobot-v1,1,524,-62.0
PPO,Acrobot-v1,1,525,-124.0
PPO,Acrobot-v1,1,526,-69.0
PPO,Acrobot-v1,1,527,-71.0
PPO,Acrobot-v1,1,528,-89.0
PPO,Acrobot-v1,1,529,-74.0
PPO,Acrobot-v1,1,530,-87.0
PPO,Acrobot-v1,1,531,-91.0
PPO,Acrobot-v1,1,532,-78.0
PPO,Acrobot-v1,1,533,-86.0
PPO,Acrobot-v1,1,534,-74.0
PPO,Acrobot-v1,1,535,-89.0
PPO,Acrobot-v1,1,536,-87.0
PPO,Acrobot-v1,1,537,-80.0
PPO,Acrobot-v1,1,538,-85.0
PPO,Acrobot-v1,1,539,-87.0
PPO,Acrobot-v1,1,540,-73.0
PPO,Acrobot-v1,1,541,-77.0
PPO,Acrobot-v1,1,542,-76.0
PPO,Acrobot-v1,1,543,-72.0
PPO,Acrobot-v1,1,544,-189.0
PPO,Acrobot-v1,1,545,-140.0
PPO,Acrobot-v1,1,546,-78.0
PPO,Acrobot-v1,1,547,-71.0
PPO,Acrobot-v1,1,548,-76.0
PPO,Acrobot-v1,1,549,-61.0
PPO,Acrobot-v1,1,550,-85.0
PPO,Acrobot-v1,1,551,-63.0
PPO,Acrobot-v1,1,552,-92.0
PPO,Acrobot-v1,1,553,-175.0
PPO,Acrobot-v1,1,554,-97.0
PPO,Acrobot-v1,1,555,-75.0
PPO,Acrobot-v1,1,556,-75.0
PPO,Acrobot-v1,1,557,-94.0
PPO,Acrobot-v1,1,558,-78.0
PPO,Acrobot-v1,1,559,-135.0
PPO,Acrobot-v1,1,560,-88.0
PPO,Acrobot-v1,1,561,-75.0
PPO,Acrobot-v1,1,562,-70.0
PPO,Acrobot-v1,1,563,-92.0
PPO,Acrobot-v1,1,564,-86.0
PPO,Acrobot-v1,1,565,-108.0
PPO,Acrobot-v1,1,566,-71.0
PPO,Acrobot-v1,1,567,-77.0
PPO,Acrobot-v1,1,568,-85.0
PPO,Acrobot-v1,1,569,-82.0
PPO,Acrobot-v1,1,570,-78.0
PPO,Acrobot-v1,1,571,-76.0
PPO,Acrobot-v1,1,572,-59.0
PPO,Acrobot-v1,1,573,-70.0
PPO,Acrobot-v1,1,574,-63.0
PPO,Acrobot-v1,1,575,-85.0
PPO,Acrobot-v1,1,576,-83.0
PPO,Acrobot-v1,1,577,-83.0
PPO,Acrobot-v1,1,578,-77.0
PPO,Acrobot-v1,1,579,-62.0
PPO,Acrobot-v1,1,580,-90.0
PPO,Acrobot-v1,1,581,-107.0
PPO,Acrobot-v1,1,582,-82.0
PPO,Acrobot-v1,1,583,-86.0
PPO,Acrobot-v1,1,584,-89.0
PPO,Acrobot-v1,1,585,-105.0
PPO,Acrobot-v1,1,586,-70.0
PPO,Acrobot-v1,1,587,-83.0
PPO,Acrobot-v1,1,588,-88.0
PPO,Acrobot-v1,1,589,-72.0
PPO,Acrobot-v1,1,590,-119.0
PPO,Acrobot-v1,1,591,-105.0
PPO,Acrobot-v1,1,592,-72.0
PPO,Acrobot-v1,1,593,-74.0
PPO,Acrobot-v1,1,594,-75.0
PPO,Acrobot-v1,1,595,-83.0
PPO,Acrobot-v1,1,596,-80.0
PPO,Acrobot-v1,1,597,-75.0
PPO,Acrobot-v1,1,598,-88.0
PPO,Acrobot-v1,1,599,-75.0
PPO,Acrobot-v1,1,600,-70.0
PPO,Acrobot-v1,1,601,-88.0
PPO,Acrobot-v1,1,602,-85.0
PPO,Acrobot-v1,1,603,-75.0
PPO,Acrobot-v1,1,604,-69.0
PPO,Acrobot-v1,1,605,-81.0
PPO,Acrobot-v1,1,606,-84.0
PPO,Acrobot-v1,1,607,-75.0
PPO,Acrobot-v1,1,608,-75.0
PPO,Acrobot-v1,1,609,-71.0
PPO,Acrobot-v1,1,610,-93.0
PPO,Acrobot-v1,1,611,-110.0
PPO,Acrobot-v1,1,612,-61.0
PPO,Acrobot-v1,1,613,-65.0
PPO,Acrobot-v1,1,614,-76.0
PPO,Acrobot-v1,1,615,-73.0
PPO,Acrobot-v1,1,616,-71.0
PPO,Acrobot-v1,1,617,-60.0
PPO,Acrobot-v1,1,618,-94.0
PPO,Acrobot-v1,1,619,-103.0
PPO,Acrobot-v1,1,620,-71.0
PPO,Acrobot-v1,1,621,-71.0
PPO,Acrobot-v1,1,622,-82.0
PPO,Acrobot-v1,1,623,-63.0
PPO,Acrobot-v1,1,624,-82.0
PPO,Acrobot-v1,1,625,-73.0
PPO,Acrobot-v1,1,626,-190.0
PPO,Acrobot-v1,1,627,-91.0
PPO,Acrobot-v1,1,628,-142.0
PPO,Acrobot-v1,1,629,-86.0
PPO,Acrobot-v1,1,630,-86.0
PPO,Acrobot-v1,1,631,-92.0
PPO,Acrobot-v1,1,632,-81.0
PPO,Acrobot-v1,1,633,-95.0
PPO,Acrobot-v1,1,634,-81.0
PPO,Acrobot-v1,1,635,-93.0
PPO,Acrobot-v1,1,636,-82.0
PPO,Acrobot-v1,1,637,-65.0
PPO,Acrobot-v1,1,638,-85.0
PPO,Acrobot-v1,1,639,-82.0
PPO,Acrobot-v1,1,640,-75.0
PPO,Acrobot-v1,1,641,-93.0
PPO,Acrobot-v1,1,642,-99.0
PPO,Acrobot-v1,1,643,-102.0
PPO,Acrobot-v1,1,644,-84.0
PPO,Acrobot-v1,1,645,-73.0
PPO,Acrobot-v1,1,646,-84.0
PPO,Acrobot-v1,1,647,-114.0
PPO,Acrobot-v1,1,648,-85.0
PPO,Acrobot-v1,1,649,-80.0
PPO,Acrobot-v1,1,650,-76.0
PPO,Acrobot-v1,1,651,-72.0
PPO,Acrobot-v1,1,652,-75.0
PPO,Acrobot-v1,1,653,-67.0
PPO,Acrobot-v1,1,654,-84.0
PPO,Acrobot-v1,1,655,-87.0
PPO,Acrobot-v1,1,656,-132.0
PPO,Acrobot-v1,1,657,-60.0
PPO,Acrobot-v1,1,658,-90.0
PPO,Acrobot-v1,1,659,-88.0
PPO,Acrobot-v1,1,660,-68.0
PPO,Acrobot-v1,1,661,-83.0
PPO,Acrobot-v1,1,662,-84.0
PPO,Acrobot-v1,1,663,-74.0
PPO,Acrobot-v1,1,664,-64.0
PPO,Acrobot-v1,1,665,-76.0
PPO,Acrobot-v1,1,666,-70.0
PPO,Acrobot-v1,1,667,-79.0
PPO,Acrobot-v1,1,668,-74.0
PPO,Acrobot-v1,1,669,-81.0
PPO,Acrobot-v1,1,670,-92.0
PPO,Acrobot-v1,1,671,-85.0
PPO,Acrobot-v1,1,672,-86.0
PPO,Acrobot-v1,1,673,-89.0
PPO,Acrobot-v1,1,674,-65.0
PPO,Acrobot-v1,1,675,-85.0
PPO,Acrobot-v1,1,676,-84.0
PPO,Acrobot-v1,1,677,-170.0
PPO,Acrobot-v1,1,678,-86.0
PPO,Acrobot-v1,1,679,-95.0
PPO,Acrobot-v1,1,680,-83.0
PPO,Acrobot-v1,1,681,-79.0
PPO,Acrobot-v1,1,682,-84.0
PPO,Acrobot-v1,1,683,-86.0
PPO,Acrobot-v1,1,684,-78.0
PPO,Acrobot-v1,1,685,-85.0
PPO,Acrobot-v1,1,686,-59.0
PPO,Acrobot-v1,1,687,-76.0
PPO,Acrobot-v1,1,688,-73.0
PPO,Acrobot-v1,1,689,-63.0
PPO,Acrobot-v1,1,690,-79.0
PPO,Acrobot-v1,1,691,-268.0
PPO,Acrobot-v1,1,692,-91.0
PPO,Acrobot-v1,1,693,-71.0
PPO,Acrobot-v1,1,694,-95.0
PPO,Acrobot-v1,1,695,-69.0
PPO,Acrobot-v1,1,696,-76.0
PPO,Acrobot-v1,1,697,-93.0
PPO,Acrobot-v1,1,698,-140.0
PPO,Acrobot-v1,1,699,-86.0
PPO,Acrobot-v1,1,700,-100.0
PPO,Acrobot-v1,1,701,-91.0
PPO,Acrobot-v1,1,702,-98.0
PPO,Acrobot-v1,1,703,-72.0
PPO,Acrobot-v1,1,704,-83.0
PPO,Acrobot-v1,1,705,-76.0
PPO,Acrobot-v1,1,706,-88.0
PPO,Acrobot-v1,1,707,-90.0
PPO,Acrobot-v1,1,708,-87.0
PPO,Acrobot-v1,1,709,-89.0
PPO,Acrobot-v1,1,710,-90.0
PPO,Acrobot-v1,1,711,-70.0
PPO,Acrobot-v1,1,712,-99.0
PPO,Acrobot-v1,1,713,-70.0
PPO,Acrobot-v1,1,714,-84.0
PPO,Acrobot-v1,1,715,-85.0
PPO,Acrobot-v1,1,716,-99.0
PPO,Acrobot-v1,1,717,-71.0
PPO,Acrobot-v1,1,718,-76.0
PPO,Acrobot-v1,1,719,-85.0
PPO,Acrobot-v1,1,720,-79.0
PPO,Acrobot-v1,1,721,-77.0
PPO,Acrobot-v1,1,722,-72.0
PPO,Acrobot-v1,1,723,-82.0
PPO,Acrobot-v1,1,724,-83.0
PPO,Acrobot-v1,1,725,-83.0
PPO,Acrobot-v1,1,726,-71.0
PPO,Acrobot-v1,1,727,-96.0
PPO,Acrobot-v1,1,728,-78.0
PPO,Acrobot-v1,1,729,-88.0
PPO,Acrobot-v1,1,730,-124.0
PPO,Acrobot-v1,1,731,-82.0
PPO,Acrobot-v1,1,732,-92.0
PPO,Acrobot-v1,1,733,-71.0
PPO,Acrobot-v1,1,734,-64.0
PPO,Acrobot-v1,1,735,-74.0
PPO,Acrobot-v1,1,736,-73.0
PPO,Acrobot-v1,1,737,-70.0
PPO,Acrobot-v1,1,738,-96.0
PPO,Acrobot-v1,1,739,-80.0
PPO,Acrobot-v1,1,740,-151.0
PPO,Acrobot-v1,1,741,-71.0
PPO,Acrobot-v1,1,742,-64.0
PPO,Acrobot-v1,1,743,-227.0
PPO,Acrobot-v1,1,744,-114.0
PPO,Acrobot-v1,1,745,-77.0
PPO,Acrobot-v1,1,746,-181.0
PPO,Acrobot-v1,1,747,-86.0
PPO,Acrobot-v1,1,748,-78.0
PPO,Acrobot-v1,1,749,-93.0
PPO,Acrobot-v1,1,750,-73.0
PPO,Acrobot-v1,1,751,-97.0
PPO,Acrobot-v1,1,752,-92.0
PPO,Acrobot-v1,1,753,-94.0
PPO,Acrobot-v1,1,754,-91.0
PPO,Acrobot-v1,1,755,-89.0
PPO,Acrobot-v1,1,756,-77.0
PPO,Acrobot-v1,1,757,-75.0
PPO,Acrobot-v1,1,758,-73.0
PPO,Acrobot-v1,1,759,-72.0
PPO,Acrobot-v1,1,760,-69.0
PPO,Acrobot-v1,1,761,-93.0
PPO,Acrobot-v1,1,762,-80.0
PPO,Acrobot-v1,1,763,-76.0
PPO,Acrobot-v1,1,764,-64.0
PPO,Acrobot-v1,1,765,-71.0
PPO,Acrobot-v1,1,766,-85.0
PPO,Acrobot-v1,1,767,-79.0
PPO,Acrobot-v1,1,768,-78.0
PPO,Acrobot-v1,1,769,-80.0
PPO,Acrobot-v1,1,770,-78.0
PPO,Acrobot-v1,1,771,-83.0
PPO,Acrobot-v1,1,772,-76.0
PPO,Acrobot-v1,1,773,-71.0
PPO,Acrobot-v1,1,774,-141.0
PPO,Acrobot-v1,1,775,-62.0
PPO,Acrobot-v1,1,776,-147.0
PPO,Acrobot-v1,1,777,-114.0
PPO,Acrobot-v1,1,778,-209.0
PPO,Acrobot-v1,1,779,-87.0
PPO,Acrobot-v1,1,780,-79.0
PPO,Acrobot-v1,1,781,-71.0
PPO,Acrobot-v1,1,782,-74.0
PPO,Acrobot-v1,1,783,-89.0
PPO,Acrobot-v1,1,784,-82.0
PPO,Acrobot-v1,1,785,-69.0
PPO,Acrobot-v1,1,786,-71.0
PPO,Acrobot-v1,1,787,-77.0
PPO,Acrobot-v1,1,788,-71.0
PPO,Acrobot-v1,1,789,-79.0
PPO,Acrobot-v1,1,790,-82.0
PPO,Acrobot-v1,1,791,-84.0
PPO,Acrobot-v1,1,792,-90.0
PPO,Acrobot-v1,1,793,-89.0
PPO,Acrobot-v1,1,794,-94.0
PPO,Acrobot-v1,1,795,-61.0
PPO,Acrobot-v1,1,796,-75.0
PPO,Acrobot-v1,1,797,-500.0
PPO,Acrobot-v1,1,798,-62.0
PPO,Acrobot-v1,1,799,-94.0
PPO,Acrobot-v1,1,800,-86.0
PPO,Acrobot-v1,1,801,-75.0
PPO,Acrobot-v1,1,802,-82.0
PPO,Acrobot-v1,1,803,-70.0
PPO,Acrobot-v1,1,804,-65.0
PPO,Acrobot-v1,1,805,-90.0
PPO,Acrobot-v1,1,806,-82.0
PPO,Acrobot-v1,1,807,-73.0
PPO,Acrobot-v1,1,808,-83.0
PPO,Acrobot-v1,1,809,-145.0
PPO,Acrobot-v1,1,810,-79.0
PPO,Acrobot-v1,1,811,-72.0
PPO,Acrobot-v1,1,812,-161.0
PPO,Acrobot-v1,1,813,-70.0
PPO,Acrobot-v1,1,814,-97.0
PPO,Acrobot-v1,1,815,-86.0
PPO,Acrobot-v1,1,816,-70.0
PPO,Acrobot-v1,1,817,-84.0
PPO,Acrobot-v1,1,818,-93.0
PPO,Acrobot-v1,1,819,-70.0
PPO,Acrobot-v1,1,820,-71.0
PPO,Acrobot-v1,1,821,-85.0
PPO,Acrobot-v1,1,822,-75.0
PPO,Acrobot-v1,1,823,-74.0
PPO,Acrobot-v1,1,824,-87.0
PPO,Acrobot-v1,1,825,-75.0
PPO,Acrobot-v1,1,826,-86.0
PPO,Acrobot-v1,1,827,-70.0
PPO,Acrobot-v1,1,828,-160.0
PPO,Acrobot-v1,1,829,-70.0
PPO,Acrobot-v1,1,830,-69.0
PPO,Acrobot-v1,1,831,-81.0
PPO,Acrobot-v1,1,832,-102.0
PPO,Acrobot-v1,1,833,-78.0
PPO,Acrobot-v1,1,834,-75.0
PPO,Acrobot-v1,1,835,-78.0
PPO,Acrobot-v1,1,836,-85.0
PPO,Acrobot-v1,1,837,-69.0
PPO,Acrobot-v1,1,838,-95.0
PPO,Acrobot-v1,1,839,-163.0
PPO,Acrobot-v1,1,840,-61.0
PPO,Acrobot-v1,1,841,-69.0
PPO,Acrobot-v1,1,842,-69.0
PPO,Acrobot-v1,1,843,-85.0
PPO,Acrobot-v1,1,844,-81.0
PPO,Acrobot-v1,1,845,-101.0
PPO,Acrobot-v1,1,846,-79.0
PPO,Acrobot-v1,1,847,-63.0
PPO,Acrobot-v1,1,848,-76.0
PPO,Acrobot-v1,1,849,-87.0
PPO,Acrobot-v1,1,850,-71.0
PPO,Acrobot-v1,1,851,-99.0
PPO,Acrobot-v1,1,852,-70.0
PPO,Acrobot-v1,1,853,-89.0
PPO,Acrobot-v1,1,854,-88.0
PPO,Acrobot-v1,1,855,-68.0
PPO,Acrobot-v1,1,856,-68.0
PPO,Acrobot-v1,1,857,-77.0
PPO,Acrobot-v1,1,858,-63.0
PPO,Acrobot-v1,1,859,-75.0
PPO,Acrobot-v1,1,860,-88.0
PPO,Acrobot-v1,1,861,-100.0
PPO,Acrobot-v1,1,862,-78.0
PPO,Acrobot-v1,1,863,-106.0
PPO,Acrobot-v1,1,864,-84.0
PPO,Acrobot-v1,1,865,-78.0
PPO,Acrobot-v1,1,866,-77.0
PPO,Acrobot-v1,1,867,-71.0
PPO,Acrobot-v1,1,868,-71.0
PPO,Acrobot-v1,1,869,-81.0
PPO,Acrobot-v1,1,870,-70.0
PPO,Acrobot-v1,1,871,-83.0
PPO,Acrobot-v1,1,872,-89.0
PPO,Acrobot-v1,1,873,-87.0
PPO,Acrobot-v1,1,874,-87.0
PPO,Acrobot-v1,1,875,-89.0
PPO,Acrobot-v1,1,876,-106.0
PPO,Acrobot-v1,1,877,-73.0
PPO,Acrobot-v1,1,878,-70.0
PPO,Acrobot-v1,1,879,-70.0
PPO,Acrobot-v1,1,880,-71.0
PPO,Acrobot-v1,1,881,-77.0
PPO,Acrobot-v1,1,882,-71.0
PPO,Acrobot-v1,1,883,-77.0
PPO,Acrobot-v1,1,884,-106.0
PPO,Acrobot-v1,1,885,-84.0
PPO,Acrobot-v1,1,886,-89.0
PPO,Acrobot-v1,1,887,-91.0
PPO,Acrobot-v1,1,888,-63.0
PPO,Acrobot-v1,1,889,-90.0
PPO,Acrobot-v1,1,890,-90.0
PPO,Acrobot-v1,1,891,-61.0
PPO,Acrobot-v1,1,892,-91.0
PPO,Acrobot-v1,1,893,-136.0
PPO,Acrobot-v1,1,894,-76.0
PPO,Acrobot-v1,1,895,-70.0
PPO,Acrobot-v1,1,896,-72.0
PPO,Acrobot-v1,1,897,-76.0
PPO,Acrobot-v1,1,898,-81.0
PPO,Acrobot-v1,1,899,-80.0
PPO,Acrobot-v1,1,900,-78.0
PPO,Acrobot-v1,1,901,-84.0
PPO,Acrobot-v1,1,902,-78.0
PPO,Acrobot-v1,1,903,-135.0
PPO,Acrobot-v1,1,904,-78.0
PPO,Acrobot-v1,1,905,-91.0
PPO,Acrobot-v1,1,906,-180.0
PPO,Acrobot-v1,1,907,-92.0
PPO,Acrobot-v1,1,908,-79.0
PPO,Acrobot-v1,1,909,-71.0
PPO,Acrobot-v1,1,910,-78.0
PPO,Acrobot-v1,1,911,-80.0
PPO,Acrobot-v1,1,912,-87.0
PPO,Acrobot-v1,1,913,-84.0
PPO,Acrobot-v1,1,914,-61.0
PPO,Acrobot-v1,1,915,-79.0
PPO,Acrobot-v1,1,916,-64.0
PPO,Acrobot-v1,1,917,-78.0
PPO,Acrobot-v1,1,918,-90.0
PPO,Acrobot-v1,1,919,-95.0
PPO,Acrobot-v1,1,920,-83.0
PPO,Acrobot-v1,1,921,-87.0
PPO,Acrobot-v1,1,922,-85.0
PPO,Acrobot-v1,1,923,-74.0
PPO,Acrobot-v1,1,924,-86.0
PPO,Acrobot-v1,1,925,-63.0
PPO,Acrobot-v1,1,926,-134.0
PPO,Acrobot-v1,1,927,-97.0
PPO,Acrobot-v1,1,928,-85.0
PPO,Acrobot-v1,1,929,-72.0
PPO,Acrobot-v1,1,930,-111.0
PPO,Acrobot-v1,1,931,-62.0
PPO,Acrobot-v1,1,932,-80.0
PPO,Acrobot-v1,1,933,-62.0
PPO,Acrobot-v1,1,934,-87.0
PPO,Acrobot-v1,1,935,-72.0
PPO,Acrobot-v1,1,936,-71.0
PPO,Acrobot-v1,1,937,-71.0
PPO,Acrobot-v1,1,938,-76.0
PPO,Acrobot-v1,1,939,-86.0
PPO,Acrobot-v1,1,940,-93.0
PPO,Acrobot-v1,1,941,-80.0
PPO,Acrobot-v1,1,942,-78.0
PPO,Acrobot-v1,1,943,-137.0
PPO,Acrobot-v1,1,944,-72.0
PPO,Acrobot-v1,1,945,-170.0
PPO,Acrobot-v1,1,946,-78.0
PPO,Acrobot-v1,1,947,-63.0
PPO,Acrobot-v1,1,948,-83.0
PPO,Acrobot-v1,1,949,-77.0
PPO,Acrobot-v1,1,950,-114.0
PPO,Acrobot-v1,1,951,-71.0
PPO,Acrobot-v1,1,952,-71.0
PPO,Acrobot-v1,1,953,-179.0
PPO,Acrobot-v1,1,954,-72.0
PPO,Acrobot-v1,1,955,-86.0
PPO,Acrobot-v1,1,956,-89.0
PPO,Acrobot-v1,1,957,-69.0
PPO,Acrobot-v1,1,958,-64.0
PPO,Acrobot-v1,1,959,-83.0
PPO,Acrobot-v1,1,960,-163.0
PPO,Acrobot-v1,1,961,-91.0
PPO,Acrobot-v1,1,962,-81.0
PPO,Acrobot-v1,1,963,-62.0
PPO,Acrobot-v1,1,964,-80.0
PPO,Acrobot-v1,1,965,-69.0
PPO,Acrobot-v1,1,966,-70.0
PPO,Acrobot-v1,1,967,-105.0
PPO,Acrobot-v1,1,968,-84.0
PPO,Acrobot-v1,1,969,-96.0
PPO,Acrobot-v1,1,970,-87.0
PPO,Acrobot-v1,1,971,-79.0
PPO,Acrobot-v1,1,972,-91.0
PPO,Acrobot-v1,1,973,-217.0
PPO,Acrobot-v1,1,974,-82.0
PPO,Acrobot-v1,1,975,-104.0
PPO,Acrobot-v1,1,976,-92.0
PPO,Acrobot-v1,1,977,-153.0
PPO,Acrobot-v1,1,978,-89.0
PPO,Acrobot-v1,1,979,-70.0
PPO,Acrobot-v1,1,980,-141.0
PPO,Acrobot-v1,1,981,-83.0
PPO,Acrobot-v1,1,982,-84.0
PPO,Acrobot-v1,1,983,-92.0
PPO,Acrobot-v1,1,984,-87.0
PPO,Acrobot-v1,1,985,-78.0
PPO,Acrobot-v1,1,986,-109.0
PPO,Acrobot-v1,1,987,-70.0
PPO,Acrobot-v1,1,988,-81.0
PPO,Acrobot-v1,1,989,-78.0
PPO,Acrobot-v1,1,990,-74.0
PPO,Acrobot-v1,1,991,-113.0
PPO,Acrobot-v1,1,992,-87.0
PPO,Acrobot-v1,1,993,-76.0
PPO,Acrobot-v1,1,994,-78.0
PPO,Acrobot-v1,1,995,-73.0
PPO,Acrobot-v1,1,996,-77.0
PPO,Acrobot-v1,1,997,-152.0
PPO,Acrobot-v1,1,998,-77.0
PPO,Acrobot-v1,1,999,-88.0
PPO,Acrobot-v1,1,1000,-71.0
PPO,Acrobot-v1,1,1001,-86.0
PPO,Acrobot-v1,1,1002,-72.0
PPO,Acrobot-v1,1,1003,-79.0
PPO,Acrobot-v1,1,1004,-84.0
PPO,Acrobot-v1,1,1005,-64.0
PPO,Acrobot-v1,1,1006,-92.0
PPO,Acrobot-v1,1,1007,-84.0
PPO,Acrobot-v1,1,1008,-76.0
PPO,Acrobot-v1,1,1009,-89.0
PPO,Acrobot-v1,1,1010,-60.0
PPO,Acrobot-v1,1,1011,-75.0
PPO,Acrobot-v1,1,1012,-88.0
PPO,Acrobot-v1,1,1013,-82.0
PPO,Acrobot-v1,1,1014,-80.0
PPO,Acrobot-v1,1,1015,-79.0
PPO,Acrobot-v1,1,1016,-161.0
PPO,Acrobot-v1,1,1017,-82.0
PPO,Acrobot-v1,1,1018,-78.0
PPO,Acrobot-v1,1,1019,-84.0
PPO,Acrobot-v1,1,1020,-79.0
PPO,Acrobot-v1,1,1021,-90.0
PPO,Acrobot-v1,1,1022,-106.0
PPO,Acrobot-v1,1,1023,-77.0
PPO,Acrobot-v1,1,1024,-71.0
PPO,Acrobot-v1,1,1025,-77.0
PPO,Acrobot-v1,1,1026,-76.0
PPO,Acrobot-v1,1,1027,-88.0
PPO,Acrobot-v1,1,1028,-85.0
PPO,Acrobot-v1,1,1029,-85.0
PPO,Acrobot-v1,1,1030,-97.0
PPO,Acrobot-v1,1,1031,-109.0
PPO,Acrobot-v1,1,1032,-97.0
PPO,Acrobot-v1,1,1033,-75.0
PPO,Acrobot-v1,1,1034,-137.0
PPO,Acrobot-v1,1,1035,-99.0
PPO,Acrobot-v1,1,1036,-73.0
PPO,Acrobot-v1,1,1037,-80.0
PPO,Acrobot-v1,1,1038,-87.0
PPO,Acrobot-v1,1,1039,-70.0
PPO,Acrobot-v1,1,1040,-63.0
PPO,Acrobot-v1,1,1041,-85.0
PPO,Acrobot-v1,1,1042,-64.0
PPO,Acrobot-v1,1,1043,-69.0
PPO,Acrobot-v1,1,1044,-82.0
PPO,Acrobot-v1,1,1045,-81.0
PPO,Acrobot-v1,1,1046,-63.0
PPO,Acrobot-v1,1,1047,-63.0
PPO,Acrobot-v1,1,1048,-75.0
PPO,Acrobot-v1,1,1049,-84.0
PPO,Acrobot-v1,1,1050,-71.0
PPO,Acrobot-v1,1,1051,-140.0
PPO,Acrobot-v1,1,1052,-81.0
PPO,Acrobot-v1,1,1053,-77.0
PPO,Acrobot-v1,1,1054,-99.0
PPO,Acrobot-v1,1,1055,-63.0
PPO,Acrobot-v1,1,1056,-70.0
PPO,Acrobot-v1,1,1057,-98.0
PPO,Acrobot-v1,1,1058,-83.0
PPO,Acrobot-v1,1,1059,-61.0
PPO,Acrobot-v1,1,1060,-71.0
PPO,Acrobot-v1,1,1061,-63.0
PPO,Acrobot-v1,1,1062,-86.0
PPO,Acrobot-v1,1,1063,-87.0
PPO,Acrobot-v1,1,1064,-80.0
PPO,Acrobot-v1,1,1065,-136.0
PPO,Acrobot-v1,1,1066,-81.0
PPO,Acrobot-v1,1,1067,-87.0
PPO,Acrobot-v1,1,1068,-84.0
PPO,Acrobot-v1,1,1069,-63.0
PPO,Acrobot-v1,1,1070,-72.0
PPO,Acrobot-v1,1,1071,-75.0
PPO,Acrobot-v1,1,1072,-82.0
PPO,Acrobot-v1,1,1073,-69.0
PPO,Acrobot-v1,1,1074,-85.0
PPO,Acrobot-v1,1,1075,-89.0
PPO,Acrobot-v1,1,1076,-71.0
PPO,Acrobot-v1,1,1077,-67.0
PPO,Acrobot-v1,1,1078,-78.0
PPO,Acrobot-v1,1,1079,-61.0
PPO,Acrobot-v1,1,1080,-62.0
PPO,Acrobot-v1,1,1081,-87.0
PPO,Acrobot-v1,1,1082,-70.0
PPO,Acrobot-v1,1,1083,-90.0
PPO,Acrobot-v1,1,1084,-66.0
PPO,Acrobot-v1,1,1085,-77.0
PPO,Acrobot-v1,1,1086,-75.0
PPO,Acrobot-v1,1,1087,-83.0
PPO,Acrobot-v1,1,1088,-70.0
PPO,Acrobot-v1,1,1089,-95.0
PPO,Acrobot-v1,1,1090,-78.0
PPO,Acrobot-v1,1,1091,-66.0
PPO,Acrobot-v1,1,1092,-72.0
PPO,Acrobot-v1,1,1093,-71.0
PPO,Acrobot-v1,1,1094,-63.0
PPO,Acrobot-v1,1,1095,-139.0
PPO,Acrobot-v1,1,1096,-88.0
PPO,Acrobot-v1,1,1097,-69.0
PPO,Acrobot-v1,1,1098,-79.0
PPO,Acrobot-v1,1,1099,-65.0
PPO,Acrobot-v1,1,1100,-70.0
PPO,Acrobot-v1,1,1101,-91.0
PPO,Acrobot-v1,1,1102,-89.0
PPO,Acrobot-v1,1,1103,-85.0
PPO,Acrobot-v1,1,1104,-76.0
PPO,Acrobot-v1,1,1105,-99.0
PPO,Acrobot-v1,1,1106,-80.0
PPO,Acrobot-v1,1,1107,-64.0
PPO,Acrobot-v1,1,1108,-88.0
PPO,Acrobot-v1,1,1109,-72.0
PPO,Acrobot-v1,1,1110,-72.0
PPO,Acrobot-v1,1,1111,-85.0
PPO,Acrobot-v1,1,1112,-88.0
PPO,Acrobot-v1,1,1113,-94.0
PPO,Acrobot-v1,1,1114,-81.0
PPO,Acrobot-v1,1,1115,-103.0
PPO,Acrobot-v1,1,1116,-80.0
PPO,Acrobot-v1,1,1117,-75.0
PPO,Acrobot-v1,1,1118,-79.0
PPO,Acrobot-v1,1,1119,-90.0
PPO,Acrobot-v1,1,1120,-69.0
PPO,Acrobot-v1,1,1121,-87.0
PPO,Acrobot-v1,1,1122,-79.0
PPO,Acrobot-v1,1,1123,-69.0
PPO,Acrobot-v1,1,1124,-70.0
PPO,Acrobot-v1,1,1125,-78.0
PPO,Acrobot-v1,1,1126,-89.0
PPO,Acrobot-v1,1,1127,-79.0
PPO,Acrobot-v1,1,1128,-72.0
PPO,Acrobot-v1,1,1129,-62.0
PPO,Acrobot-v1,1,1130,-73.0
PPO,Acrobot-v1,1,1131,-81.0
PPO,Acrobot-v1,1,1132,-71.0
PPO,Acrobot-v1,1,1133,-76.0
PPO,Acrobot-v1,1,1134,-91.0
PPO,Acrobot-v1,1,1135,-62.0
PPO,Acrobot-v1,1,1136,-71.0
PPO,Acrobot-v1,1,1137,-108.0
PPO,Acrobot-v1,1,1138,-64.0
PPO,Acrobot-v1,1,1139,-97.0
PPO,Acrobot-v1,1,1140,-93.0
PPO,Acrobot-v1,1,1141,-90.0
PPO,Acrobot-v1,1,1142,-79.0
PPO,Acrobot-v1,1,1143,-63.0
PPO,Acrobot-v1,1,1144,-74.0
PPO,Acrobot-v1,1,1145,-78.0
PPO,Acrobot-v1,1,1146,-85.0
PPO,Acrobot-v1,1,1147,-107.0
PPO,Acrobot-v1,1,1148,-70.0
PPO,Acrobot-v1,1,1149,-108.0
PPO,Acrobot-v1,1,1150,-73.0
PPO,Acrobot-v1,1,1151,-214.0
PPO,Acrobot-v1,1,1152,-90.0
PPO,Acrobot-v1,1,1153,-71.0
PPO,Acrobot-v1,1,1154,-73.0
PPO,Acrobot-v1,1,1155,-89.0
PPO,Acrobot-v1,1,1156,-86.0
PPO,Acrobot-v1,1,1157,-86.0
PPO,Acrobot-v1,1,1158,-75.0
PPO,Acrobot-v1,1,1159,-70.0
PPO,Acrobot-v1,1,1160,-70.0
PPO,Acrobot-v1,1,1161,-90.0
PPO,Acrobot-v1,1,1162,-82.0
PPO,Acrobot-v1,1,1163,-70.0
PPO,Acrobot-v1,1,1164,-85.0
PPO,Acrobot-v1,1,1165,-86.0
PPO,Acrobot-v1,1,1166,-114.0
PPO,Acrobot-v1,1,1167,-71.0
PPO,Acrobot-v1,1,1168,-82.0
PPO,Acrobot-v1,1,1169,-86.0
PPO,Acrobot-v1,1,1170,-77.0
PPO,Acrobot-v1,1,1171,-130.0
PPO,Acrobot-v1,1,1172,-69.0
PPO,Acrobot-v1,1,1173,-66.0
PPO,Acrobot-v1,1,1174,-91.0
PPO,Acrobot-v1,1,1175,-71.0
PPO,Acrobot-v1,1,1176,-78.0
PPO,Acrobot-v1,1,1177,-71.0
PPO,Acrobot-v1,1,1178,-67.0
PPO,Acrobot-v1,1,1179,-73.0
PPO,Acrobot-v1,1,1180,-80.0
PPO,Acrobot-v1,1,1181,-79.0
PPO,Acrobot-v1,1,1182,-93.0
PPO,Acrobot-v1,1,1183,-92.0
PPO,Acrobot-v1,1,1184,-75.0
PPO,Acrobot-v1,1,1185,-79.0
PPO,Acrobot-v1,1,1186,-76.0
PPO,Acrobot-v1,1,1187,-77.0
PPO,Acrobot-v1,1,1188,-89.0
PPO,Acrobot-v1,1,1189,-83.0
PPO,Acrobot-v1,1,1190,-95.0
PPO,Acrobot-v1,1,1191,-74.0
PPO,Acrobot-v1,1,1192,-173.0
PPO,Acrobot-v1,1,1193,-69.0
PPO,Acrobot-v1,1,1194,-99.0
PPO,Acrobot-v1,1,1195,-75.0
PPO,Acrobot-v1,1,1196,-90.0
PPO,Acrobot-v1,1,1197,-87.0
PPO,Acrobot-v1,1,1198,-71.0
PPO,Acrobot-v1,1,1199,-69.0
PPO,Acrobot-v1,1,1200,-60.0
PPO,Acrobot-v1,1,1201,-71.0
PPO,Acrobot-v1,1,1202,-94.0
PPO,Acrobot-v1,1,1203,-95.0
PPO,Acrobot-v1,1,1204,-85.0
PPO,Acrobot-v1,1,1205,-78.0
PPO,Acrobot-v1,1,1206,-89.0
PPO,Acrobot-v1,1,1207,-101.0
PPO,Acrobot-v1,1,1208,-87.0
PPO,Acrobot-v1,1,1209,-69.0
PPO,Acrobot-v1,1,1210,-90.0
PPO,Acrobot-v1,1,1211,-63.0
PPO,Acrobot-v1,1,1212,-80.0
PPO,Acrobot-v1,1,1213,-78.0
PPO,Acrobot-v1,1,1214,-70.0
PPO,Acrobot-v1,1,1215,-78.0
PPO,Acrobot-v1,1,1216,-77.0
PPO,Acrobot-v1,1,1217,-70.0
PPO,Acrobot-v1,1,1218,-64.0
PPO,Acrobot-v1,1,1219,-69.0
PPO,Acrobot-v1,1,1220,-181.0
PPO,Acrobot-v1,1,1221,-63.0
PPO,Acrobot-v1,1,1222,-88.0
PPO,Acrobot-v1,1,1223,-79.0
PPO,Acrobot-v1,1,1224,-74.0
PPO,Acrobot-v1,1,1225,-74.0
PPO,Acrobot-v1,1,1226,-78.0
PPO,Acrobot-v1,1,1227,-207.0
PPO,Acrobot-v1,1,1228,-86.0
PPO,Acrobot-v1,1,1229,-69.0
PPO,Acrobot-v1,1,1230,-76.0
PPO,Acrobot-v1,1,1231,-98.0
PPO,Acrobot-v1,1,1232,-72.0
PPO,Acrobot-v1,1,1233,-80.0
PPO,Acrobot-v1,1,1234,-104.0
PPO,Acrobot-v1,1,1235,-70.0
PPO,Acrobot-v1,1,1236,-84.0
PPO,Acrobot-v1,1,1237,-87.0
PPO,Acrobot-v1,1,1238,-70.0
PPO,Acrobot-v1,1,1239,-95.0
PPO,Acrobot-v1,1,1240,-72.0
PPO,Acrobot-v1,1,1241,-99.0
PPO,Acrobot-v1,1,1242,-81.0
PPO,Acrobot-v1,1,1243,-87.0
PPO,Acrobot-v1,1,1244,-63.0
PPO,Acrobot-v1,1,1245,-70.0
PPO,Acrobot-v1,1,1246,-79.0
PPO,Acrobot-v1,1,1247,-85.0
PPO,Acrobot-v1,1,1248,-71.0
PPO,Acrobot-v1,1,1249,-76.0
PPO,Acrobot-v1,1,1250,-77.0
PPO,Acrobot-v1,1,1251,-91.0
PPO,Acrobot-v1,1,1252,-70.0
PPO,Acrobot-v1,1,1253,-72.0
PPO,Acrobot-v1,1,1254,-133.0
PPO,Acrobot-v1,1,1255,-147.0
PPO,Acrobot-v1,1,1256,-87.0
PPO,Acrobot-v1,1,1257,-101.0
PPO,Acrobot-v1,1,1258,-105.0
PPO,Acrobot-v1,1,1259,-71.0
PPO,Acrobot-v1,1,1260,-70.0
PPO,Acrobot-v1,1,1261,-82.0
PPO,Acrobot-v1,1,1262,-92.0
PPO,Acrobot-v1,1,1263,-130.0
PPO,Acrobot-v1,1,1264,-75.0
PPO,Acrobot-v1,1,1265,-83.0
PPO,Acrobot-v1,1,1266,-72.0
PPO,Acrobot-v1,1,1267,-71.0
PPO,Acrobot-v1,1,1268,-102.0
PPO,Acrobot-v1,1,1269,-87.0
PPO,Acrobot-v1,1,1270,-62.0
PPO,Acrobot-v1,1,1271,-89.0
PPO,Acrobot-v1,1,1272,-71.0
PPO,Acrobot-v1,1,1273,-62.0
PPO,Acrobot-v1,1,1274,-71.0
PPO,Acrobot-v1,1,1275,-89.0
PPO,Acrobot-v1,1,1276,-63.0
PPO,Acrobot-v1,1,1277,-71.0
PPO,Acrobot-v1,1,1278,-110.0
PPO,Acrobot-v1,1,1279,-86.0
PPO,Acrobot-v1,1,1280,-72.0
PPO,Acrobot-v1,1,1281,-75.0
PPO,Acrobot-v1,1,1282,-90.0
PPO,Acrobot-v1,1,1283,-78.0
PPO,Acrobot-v1,1,1284,-87.0
PPO,Acrobot-v1,1,1285,-62.0
PPO,Acrobot-v1,1,1286,-71.0
PPO,Acrobot-v1,1,1287,-97.0
PPO,Acrobot-v1,1,1288,-87.0
PPO,Acrobot-v1,1,1289,-71.0
PPO,Acrobot-v1,1,1290,-72.0
PPO,Acrobot-v1,1,1291,-64.0
PPO,Acrobot-v1,1,1292,-71.0
PPO,Acrobot-v1,1,1293,-90.0
PPO,Acrobot-v1,1,1294,-81.0
PPO,Acrobot-v1,1,1295,-87.0
PPO,Acrobot-v1,1,1296,-84.0
PPO,Acrobot-v1,1,1297,-76.0
PPO,Acrobot-v1,1,1298,-81.0
PPO,Acrobot-v1,1,1299,-69.0
PPO,Acrobot-v1,1,1300,-77.0
PPO,Acrobot-v1,1,1301,-79.0
PPO,Acrobot-v1,1,1302,-65.0
PPO,Acrobot-v1,1,1303,-97.0
PPO,Acrobot-v1,1,1304,-64.0
PPO,Acrobot-v1,1,1305,-85.0
PPO,Acrobot-v1,1,1306,-68.0
PPO,Acrobot-v1,1,1307,-89.0
PPO,Acrobot-v1,1,1308,-72.0
PPO,Acrobot-v1,1,1309,-86.0
PPO,Acrobot-v1,1,1310,-70.0
PPO,Acrobot-v1,1,1311,-71.0
PPO,Acrobot-v1,1,1312,-86.0
PPO,Acrobot-v1,1,1313,-70.0
PPO,Acrobot-v1,1,1314,-73.0
PPO,Acrobot-v1,1,1315,-82.0
PPO,Acrobot-v1,1,1316,-82.0
PPO,Acrobot-v1,1,1317,-89.0
PPO,Acrobot-v1,1,1318,-63.0
PPO,Acrobot-v1,1,1319,-80.0
PPO,Acrobot-v1,1,1320,-75.0
PPO,Acrobot-v1,1,1321,-78.0
PPO,Acrobot-v1,1,1322,-76.0
PPO,Acrobot-v1,1,1323,-62.0
PPO,Acrobot-v1,1,1324,-63.0
PPO,Acrobot-v1,1,1325,-72.0
PPO,Acrobot-v1,1,1326,-86.0
PPO,Acrobot-v1,1,1327,-82.0
PPO,Acrobot-v1,1,1328,-88.0
PPO,Acrobot-v1,1,1329,-100.0
PPO,Acrobot-v1,1,1330,-73.0
PPO,Acrobot-v1,1,1331,-97.0
PPO,Acrobot-v1,1,1332,-82.0
PPO,Acrobot-v1,1,1333,-83.0
PPO,Acrobot-v1,1,1334,-71.0
PPO,Acrobot-v1,1,1335,-86.0
PPO,Acrobot-v1,1,1336,-88.0
PPO,Acrobot-v1,1,1337,-91.0
PPO,Acrobot-v1,1,1338,-64.0
PPO,Acrobot-v1,1,1339,-78.0
PPO,Acrobot-v1,1,1340,-71.0
PPO,Acrobot-v1,1,1341,-73.0
PPO,Acrobot-v1,1,1342,-63.0
PPO,Acrobot-v1,1,1343,-85.0
PPO,Acrobot-v1,1,1344,-62.0
PPO,Acrobot-v1,1,1345,-81.0
PPO,Acrobot-v1,1,1346,-69.0
PPO,Acrobot-v1,1,1347,-70.0
PPO,Acrobot-v1,1,1348,-63.0
PPO,Acrobot-v1,1,1349,-75.0
PPO,Acrobot-v1,1,1350,-70.0
PPO,Acrobot-v1,1,1351,-67.0
PPO,Acrobot-v1,1,1352,-81.0
PPO,Acrobot-v1,1,1353,-80.0
PPO,Acrobot-v1,1,1354,-85.0
PPO,Acrobot-v1,1,1355,-85.0
PPO,Acrobot-v1,1,1356,-86.0
PPO,Acrobot-v1,1,1357,-87.0
PPO,Acrobot-v1,1,1358,-76.0
PPO,Acrobot-v1,1,1359,-69.0
PPO,Acrobot-v1,1,1360,-77.0
PPO,Acrobot-v1,1,1361,-90.0
PPO,Acrobot-v1,1,1362,-68.0
PPO,Acrobot-v1,1,1363,-76.0
PPO,Acrobot-v1,1,1364,-70.0
PPO,Acrobot-v1,1,1365,-79.0
PPO,Acrobot-v1,1,1366,-87.0
PPO,Acrobot-v1,1,1367,-71.0
PPO,Acrobot-v1,1,1368,-85.0
PPO,Acrobot-v1,1,1369,-72.0
PPO,Acrobot-v1,1,1370,-81.0
PPO,Acrobot-v1,1,1371,-90.0
PPO,Acrobot-v1,1,1372,-80.0
PPO,Acrobot-v1,1,1373,-73.0
PPO,Acrobot-v1,1,1374,-186.0
PPO,Acrobot-v1,1,1375,-75.0
PPO,Acrobot-v1,1,1376,-80.0
PPO,Acrobot-v1,1,1377,-62.0
PPO,Acrobot-v1,1,1378,-62.0
PPO,Acrobot-v1,1,1379,-72.0
PPO,Acrobot-v1,1,1380,-76.0
PPO,Acrobot-v1,1,1381,-89.0
PPO,Acrobot-v1,1,1382,-76.0
PPO,Acrobot-v1,1,1383,-76.0
PPO,Acrobot-v1,1,1384,-86.0
PPO,Acrobot-v1,1,1385,-192.0
PPO,Acrobot-v1,1,1386,-64.0
PPO,Acrobot-v1,1,1387,-71.0
PPO,Acrobot-v1,1,1388,-75.0
PPO,Acrobot-v1,1,1389,-78.0
PPO,Acrobot-v1,1,1390,-72.0
PPO,Acrobot-v1,1,1391,-87.0
PPO,Acrobot-v1,1,1392,-75.0
PPO,Acrobot-v1,1,1393,-92.0
PPO,Acrobot-v1,1,1394,-76.0
PPO,Acrobot-v1,1,1395,-71.0
PPO,Acrobot-v1,1,1396,-70.0
PPO,Acrobot-v1,1,1397,-84.0
PPO,Acrobot-v1,1,1398,-83.0
PPO,Acrobot-v1,1,1399,-90.0
PPO,Acrobot-v1,1,1400,-85.0
PPO,Acrobot-v1,1,1401,-71.0
PPO,Acrobot-v1,1,1402,-70.0
PPO,Acrobot-v1,1,1403,-80.0
PPO,Acrobot-v1,1,1404,-76.0
PPO,Acrobot-v1,1,1405,-132.0
PPO,Acrobot-v1,1,1406,-118.0
PPO,Acrobot-v1,1,1407,-96.0
PPO,Acrobot-v1,1,1408,-80.0
PPO,Acrobot-v1,1,1409,-92.0
PPO,Acrobot-v1,1,1410,-78.0
PPO,Acrobot-v1,1,1411,-63.0
PPO,Acrobot-v1,1,1412,-91.0
PPO,Acrobot-v1,1,1413,-82.0
PPO,Acrobot-v1,1,1414,-70.0
PPO,Acrobot-v1,1,1415,-72.0
PPO,Acrobot-v1,1,1416,-72.0
PPO,Acrobot-v1,1,1417,-72.0
PPO,Acrobot-v1,1,1418,-206.0
PPO,Acrobot-v1,1,1419,-115.0
PPO,Acrobot-v1,1,1420,-71.0
PPO,Acrobot-v1,1,1421,-76.0
PPO,Acrobot-v1,1,1422,-87.0
PPO,Acrobot-v1,1,1423,-70.0
PPO,Acrobot-v1,1,1424,-64.0
PPO,Acrobot-v1,1,1425,-81.0
PPO,Acrobot-v1,1,1426,-91.0
PPO,Acrobot-v1,1,1427,-65.0
PPO,Acrobot-v1,1,1428,-65.0
PPO,Acrobot-v1,1,1429,-71.0
PPO,Acrobot-v1,1,1430,-94.0
PPO,Acrobot-v1,1,1431,-90.0
PPO,Acrobot-v1,1,1432,-72.0
PPO,Acrobot-v1,1,1433,-75.0
PPO,Acrobot-v1,1,1434,-90.0
PPO,Acrobot-v1,1,1435,-65.0
PPO,Acrobot-v1,1,1436,-75.0
PPO,Acrobot-v1,1,1437,-88.0
PPO,Acrobot-v1,1,1438,-69.0
PPO,Acrobot-v1,1,1439,-86.0
PPO,Acrobot-v1,1,1440,-77.0
PPO,Acrobot-v1,1,1441,-94.0
PPO,Acrobot-v1,1,1442,-88.0
PPO,Acrobot-v1,1,1443,-78.0
PPO,Acrobot-v1,1,1444,-70.0
PPO,Acrobot-v1,1,1445,-85.0
PPO,Acrobot-v1,1,1446,-79.0
PPO,Acrobot-v1,1,1447,-78.0
PPO,Acrobot-v1,1,1448,-76.0
PPO,Acrobot-v1,1,1449,-74.0
PPO,Acrobot-v1,1,1450,-80.0
PPO,Acrobot-v1,1,1451,-69.0
PPO,Acrobot-v1,1,1452,-71.0
PPO,Acrobot-v1,1,1453,-83.0
PPO,Acrobot-v1,1,1454,-86.0
PPO,Acrobot-v1,1,1455,-82.0
PPO,Acrobot-v1,1,1456,-87.0
PPO,Acrobot-v1,1,1457,-77.0
PPO,Acrobot-v1,1,1458,-79.0
PPO,Acrobot-v1,1,1459,-71.0
PPO,Acrobot-v1,1,1460,-91.0
PPO,Acrobot-v1,1,1461,-91.0
PPO,Acrobot-v1,1,1462,-71.0
PPO,Acrobot-v1,1,1463,-70.0
PPO,Acrobot-v1,1,1464,-72.0
PPO,Acrobot-v1,1,1465,-85.0
PPO,Acrobot-v1,1,1466,-83.0
PPO,Acrobot-v1,1,1467,-69.0
PPO,Acrobot-v1,1,1468,-70.0
PPO,Acrobot-v1,1,1469,-89.0
PPO,Acrobot-v1,1,1470,-73.0
PPO,Acrobot-v1,1,1471,-69.0
PPO,Acrobot-v1,1,1472,-73.0
PPO,Acrobot-v1,1,1473,-81.0
PPO,Acrobot-v1,1,1474,-64.0
PPO,Acrobot-v1,1,1475,-75.0
PPO,Acrobot-v1,1,1476,-97.0
PPO,Acrobot-v1,1,1477,-104.0
PPO,Acrobot-v1,1,1478,-77.0
PPO,Acrobot-v1,1,1479,-89.0
PPO,Acrobot-v1,1,1480,-99.0
PPO,Acrobot-v1,1,1481,-65.0
PPO,Acrobot-v1,1,1482,-169.0
PPO,Acrobot-v1,1,1483,-70.0
PPO,Acrobot-v1,1,1484,-92.0
PPO,Acrobot-v1,1,1485,-70.0
PPO,Acrobot-v1,1,1486,-67.0
PPO,Acrobot-v1,1,1487,-95.0
PPO,Acrobot-v1,1,1488,-71.0
PPO,Acrobot-v1,1,1489,-70.0
PPO,Acrobot-v1,1,1490,-80.0
PPO,Acrobot-v1,1,1491,-65.0
PPO,Acrobot-v1,1,1492,-175.0
PPO,Acrobot-v1,1,1493,-88.0
PPO,Acrobot-v1,1,1494,-64.0
PPO,Acrobot-v1,1,1495,-82.0
PPO,Acrobot-v1,1,1496,-72.0
PPO,Acrobot-v1,1,1497,-89.0
PPO,Acrobot-v1,1,1498,-82.0
PPO,Acrobot-v1,1,1499,-61.0
PPO,Acrobot-v1,1,1500,-176.0
PPO,Acrobot-v1,1,1501,-77.0
PPO,Acrobot-v1,1,1502,-89.0
PPO,Acrobot-v1,1,1503,-94.0
PPO,Acrobot-v1,1,1504,-195.0
PPO,Acrobot-v1,1,1505,-104.0
PPO,Acrobot-v1,1,1506,-93.0
PPO,Acrobot-v1,1,1507,-62.0
PPO,Acrobot-v1,1,1508,-70.0
PPO,Acrobot-v1,1,1509,-84.0
PPO,Acrobot-v1,1,1510,-94.0
PPO,Acrobot-v1,1,1511,-77.0
PPO,Acrobot-v1,1,1512,-195.0
PPO,Acrobot-v1,1,1513,-73.0
PPO,Acrobot-v1,1,1514,-121.0
PPO,Acrobot-v1,1,1515,-78.0
PPO,Acrobot-v1,1,1516,-71.0
PPO,Acrobot-v1,1,1517,-72.0
PPO,Acrobot-v1,1,1518,-116.0
PPO,Acrobot-v1,1,1519,-78.0
PPO,Acrobot-v1,1,1520,-63.0
PPO,Acrobot-v1,1,1521,-85.0
PPO,Acrobot-v1,1,1522,-86.0
PPO,Acrobot-v1,1,1523,-70.0
PPO,Acrobot-v1,1,1524,-84.0
PPO,Acrobot-v1,1,1525,-63.0
PPO,Acrobot-v1,1,1526,-81.0
PPO,Acrobot-v1,1,1527,-71.0
PPO,Acrobot-v1,1,1528,-75.0
PPO,Acrobot-v1,1,1529,-62.0
PPO,Acrobot-v1,1,1530,-61.0
PPO,Acrobot-v1,1,1531,-89.0
PPO,Acrobot-v1,1,1532,-86.0
PPO,Acrobot-v1,1,1533,-77.0
PPO,Acrobot-v1,1,1534,-78.0
PPO,Acrobot-v1,1,1535,-90.0
PPO,Acrobot-v1,1,1536,-76.0
PPO,Acrobot-v1,1,1537,-83.0
PPO,Acrobot-v1,1,1538,-71.0
PPO,Acrobot-v1,1,1539,-72.0
PPO,Acrobot-v1,1,1540,-88.0
PPO,Acrobot-v1,1,1541,-72.0
PPO,Acrobot-v1,1,1542,-85.0
PPO,Acrobot-v1,1,1543,-89.0
PPO,Acrobot-v1,1,1544,-89.0
PPO,Acrobot-v1,1,1545,-86.0
PPO,Acrobot-v1,1,1546,-68.0
PPO,Acrobot-v1,1,1547,-108.0
PPO,Acrobot-v1,1,1548,-73.0
PPO,Acrobot-v1,1,1549,-94.0
PPO,Acrobot-v1,1,1550,-77.0
PPO,Acrobot-v1,1,1551,-92.0
PPO,Acrobot-v1,1,1552,-71.0
PPO,Acrobot-v1,1,1553,-71.0
PPO,Acrobot-v1,1,1554,-91.0
PPO,Acrobot-v1,1,1555,-85.0
PPO,Acrobot-v1,1,1556,-88.0
PPO,Acrobot-v1,1,1557,-69.0
PPO,Acrobot-v1,1,1558,-89.0
PPO,Acrobot-v1,1,1559,-76.0
PPO,Acrobot-v1,1,1560,-63.0
PPO,Acrobot-v1,1,1561,-86.0
PPO,Acrobot-v1,1,1562,-69.0
PPO,Acrobot-v1,1,1563,-90.0
PPO,Acrobot-v1,1,1564,-233.0
PPO,Acrobot-v1,1,1565,-84.0
PPO,Acrobot-v1,1,1566,-82.0
PPO,Acrobot-v1,1,1567,-86.0
PPO,Acrobot-v1,1,1568,-63.0
PPO,Acrobot-v1,1,1569,-100.0
PPO,Acrobot-v1,1,1570,-99.0
PPO,Acrobot-v1,1,1571,-76.0
PPO,Acrobot-v1,1,1572,-271.0
PPO,Acrobot-v1,1,1573,-101.0
PPO,Acrobot-v1,1,1574,-70.0
PPO,Acrobot-v1,1,1575,-97.0
PPO,Acrobot-v1,1,1576,-73.0
PPO,Acrobot-v1,1,1577,-71.0
PPO,Acrobot-v1,1,1578,-63.0
PPO,Acrobot-v1,1,1579,-73.0
PPO,Acrobot-v1,1,1580,-70.0
PPO,Acrobot-v1,1,1581,-168.0
PPO,Acrobot-v1,1,1582,-110.0
PPO,Acrobot-v1,1,1583,-63.0
PPO,Acrobot-v1,1,1584,-108.0
PPO,Acrobot-v1,1,1585,-75.0
PPO,Acrobot-v1,1,1586,-88.0
PPO,Acrobot-v1,1,1587,-72.0
PPO,Acrobot-v1,1,1588,-89.0
PPO,Acrobot-v1,1,1589,-84.0
PPO,Acrobot-v1,1,1590,-92.0
PPO,Acrobot-v1,1,1591,-71.0
PPO,Acrobot-v1,1,1592,-89.0
PPO,Acrobot-v1,1,1593,-73.0
PPO,Acrobot-v1,1,1594,-78.0
PPO,Acrobot-v1,1,1595,-79.0
PPO,Acrobot-v1,1,1596,-71.0
PPO,Acrobot-v1,1,1597,-75.0
PPO,Acrobot-v1,1,1598,-77.0
PPO,Acrobot-v1,1,1599,-90.0
PPO,Acrobot-v1,1,1600,-88.0
PPO,Acrobot-v1,1,1601,-66.0
PPO,Acrobot-v1,1,1602,-64.0
PPO,Acrobot-v1,1,1603,-71.0
PPO,Acrobot-v1,1,1604,-86.0
PPO,Acrobot-v1,1,1605,-77.0
PPO,Acrobot-v1,1,1606,-99.0
PPO,Acrobot-v1,1,1607,-90.0
PPO,Acrobot-v1,1,1608,-92.0
PPO,Acrobot-v1,1,1609,-63.0
PPO,Acrobot-v1,1,1610,-92.0
PPO,Acrobot-v1,1,1611,-96.0
PPO,Acrobot-v1,1,1612,-92.0
PPO,Acrobot-v1,1,1613,-70.0
PPO,Acrobot-v1,1,1614,-73.0
PPO,Acrobot-v1,1,1615,-129.0
PPO,Acrobot-v1,1,1616,-126.0
PPO,Acrobot-v1,1,1617,-80.0
PPO,Acrobot-v1,1,1618,-77.0
PPO,Acrobot-v1,1,1619,-85.0
PPO,Acrobot-v1,1,1620,-83.0
PPO,Acrobot-v1,1,1621,-68.0
PPO,Acrobot-v1,1,1622,-79.0
PPO,Acrobot-v1,1,1623,-65.0
PPO,Acrobot-v1,1,1624,-71.0
PPO,Acrobot-v1,1,1625,-77.0
PPO,Acrobot-v1,1,1626,-89.0
PPO,Acrobot-v1,1,1627,-84.0
PPO,Acrobot-v1,1,1628,-70.0
PPO,Acrobot-v1,1,1629,-76.0
PPO,Acrobot-v1,1,1630,-69.0
PPO,Acrobot-v1,1,1631,-70.0
PPO,Acrobot-v1,1,1632,-77.0
PPO,Acrobot-v1,1,1633,-98.0
PPO,Acrobot-v1,1,1634,-92.0
PPO,Acrobot-v1,1,1635,-89.0
PPO,Acrobot-v1,1,1636,-108.0
PPO,Acrobot-v1,1,1637,-76.0
PPO,Acrobot-v1,1,1638,-78.0
PPO,Acrobot-v1,1,1639,-103.0
PPO,Acrobot-v1,1,1640,-91.0
PPO,Acrobot-v1,1,1641,-62.0
PPO,Acrobot-v1,1,1642,-176.0
PPO,Acrobot-v1,1,1643,-71.0
PPO,Acrobot-v1,1,1644,-74.0
PPO,Acrobot-v1,1,1645,-94.0
PPO,Acrobot-v1,1,1646,-78.0
PPO,Acrobot-v1,1,1647,-88.0
PPO,Acrobot-v1,1,1648,-72.0
PPO,Acrobot-v1,1,1649,-78.0
PPO,Acrobot-v1,1,1650,-142.0
PPO,Acrobot-v1,1,1651,-93.0
PPO,Acrobot-v1,1,1652,-87.0
PPO,Acrobot-v1,1,1653,-82.0
PPO,Acrobot-v1,1,1654,-75.0
PPO,Acrobot-v1,1,1655,-58.0
PPO,Acrobot-v1,1,1656,-59.0
PPO,Acrobot-v1,1,1657,-122.0
PPO,Acrobot-v1,1,1658,-77.0
PPO,Acrobot-v1,1,1659,-74.0
PPO,Acrobot-v1,1,1660,-93.0
PPO,Acrobot-v1,1,1661,-90.0
PPO,Acrobot-v1,1,1662,-85.0
PPO,Acrobot-v1,1,1663,-74.0
PPO,Acrobot-v1,1,1664,-81.0
PPO,Acrobot-v1,1,1665,-89.0
PPO,Acrobot-v1,1,1666,-85.0
PPO,Acrobot-v1,1,1667,-76.0
PPO,Acrobot-v1,1,1668,-70.0
PPO,Acrobot-v1,1,1669,-64.0
PPO,Acrobot-v1,1,1670,-86.0
PPO,Acrobot-v1,1,1671,-70.0
PPO,Acrobot-v1,1,1672,-63.0
PPO,Acrobot-v1,1,1673,-81.0
PPO,Acrobot-v1,1,1674,-115.0
PPO,Acrobot-v1,1,1675,-70.0
PPO,Acrobot-v1,1,1676,-63.0
PPO,Acrobot-v1,1,1677,-73.0
PPO,Acrobot-v1,1,1678,-73.0
PPO,Acrobot-v1,1,1679,-84.0
PPO,Acrobot-v1,1,1680,-71.0
PPO,Acrobot-v1,1,1681,-74.0
PPO,Acrobot-v1,1,1682,-84.0
PPO,Acrobot-v1,1,1683,-79.0
PPO,Acrobot-v1,1,1684,-84.0
PPO,Acrobot-v1,1,1685,-71.0
PPO,Acrobot-v1,1,1686,-59.0
PPO,Acrobot-v1,1,1687,-76.0
PPO,Acrobot-v1,1,1688,-78.0
PPO,Acrobot-v1,1,1689,-115.0
PPO,Acrobot-v1,1,1690,-88.0
PPO,Acrobot-v1,1,1691,-90.0
PPO,Acrobot-v1,1,1692,-71.0
PPO,Acrobot-v1,1,1693,-63.0
PPO,Acrobot-v1,1,1694,-131.0
PPO,Acrobot-v1,1,1695,-94.0
PPO,Acrobot-v1,1,1696,-69.0
PPO,Acrobot-v1,1,1697,-97.0
PPO,Acrobot-v1,1,1698,-101.0
PPO,Acrobot-v1,1,1699,-83.0
PPO,Acrobot-v1,1,1700,-148.0
PPO,Acrobot-v1,1,1701,-69.0
PPO,Acrobot-v1,1,1702,-70.0
PPO,Acrobot-v1,1,1703,-94.0
PPO,Acrobot-v1,1,1704,-71.0
PPO,Acrobot-v1,1,1705,-70.0
PPO,Acrobot-v1,1,1706,-82.0
PPO,Acrobot-v1,1,1707,-70.0
PPO,Acrobot-v1,1,1708,-72.0
PPO,Acrobot-v1,1,1709,-68.0
PPO,Acrobot-v1,1,1710,-63.0
PPO,Acrobot-v1,1,1711,-63.0
PPO,Acrobot-v1,1,1712,-71.0
PPO,Acrobot-v1,1,1713,-62.0
PPO,Acrobot-v1,1,1714,-77.0
PPO,Acrobot-v1,1,1715,-74.0
PPO,Acrobot-v1,1,1716,-73.0
PPO,Acrobot-v1,1,1717,-81.0
PPO,Acrobot-v1,1,1718,-85.0
PPO,Acrobot-v1,1,1719,-77.0
PPO,Acrobot-v1,1,1720,-93.0
PPO,Acrobot-v1,1,1721,-93.0
PPO,Acrobot-v1,1,1722,-123.0
PPO,Acrobot-v1,1,1723,-181.0
PPO,Acrobot-v1,1,1724,-90.0
PPO,Acrobot-v1,1,1725,-81.0
PPO,Acrobot-v1,1,1726,-71.0
PPO,Acrobot-v1,1,1727,-85.0
PPO,Acrobot-v1,1,1728,-70.0
PPO,Acrobot-v1,1,1729,-63.0
PPO,Acrobot-v1,1,1730,-90.0
PPO,Acrobot-v1,1,1731,-61.0
PPO,Acrobot-v1,1,1732,-81.0
PPO,Acrobot-v1,1,1733,-78.0
PPO,Acrobot-v1,1,1734,-86.0
PPO,Acrobot-v1,1,1735,-70.0
PPO,Acrobot-v1,1,1736,-70.0
PPO,Acrobot-v1,1,1737,-76.0
PPO,Acrobot-v1,1,1738,-82.0
PPO,Acrobot-v1,1,1739,-86.0
PPO,Acrobot-v1,1,1740,-72.0
PPO,Acrobot-v1,1,1741,-85.0
PPO,Acrobot-v1,1,1742,-69.0
PPO,Acrobot-v1,1,1743,-133.0
PPO,Acrobot-v1,1,1744,-87.0
PPO,Acrobot-v1,1,1745,-148.0
PPO,Acrobot-v1,1,1746,-75.0
PPO,Acrobot-v1,1,1747,-90.0
PPO,Acrobot-v1,1,1748,-152.0
PPO,Acrobot-v1,1,1749,-72.0
PPO,Acrobot-v1,1,1750,-177.0
PPO,Acrobot-v1,1,1751,-100.0
PPO,Acrobot-v1,1,1752,-82.0
PPO,Acrobot-v1,1,1753,-93.0
PPO,Acrobot-v1,1,1754,-82.0
PPO,Acrobot-v1,1,1755,-85.0
PPO,Acrobot-v1,1,1756,-78.0
PPO,Acrobot-v1,1,1757,-168.0
PPO,Acrobot-v1,1,1758,-88.0
PPO,Acrobot-v1,1,1759,-82.0
PPO,Acrobot-v1,1,1760,-75.0
PPO,Acrobot-v1,1,1761,-76.0
PPO,Acrobot-v1,1,1762,-80.0
PPO,Acrobot-v1,1,1763,-232.0
PPO,Acrobot-v1,1,1764,-96.0
PPO,Acrobot-v1,1,1765,-83.0
PPO,Acrobot-v1,1,1766,-71.0
PPO,Acrobot-v1,1,1767,-84.0
PPO,Acrobot-v1,1,1768,-109.0
PPO,Acrobot-v1,1,1769,-95.0
PPO,Acrobot-v1,1,1770,-77.0
PPO,Acrobot-v1,1,1771,-78.0
PPO,Acrobot-v1,1,1772,-70.0
PPO,Acrobot-v1,1,1773,-117.0
PPO,Acrobot-v1,1,1774,-79.0
PPO,Acrobot-v1,1,1775,-64.0
PPO,Acrobot-v1,1,1776,-90.0
PPO,Acrobot-v1,1,1777,-101.0
PPO,Acrobot-v1,1,1778,-76.0
PPO,Acrobot-v1,1,1779,-63.0
PPO,Acrobot-v1,1,1780,-80.0
PPO,Acrobot-v1,1,1781,-71.0
PPO,Acrobot-v1,1,1782,-70.0
PPO,Acrobot-v1,1,1783,-77.0
PPO,Acrobot-v1,1,1784,-70.0
PPO,Acrobot-v1,1,1785,-71.0
PPO,Acrobot-v1,1,1786,-70.0
PPO,Acrobot-v1,1,1787,-115.0
PPO,Acrobot-v1,1,1788,-84.0
PPO,Acrobot-v1,1,1789,-98.0
PPO,Acrobot-v1,1,1790,-61.0
PPO,Acrobot-v1,1,1791,-78.0
PPO,Acrobot-v1,1,1792,-70.0
PPO,Acrobot-v1,1,1793,-72.0
PPO,Acrobot-v1,1,1794,-74.0
PPO,Acrobot-v1,1,1795,-68.0
PPO,Acrobot-v1,1,1796,-77.0
PPO,Acrobot-v1,1,1797,-76.0
PPO,Acrobot-v1,1,1798,-69.0
PPO,Acrobot-v1,1,1799,-72.0
PPO,Acrobot-v1,1,1800,-83.0
PPO,Acrobot-v1,1,1801,-72.0
PPO,Acrobot-v1,1,1802,-85.0
PPO,Acrobot-v1,1,1803,-123.0
PPO,Acrobot-v1,1,1804,-93.0
PPO,Acrobot-v1,1,1805,-72.0
PPO,Acrobot-v1,1,1806,-76.0
PPO,Acrobot-v1,1,1807,-61.0
PPO,Acrobot-v1,1,1808,-84.0
PPO,Acrobot-v1,1,1809,-85.0
PPO,Acrobot-v1,1,1810,-88.0
PPO,Acrobot-v1,1,1811,-84.0
PPO,Acrobot-v1,1,1812,-78.0
PPO,Acrobot-v1,1,1813,-119.0
PPO,Acrobot-v1,1,1814,-83.0
PPO,Acrobot-v1,1,1815,-68.0
PPO,Acrobot-v1,1,1816,-75.0
PPO,Acrobot-v1,1,1817,-77.0
PPO,Acrobot-v1,1,1818,-71.0
PPO,Acrobot-v1,1,1819,-82.0
PPO,Acrobot-v1,1,1820,-82.0
PPO,Acrobot-v1,1,1821,-75.0
PPO,Acrobot-v1,1,1822,-76.0
PPO,Acrobot-v1,1,1823,-109.0
PPO,Acrobot-v1,1,1824,-68.0
PPO,Acrobot-v1,1,1825,-78.0
PPO,Acrobot-v1,1,1826,-72.0
PPO,Acrobot-v1,1,1827,-70.0
PPO,Acrobot-v1,1,1828,-72.0
PPO,Acrobot-v1,1,1829,-93.0
PPO,Acrobot-v1,1,1830,-68.0
PPO,Acrobot-v1,1,1831,-92.0
PPO,Acrobot-v1,1,1832,-70.0
PPO,Acrobot-v1,1,1833,-95.0
PPO,Acrobot-v1,1,1834,-77.0
PPO,Acrobot-v1,1,1835,-80.0
PPO,Acrobot-v1,1,1836,-92.0
PPO,Acrobot-v1,1,1837,-84.0
PPO,Acrobot-v1,1,1838,-63.0
PPO,Acrobot-v1,1,1839,-82.0
PPO,Acrobot-v1,1,1840,-102.0
PPO,Acrobot-v1,1,1841,-73.0
PPO,Acrobot-v1,1,1842,-63.0
PPO,Acrobot-v1,1,1843,-76.0
PPO,Acrobot-v1,1,1844,-70.0
PPO,Acrobot-v1,1,1845,-73.0
PPO,Acrobot-v1,1,1846,-64.0
PPO,Acrobot-v1,1,1847,-77.0
PPO,Acrobot-v1,1,1848,-91.0
PPO,Acrobot-v1,1,1849,-72.0
PPO,Acrobot-v1,1,1850,-77.0
PPO,Acrobot-v1,1,1851,-102.0
PPO,Acrobot-v1,1,1852,-81.0
PPO,Acrobot-v1,1,1853,-75.0
PPO,Acrobot-v1,1,1854,-72.0
PPO,Acrobot-v1,1,1855,-85.0
PPO,Acrobot-v1,1,1856,-108.0
PPO,Acrobot-v1,1,1857,-103.0
PPO,Acrobot-v1,1,1858,-70.0
PPO,Acrobot-v1,1,1859,-75.0
PPO,Acrobot-v1,1,1860,-68.0
PPO,Acrobot-v1,1,1861,-65.0
PPO,Acrobot-v1,1,1862,-81.0
PPO,Acrobot-v1,1,1863,-97.0
PPO,Acrobot-v1,1,1864,-71.0
PPO,Acrobot-v1,1,1865,-78.0
PPO,Acrobot-v1,1,1866,-83.0
PPO,Acrobot-v1,1,1867,-89.0
PPO,Acrobot-v1,1,1868,-102.0
PPO,Acrobot-v1,1,1869,-181.0
PPO,Acrobot-v1,1,1870,-73.0
PPO,Acrobot-v1,1,1871,-72.0
PPO,Acrobot-v1,1,1872,-77.0
PPO,Acrobot-v1,1,1873,-64.0
PPO,Acrobot-v1,1,1874,-70.0
PPO,Acrobot-v1,1,1875,-70.0
PPO,Acrobot-v1,1,1876,-62.0
PPO,Acrobot-v1,1,1877,-79.0
PPO,Acrobot-v1,1,1878,-74.0
PPO,Acrobot-v1,1,1879,-87.0
PPO,Acrobot-v1,1,1880,-77.0
PPO,Acrobot-v1,1,1881,-60.0
PPO,Acrobot-v1,1,1882,-79.0
PPO,Acrobot-v1,1,1883,-70.0
PPO,Acrobot-v1,1,1884,-62.0
PPO,Acrobot-v1,1,1885,-84.0
PPO,Acrobot-v1,1,1886,-82.0
PPO,Acrobot-v1,1,1887,-63.0
PPO,Acrobot-v1,1,1888,-96.0
PPO,Acrobot-v1,1,1889,-84.0
PPO,Acrobot-v1,1,1890,-71.0
PPO,Acrobot-v1,1,1891,-97.0
PPO,Acrobot-v1,1,1892,-84.0
PPO,Acrobot-v1,1,1893,-106.0
PPO,Acrobot-v1,1,1894,-85.0
PPO,Acrobot-v1,1,1895,-80.0
PPO,Acrobot-v1,1,1896,-78.0
PPO,Acrobot-v1,1,1897,-277.0
PPO,Acrobot-v1,1,1898,-83.0
PPO,Acrobot-v1,1,1899,-114.0
PPO,Acrobot-v1,1,1900,-152.0
PPO,Acrobot-v1,1,1901,-71.0
PPO,Acrobot-v1,1,1902,-84.0
PPO,Acrobot-v1,1,1903,-95.0
PPO,Acrobot-v1,1,1904,-79.0
PPO,Acrobot-v1,1,1905,-80.0
PPO,Acrobot-v1,1,1906,-80.0
PPO,Acrobot-v1,1,1907,-81.0
PPO,Acrobot-v1,1,1908,-71.0
PPO,Acrobot-v1,1,1909,-82.0
PPO,Acrobot-v1,1,1910,-62.0
PPO,Acrobot-v1,1,1911,-82.0
PPO,Acrobot-v1,1,1912,-70.0
PPO,Acrobot-v1,1,1913,-71.0
PPO,Acrobot-v1,1,1914,-110.0
PPO,Acrobot-v1,1,1915,-87.0
PPO,Acrobot-v1,1,1916,-84.0
PPO,Acrobot-v1,1,1917,-77.0
PPO,Acrobot-v1,1,1918,-80.0
PPO,Acrobot-v1,1,1919,-77.0
PPO,Acrobot-v1,1,1920,-70.0
PPO,Acrobot-v1,1,1921,-71.0
PPO,Acrobot-v1,1,1922,-79.0
PPO,Acrobot-v1,1,1923,-100.0
PPO,Acrobot-v1,1,1924,-78.0
PPO,Acrobot-v1,1,1925,-68.0
PPO,Acrobot-v1,1,1926,-70.0
PPO,Acrobot-v1,1,1927,-80.0
PPO,Acrobot-v1,1,1928,-99.0
PPO,Acrobot-v1,1,1929,-72.0
PPO,Acrobot-v1,1,1930,-63.0
PPO,Acrobot-v1,1,1931,-79.0
PPO,Acrobot-v1,1,1932,-70.0
PPO,Acrobot-v1,1,1933,-70.0
PPO,Acrobot-v1,1,1934,-88.0
PPO,Acrobot-v1,1,1935,-85.0
PPO,Acrobot-v1,1,1936,-86.0
PPO,Acrobot-v1,1,1937,-62.0
PPO,Acrobot-v1,1,1938,-76.0
PPO,Acrobot-v1,1,1939,-75.0
PPO,Acrobot-v1,1,1940,-82.0
PPO,Acrobot-v1,1,1941,-86.0
PPO,Acrobot-v1,1,1942,-62.0
PPO,Acrobot-v1,1,1943,-91.0
PPO,Acrobot-v1,1,1944,-74.0
PPO,Acrobot-v1,1,1945,-71.0
PPO,Acrobot-v1,1,1946,-71.0
PPO,Acrobot-v1,1,1947,-85.0
PPO,Acrobot-v1,1,1948,-98.0
PPO,Acrobot-v1,1,1949,-90.0
PPO,Acrobot-v1,1,1950,-181.0
PPO,Acrobot-v1,1,1951,-69.0
PPO,Acrobot-v1,1,1952,-77.0
PPO,Acrobot-v1,1,1953,-84.0
PPO,Acrobot-v1,1,1954,-78.0
PPO,Acrobot-v1,1,1955,-73.0
PPO,Acrobot-v1,1,1956,-97.0
PPO,Acrobot-v1,1,1957,-64.0
PPO,Acrobot-v1,1,1958,-70.0
PPO,Acrobot-v1,1,1959,-87.0
PPO,Acrobot-v1,1,1960,-77.0
PPO,Acrobot-v1,1,1961,-70.0
PPO,Acrobot-v1,1,1962,-71.0
PPO,Acrobot-v1,1,1963,-109.0
PPO,Acrobot-v1,1,1964,-166.0
PPO,Acrobot-v1,1,1965,-84.0
PPO,Acrobot-v1,1,1966,-64.0
PPO,Acrobot-v1,1,1967,-79.0
PPO,Acrobot-v1,1,1968,-109.0
PPO,Acrobot-v1,1,1969,-81.0
PPO,Acrobot-v1,1,1970,-79.0
PPO,Acrobot-v1,1,1971,-70.0
PPO,Acrobot-v1,1,1972,-83.0
PPO,Acrobot-v1,1,1973,-72.0
PPO,Acrobot-v1,1,1974,-91.0
PPO,Acrobot-v1,1,1975,-72.0
PPO,Acrobot-v1,1,1976,-80.0
PPO,Acrobot-v1,1,1977,-73.0
PPO,Acrobot-v1,1,1978,-78.0
PPO,Acrobot-v1,1,1979,-71.0
PPO,Acrobot-v1,1,1980,-64.0
PPO,Acrobot-v1,1,1981,-88.0
PPO,Acrobot-v1,1,1982,-85.0
PPO,Acrobot-v1,1,1983,-84.0
PPO,Acrobot-v1,1,1984,-64.0
PPO,Acrobot-v1,1,1985,-90.0
PPO,Acrobot-v1,1,1986,-88.0
PPO,Acrobot-v1,1,1987,-63.0
PPO,Acrobot-v1,1,1988,-95.0
PPO,Acrobot-v1,1,1989,-82.0
PPO,Acrobot-v1,1,1990,-163.0
PPO,Acrobot-v1,1,1991,-87.0
PPO,Acrobot-v1,1,1992,-138.0
PPO,Acrobot-v1,1,1993,-76.0
PPO,Acrobot-v1,1,1994,-101.0
PPO,Acrobot-v1,1,1995,-76.0
PPO,Acrobot-v1,1,1996,-71.0
PPO,Acrobot-v1,1,1997,-79.0
PPO,Acrobot-v1,1,1998,-84.0
PPO,Acrobot-v1,1,1999,-72.0
PPO,Acrobot-v1,1,2000,-78.0
PPO,Acrobot-v1,1,2001,-85.0
PPO,Acrobot-v1,1,2002,-63.0
PPO,Acrobot-v1,1,2003,-81.0
PPO,Acrobot-v1,1,2004,-86.0
PPO,Acrobot-v1,1,2005,-62.0
PPO,Acrobot-v1,1,2006,-71.0
PPO,Acrobot-v1,1,2007,-79.0
PPO,Acrobot-v1,1,2008,-81.0
PPO,Acrobot-v1,1,2009,-84.0
PPO,Acrobot-v1,1,2010,-88.0
PPO,Acrobot-v1,1,2011,-95.0
PPO,Acrobot-v1,1,2012,-63.0
PPO,Acrobot-v1,1,2013,-92.0
PPO,Acrobot-v1,1,2014,-126.0
PPO,Acrobot-v1,1,2015,-72.0
PPO,Acrobot-v1,1,2016,-71.0
PPO,Acrobot-v1,1,2017,-70.0
PPO,Acrobot-v1,1,2018,-87.0
PPO,Acrobot-v1,1,2019,-71.0
PPO,Acrobot-v1,1,2020,-76.0
PPO,Acrobot-v1,1,2021,-73.0
PPO,Acrobot-v1,1,2022,-79.0
PPO,Acrobot-v1,1,2023,-63.0
PPO,Acrobot-v1,1,2024,-86.0
PPO,Acrobot-v1,1,2025,-82.0
PPO,Acrobot-v1,1,2026,-83.0
PPO,Acrobot-v1,1,2027,-119.0
PPO,Acrobot-v1,1,2028,-85.0
PPO,Acrobot-v1,1,2029,-91.0
PPO,Acrobot-v1,1,2030,-71.0
PPO,Acrobot-v1,1,2031,-72.0
PPO,Acrobot-v1,1,2032,-76.0
PPO,Acrobot-v1,1,2033,-70.0
PPO,Acrobot-v1,1,2034,-83.0
PPO,Acrobot-v1,1,2035,-151.0
PPO,Acrobot-v1,1,2036,-96.0
PPO,Acrobot-v1,1,2037,-62.0
PPO,Acrobot-v1,1,2038,-63.0
PPO,Acrobot-v1,1,2039,-71.0
PPO,Acrobot-v1,1,2040,-72.0
PPO,Acrobot-v1,1,2041,-92.0
PPO,Acrobot-v1,1,2042,-63.0
PPO,Acrobot-v1,1,2043,-93.0
PPO,Acrobot-v1,1,2044,-219.0
PPO,Acrobot-v1,1,2045,-73.0
PPO,Acrobot-v1,1,2046,-78.0
PPO,Acrobot-v1,1,2047,-70.0
PPO,Acrobot-v1,1,2048,-63.0
PPO,Acrobot-v1,1,2049,-91.0
PPO,Acrobot-v1,1,2050,-83.0
PPO,Acrobot-v1,1,2051,-79.0
PPO,Acrobot-v1,1,2052,-88.0
PPO,Acrobot-v1,1,2053,-115.0
PPO,Acrobot-v1,1,2054,-117.0
PPO,Acrobot-v1,1,2055,-62.0
PPO,Acrobot-v1,1,2056,-81.0
PPO,Acrobot-v1,1,2057,-68.0
PPO,Acrobot-v1,1,2058,-77.0
PPO,Acrobot-v1,1,2059,-69.0
PPO,Acrobot-v1,1,2060,-71.0
PPO,Acrobot-v1,1,2061,-73.0
PPO,Acrobot-v1,1,2062,-155.0
PPO,Acrobot-v1,2,0,-500.0
PPO,Acrobot-v1,2,1,-500.0
PPO,Acrobot-v1,2,2,-500.0
PPO,Acrobot-v1,2,3,-500.0
PPO,Acrobot-v1,2,4,-500.0
PPO,Acrobot-v1,2,5,-500.0
PPO,Acrobot-v1,2,6,-500.0
PPO,Acrobot-v1,2,7,-500.0
PPO,Acrobot-v1,2,8,-500.0
PPO,Acrobot-v1,2,9,-500.0
PPO,Acrobot-v1,2,10,-500.0
PPO,Acrobot-v1,2,11,-500.0
PPO,Acrobot-v1,2,12,-500.0
PPO,Acrobot-v1,2,13,-500.0
PPO,Acrobot-v1,2,14,-500.0
PPO,Acrobot-v1,2,15,-500.0
PPO,Acrobot-v1,2,16,-500.0
PPO,Acrobot-v1,2,17,-332.0
PPO,Acrobot-v1,2,18,-500.0
PPO,Acrobot-v1,2,19,-282.0
PPO,Acrobot-v1,2,20,-218.0
PPO,Acrobot-v1,2,21,-268.0
PPO,Acrobot-v1,2,22,-187.0
PPO,Acrobot-v1,2,23,-212.0
PPO,Acrobot-v1,2,24,-366.0
PPO,Acrobot-v1,2,25,-278.0
PPO,Acrobot-v1,2,26,-201.0
PPO,Acrobot-v1,2,27,-239.0
PPO,Acrobot-v1,2,28,-286.0
PPO,Acrobot-v1,2,29,-264.0
PPO,Acrobot-v1,2,30,-163.0
PPO,Acrobot-v1,2,31,-159.0
PPO,Acrobot-v1,2,32,-124.0
PPO,Acrobot-v1,2,33,-152.0
PPO,Acrobot-v1,2,34,-222.0
PPO,Acrobot-v1,2,35,-191.0
PPO,Acrobot-v1,2,36,-183.0
PPO,Acrobot-v1,2,37,-162.0
PPO,Acrobot-v1,2,38,-163.0
PPO,Acrobot-v1,2,39,-183.0
PPO,Acrobot-v1,2,40,-174.0
PPO,Acrobot-v1,2,41,-168.0
PPO,Acrobot-v1,2,42,-158.0
PPO,Acrobot-v1,2,43,-159.0
PPO,Acrobot-v1,2,44,-143.0
PPO,Acrobot-v1,2,45,-127.0
PPO,Acrobot-v1,2,46,-221.0
PPO,Acrobot-v1,2,47,-194.0
PPO,Acrobot-v1,2,48,-146.0
PPO,Acrobot-v1,2,49,-168.0
PPO,Acrobot-v1,2,50,-153.0
PPO,Acrobot-v1,2,51,-191.0
PPO,Acrobot-v1,2,52,-178.0
PPO,Acrobot-v1,2,53,-137.0
PPO,Acrobot-v1,2,54,-135.0
PPO,Acrobot-v1,2,55,-163.0
PPO,Acrobot-v1,2,56,-138.0
PPO,Acrobot-v1,2,57,-160.0
PPO,Acrobot-v1,2,58,-154.0
PPO,Acrobot-v1,2,59,-256.0
PPO,Acrobot-v1,2,60,-139.0
PPO,Acrobot-v1,2,61,-154.0
PPO,Acrobot-v1,2,62,-409.0
PPO,Acrobot-v1,2,63,-149.0
PPO,Acrobot-v1,2,64,-138.0
PPO,Acrobot-v1,2,65,-133.0
PPO,Acrobot-v1,2,66,-136.0
PPO,Acrobot-v1,2,67,-142.0
PPO,Acrobot-v1,2,68,-165.0
PPO,Acrobot-v1,2,69,-82.0
PPO,Acrobot-v1,2,70,-159.0
PPO,Acrobot-v1,2,71,-136.0
PPO,Acrobot-v1,2,72,-96.0
PPO,Acrobot-v1,2,73,-137.0
PPO,Acrobot-v1,2,74,-145.0
PPO,Acrobot-v1,2,75,-157.0
PPO,Acrobot-v1,2,76,-139.0
PPO,Acrobot-v1,2,77,-102.0
PPO,Acrobot-v1,2,78,-91.0
PPO,Acrobot-v1,2,79,-151.0
PPO,Acrobot-v1,2,80,-81.0
PPO,Acrobot-v1,2,81,-99.0
PPO,Acrobot-v1,2,82,-124.0
PPO,Acrobot-v1,2,83,-104.0
PPO,Acrobot-v1,2,84,-138.0
PPO,Acrobot-v1,2,85,-94.0
PPO,Acrobot-v1,2,86,-105.0
PPO,Acrobot-v1,2,87,-114.0
PPO,Acrobot-v1,2,88,-137.0
PPO,Acrobot-v1,2,89,-105.0
PPO,Acrobot-v1,2,90,-128.0
PPO,Acrobot-v1,2,91,-135.0
PPO,Acrobot-v1,2,92,-129.0
PPO,Acrobot-v1,2,93,-114.0
PPO,Acrobot-v1,2,94,-114.0
PPO,Acrobot-v1,2,95,-111.0
PPO,Acrobot-v1,2,96,-114.0
PPO,Acrobot-v1,2,97,-90.0
PPO,Acrobot-v1,2,98,-142.0
PPO,Acrobot-v1,2,99,-131.0
PPO,Acrobot-v1,2,100,-129.0
PPO,Acrobot-v1,2,101,-123.0
PPO,Acrobot-v1,2,102,-87.0
PPO,Acrobot-v1,2,103,-108.0
PPO,Acrobot-v1,2,104,-119.0
PPO,Acrobot-v1,2,105,-125.0
PPO,Acrobot-v1,2,106,-107.0
PPO,Acrobot-v1,2,107,-112.0
PPO,Acrobot-v1,2,108,-81.0
PPO,Acrobot-v1,2,109,-87.0
PPO,Acrobot-v1,2,110,-115.0
PPO,Acrobot-v1,2,111,-117.0
PPO,Acrobot-v1,2,112,-120.0
PPO,Acrobot-v1,2,113,-90.0
PPO,Acrobot-v1,2,114,-84.0
PPO,Acrobot-v1,2,115,-88.0
PPO,Acrobot-v1,2,116,-109.0
PPO,Acrobot-v1,2,117,-120.0
PPO,Acrobot-v1,2,118,-136.0
PPO,Acrobot-v1,2,119,-91.0
PPO,Acrobot-v1,2,120,-120.0
PPO,Acrobot-v1,2,121,-99.0
PPO,Acrobot-v1,2,122,-83.0
PPO,Acrobot-v1,2,123,-104.0
PPO,Acrobot-v1,2,124,-100.0
PPO,Acrobot-v1,2,125,-132.0
PPO,Acrobot-v1,2,126,-171.0
PPO,Acrobot-v1,2,127,-95.0
PPO,Acrobot-v1,2,128,-100.0
PPO,Acrobot-v1,2,129,-114.0
PPO,Acrobot-v1,2,130,-108.0
PPO,Acrobot-v1,2,131,-86.0
PPO,Acrobot-v1,2,132,-86.0
PPO,Acrobot-v1,2,133,-87.0
PPO,Acrobot-v1,2,134,-75.0
PPO,Acrobot-v1,2,135,-94.0
PPO,Acrobot-v1,2,136,-90.0
PPO,Acrobot-v1,2,137,-90.0
PPO,Acrobot-v1,2,138,-174.0
PPO,Acrobot-v1,2,139,-103.0
PPO,Acrobot-v1,2,140,-104.0
PPO,Acrobot-v1,2,141,-116.0
PPO,Acrobot-v1,2,142,-94.0
PPO,Acrobot-v1,2,143,-98.0
PPO,Acrobot-v1,2,144,-87.0
PPO,Acrobot-v1,2,145,-114.0
PPO,Acrobot-v1,2,146,-100.0
PPO,Acrobot-v1,2,147,-94.0
PPO,Acrobot-v1,2,148,-94.0
PPO,Acrobot-v1,2,149,-96.0
PPO,Acrobot-v1,2,150,-86.0
PPO,Acrobot-v1,2,151,-78.0
PPO,Acrobot-v1,2,152,-99.0
PPO,Acrobot-v1,2,153,-62.0
PPO,Acrobot-v1,2,154,-81.0
PPO,Acrobot-v1,2,155,-88.0
PPO,Acrobot-v1,2,156,-88.0
PPO,Acrobot-v1,2,157,-98.0
PPO,Acrobot-v1,2,158,-109.0
PPO,Acrobot-v1,2,159,-112.0
PPO,Acrobot-v1,2,160,-105.0
PPO,Acrobot-v1,2,161,-91.0
PPO,Acrobot-v1,2,162,-100.0
PPO,Acrobot-v1,2,163,-104.0
PPO,Acrobot-v1,2,164,-117.0
PPO,Acrobot-v1,2,165,-108.0
PPO,Acrobot-v1,2,166,-85.0
PPO,Acrobot-v1,2,167,-85.0
PPO,Acrobot-v1,2,168,-104.0
PPO,Acrobot-v1,2,169,-93.0
PPO,Acrobot-v1,2,170,-89.0
PPO,Acrobot-v1,2,171,-117.0
PPO,Acrobot-v1,2,172,-132.0
PPO,Acrobot-v1,2,173,-73.0
PPO,Acrobot-v1,2,174,-85.0
PPO,Acrobot-v1,2,175,-85.0
PPO,Acrobot-v1,2,176,-112.0
PPO,Acrobot-v1,2,177,-80.0
PPO,Acrobot-v1,2,178,-87.0
PPO,Acrobot-v1,2,179,-82.0
PPO,Acrobot-v1,2,180,-90.0
PPO,Acrobot-v1,2,181,-138.0
PPO,Acrobot-v1,2,182,-98.0
PPO,Acrobot-v1,2,183,-95.0
PPO,Acrobot-v1,2,184,-93.0
PPO,Acrobot-v1,2,185,-72.0
PPO,Acrobot-v1,2,186,-113.0
PPO,Acrobot-v1,2,187,-109.0
PPO,Acrobot-v1,2,188,-83.0
PPO,Acrobot-v1,2,189,-85.0
PPO,Acrobot-v1,2,190,-99.0
PPO,Acrobot-v1,2,191,-98.0
PPO,Acrobot-v1,2,192,-99.0
PPO,Acrobot-v1,2,193,-92.0
PPO,Acrobot-v1,2,194,-96.0
PPO,Acrobot-v1,2,195,-81.0
PPO,Acrobot-v1,2,196,-109.0
PPO,Acrobot-v1,2,197,-83.0
PPO,Acrobot-v1,2,198,-83.0
PPO,Acrobot-v1,2,199,-100.0
PPO,Acrobot-v1,2,200,-107.0
PPO,Acrobot-v1,2,201,-84.0
PPO,Acrobot-v1,2,202,-79.0
PPO,Acrobot-v1,2,203,-93.0
PPO,Acrobot-v1,2,204,-87.0
PPO,Acrobot-v1,2,205,-88.0
PPO,Acrobot-v1,2,206,-108.0
PPO,Acrobot-v1,2,207,-94.0
PPO,Acrobot-v1,2,208,-93.0
PPO,Acrobot-v1,2,209,-94.0
PPO,Acrobot-v1,2,210,-92.0
PPO,Acrobot-v1,2,211,-88.0
PPO,Acrobot-v1,2,212,-96.0
PPO,Acrobot-v1,2,213,-112.0
PPO,Acrobot-v1,2,214,-100.0
PPO,Acrobot-v1,2,215,-73.0
PPO,Acrobot-v1,2,216,-124.0
PPO,Acrobot-v1,2,217,-127.0
PPO,Acrobot-v1,2,218,-75.0
PPO,Acrobot-v1,2,219,-119.0
PPO,Acrobot-v1,2,220,-90.0
PPO,Acrobot-v1,2,221,-106.0
PPO,Acrobot-v1,2,222,-87.0
PPO,Acrobot-v1,2,223,-73.0
PPO,Acrobot-v1,2,224,-83.0
PPO,Acrobot-v1,2,225,-100.0
PPO,Acrobot-v1,2,226,-94.0
PPO,Acrobot-v1,2,227,-89.0
PPO,Acrobot-v1,2,228,-81.0
PPO,Acrobot-v1,2,229,-78.0
PPO,Acrobot-v1,2,230,-88.0
PPO,Acrobot-v1,2,231,-146.0
PPO,Acrobot-v1,2,232,-78.0
PPO,Acrobot-v1,2,233,-104.0
PPO,Acrobot-v1,2,234,-103.0
PPO,Acrobot-v1,2,235,-121.0
PPO,Acrobot-v1,2,236,-81.0
PPO,Acrobot-v1,2,237,-116.0
PPO,Acrobot-v1,2,238,-96.0
PPO,Acrobot-v1,2,239,-87.0
PPO,Acrobot-v1,2,240,-79.0
PPO,Acrobot-v1,2,241,-78.0
PPO,Acrobot-v1,2,242,-98.0
PPO,Acrobot-v1,2,243,-85.0
PPO,Acrobot-v1,2,244,-96.0
PPO,Acrobot-v1,2,245,-79.0
PPO,Acrobot-v1,2,246,-81.0
PPO,Acrobot-v1,2,247,-89.0
PPO,Acrobot-v1,2,248,-104.0
PPO,Acrobot-v1,2,249,-88.0
PPO,Acrobot-v1,2,250,-97.0
PPO,Acrobot-v1,2,251,-84.0
PPO,Acrobot-v1,2,252,-84.0
PPO,Acrobot-v1,2,253,-97.0
PPO,Acrobot-v1,2,254,-65.0
PPO,Acrobot-v1,2,255,-83.0
PPO,Acrobot-v1,2,256,-94.0
PPO,Acrobot-v1,2,257,-103.0
PPO,Acrobot-v1,2,258,-71.0
PPO,Acrobot-v1,2,259,-123.0
PPO,Acrobot-v1,2,260,-64.0
PPO,Acrobot-v1,2,261,-206.0
PPO,Acrobot-v1,2,262,-92.0
PPO,Acrobot-v1,2,263,-91.0
PPO,Acrobot-v1,2,264,-74.0
PPO,Acrobot-v1,2,265,-91.0
PPO,Acrobot-v1,2,266,-78.0
PPO,Acrobot-v1,2,267,-85.0
PPO,Acrobot-v1,2,268,-77.0
PPO,Acrobot-v1,2,269,-103.0
PPO,Acrobot-v1,2,270,-78.0
PPO,Acrobot-v1,2,271,-81.0
PPO,Acrobot-v1,2,272,-80.0
PPO,Acrobot-v1,2,273,-86.0
PPO,Acrobot-v1,2,274,-78.0
PPO,Acrobot-v1,2,275,-95.0
PPO,Acrobot-v1,2,276,-103.0
PPO,Acrobot-v1,2,277,-79.0
PPO,Acrobot-v1,2,278,-82.0
PPO,Acrobot-v1,2,279,-97.0
PPO,Acrobot-v1,2,280,-94.0
PPO,Acrobot-v1,2,281,-92.0
PPO,Acrobot-v1,2,282,-76.0
PPO,Acrobot-v1,2,283,-95.0
PPO,Acrobot-v1,2,284,-107.0
PPO,Acrobot-v1,2,285,-106.0
PPO,Acrobot-v1,2,286,-77.0
PPO,Acrobot-v1,2,287,-98.0
PPO,Acrobot-v1,2,288,-92.0
PPO,Acrobot-v1,2,289,-85.0
PPO,Acrobot-v1,2,290,-87.0
PPO,Acrobot-v1,2,291,-108.0
PPO,Acrobot-v1,2,292,-117.0
PPO,Acrobot-v1,2,293,-90.0
PPO,Acrobot-v1,2,294,-124.0
PPO,Acrobot-v1,2,295,-100.0
PPO,Acrobot-v1,2,296,-85.0
PPO,Acrobot-v1,2,297,-75.0
PPO,Acrobot-v1,2,298,-101.0
PPO,Acrobot-v1,2,299,-71.0
PPO,Acrobot-v1,2,300,-80.0
PPO,Acrobot-v1,2,301,-90.0
PPO,Acrobot-v1,2,302,-93.0
PPO,Acrobot-v1,2,303,-90.0
PPO,Acrobot-v1,2,304,-89.0
PPO,Acrobot-v1,2,305,-75.0
PPO,Acrobot-v1,2,306,-78.0
PPO,Acrobot-v1,2,307,-72.0
PPO,Acrobot-v1,2,308,-82.0
PPO,Acrobot-v1,2,309,-86.0
PPO,Acrobot-v1,2,310,-72.0
PPO,Acrobot-v1,2,311,-86.0
PPO,Acrobot-v1,2,312,-111.0
PPO,Acrobot-v1,2,313,-76.0
PPO,Acrobot-v1,2,314,-82.0
PPO,Acrobot-v1,2,315,-89.0
PPO,Acrobot-v1,2,316,-99.0
PPO,Acrobot-v1,2,317,-79.0
PPO,Acrobot-v1,2,318,-89.0
PPO,Acrobot-v1,2,319,-78.0
PPO,Acrobot-v1,2,320,-95.0
PPO,Acrobot-v1,2,321,-81.0
PPO,Acrobot-v1,2,322,-71.0
PPO,Acrobot-v1,2,323,-76.0
PPO,Acrobot-v1,2,324,-87.0
PPO,Acrobot-v1,2,325,-90.0
PPO,Acrobot-v1,2,326,-86.0
PPO,Acrobot-v1,2,327,-70.0
PPO,Acrobot-v1,2,328,-78.0
PPO,Acrobot-v1,2,329,-337.0
PPO,Acrobot-v1,2,330,-93.0
PPO,Acrobot-v1,2,331,-97.0
PPO,Acrobot-v1,2,332,-64.0
PPO,Acrobot-v1,2,333,-78.0
PPO,Acrobot-v1,2,334,-97.0
PPO,Acrobot-v1,2,335,-100.0
PPO,Acrobot-v1,2,336,-70.0
PPO,Acrobot-v1,2,337,-70.0
PPO,Acrobot-v1,2,338,-84.0
PPO,Acrobot-v1,2,339,-74.0
PPO,Acrobot-v1,2,340,-99.0
PPO,Acrobot-v1,2,341,-90.0
PPO,Acrobot-v1,2,342,-94.0
PPO,Acrobot-v1,2,343,-64.0
PPO,Acrobot-v1,2,344,-74.0
PPO,Acrobot-v1,2,345,-88.0
PPO,Acrobot-v1,2,346,-93.0
PPO,Acrobot-v1,2,347,-95.0
PPO,Acrobot-v1,2,348,-81.0
PPO,Acrobot-v1,2,349,-82.0
PPO,Acrobot-v1,2,350,-94.0
PPO,Acrobot-v1,2,351,-78.0
PPO,Acrobot-v1,2,352,-96.0
PPO,Acrobot-v1,2,353,-97.0
PPO,Acrobot-v1,2,354,-97.0
PPO,Acrobot-v1,2,355,-108.0
PPO,Acrobot-v1,2,356,-83.0
PPO,Acrobot-v1,2,357,-96.0
PPO,Acrobot-v1,2,358,-77.0
PPO,Acrobot-v1,2,359,-170.0
PPO,Acrobot-v1,2,360,-131.0
PPO,Acrobot-v1,2,361,-148.0
PPO,Acrobot-v1,2,362,-88.0
PPO,Acrobot-v1,2,363,-94.0
PPO,Acrobot-v1,2,364,-75.0
PPO,Acrobot-v1,2,365,-89.0
PPO,Acrobot-v1,2,366,-70.0
PPO,Acrobot-v1,2,367,-70.0
PPO,Acrobot-v1,2,368,-99.0
PPO,Acrobot-v1,2,369,-81.0
PPO,Acrobot-v1,2,370,-90.0
PPO,Acrobot-v1,2,371,-72.0
PPO,Acrobot-v1,2,372,-93.0
PPO,Acrobot-v1,2,373,-73.0
PPO,Acrobot-v1,2,374,-81.0
PPO,Acrobot-v1,2,375,-139.0
PPO,Acrobot-v1,2,376,-92.0
PPO,Acrobot-v1,2,377,-72.0
PPO,Acrobot-v1,2,378,-70.0
PPO,Acrobot-v1,2,379,-83.0
PPO,Acrobot-v1,2,380,-77.0
PPO,Acrobot-v1,2,381,-64.0
PPO,Acrobot-v1,2,382,-93.0
PPO,Acrobot-v1,2,383,-71.0
PPO,Acrobot-v1,2,384,-88.0
PPO,Acrobot-v1,2,385,-70.0
PPO,Acrobot-v1,2,386,-95.0
PPO,Acrobot-v1,2,387,-106.0
PPO,Acrobot-v1,2,388,-81.0
PPO,Acrobot-v1,2,389,-73.0
PPO,Acrobot-v1,2,390,-70.0
PPO,Acrobot-v1,2,391,-81.0
PPO,Acrobot-v1,2,392,-150.0
PPO,Acrobot-v1,2,393,-75.0
PPO,Acrobot-v1,2,394,-82.0
PPO,Acrobot-v1,2,395,-122.0
PPO,Acrobot-v1,2,396,-93.0
PPO,Acrobot-v1,2,397,-165.0
PPO,Acrobot-v1,2,398,-85.0
PPO,Acrobot-v1,2,399,-78.0
PPO,Acrobot-v1,2,400,-106.0
PPO,Acrobot-v1,2,401,-94.0
PPO,Acrobot-v1,2,402,-67.0
PPO,Acrobot-v1,2,403,-78.0
PPO,Acrobot-v1,2,404,-69.0
PPO,Acrobot-v1,2,405,-78.0
PPO,Acrobot-v1,2,406,-75.0
PPO,Acrobot-v1,2,407,-70.0
PPO,Acrobot-v1,2,408,-75.0
PPO,Acrobot-v1,2,409,-67.0
PPO,Acrobot-v1,2,410,-95.0
PPO,Acrobot-v1,2,411,-104.0
PPO,Acrobot-v1,2,412,-84.0
PPO,Acrobot-v1,2,413,-92.0
PPO,Acrobot-v1,2,414,-75.0
PPO,Acrobot-v1,2,415,-71.0
PPO,Acrobot-v1,2,416,-83.0
PPO,Acrobot-v1,2,417,-82.0
PPO,Acrobot-v1,2,418,-69.0
PPO,Acrobot-v1,2,419,-95.0
PPO,Acrobot-v1,2,420,-100.0
PPO,Acrobot-v1,2,421,-93.0
PPO,Acrobot-v1,2,422,-91.0
PPO,Acrobot-v1,2,423,-64.0
PPO,Acrobot-v1,2,424,-89.0
PPO,Acrobot-v1,2,425,-90.0
PPO,Acrobot-v1,2,426,-63.0
PPO,Acrobot-v1,2,427,-72.0
PPO,Acrobot-v1,2,428,-78.0
PPO,Acrobot-v1,2,429,-64.0
PPO,Acrobot-v1,2,430,-82.0
PPO,Acrobot-v1,2,431,-70.0
PPO,Acrobot-v1,2,432,-81.0
PPO,Acrobot-v1,2,433,-151.0
PPO,Acrobot-v1,2,434,-102.0
PPO,Acrobot-v1,2,435,-89.0
PPO,Acrobot-v1,2,436,-125.0
PPO,Acrobot-v1,2,437,-88.0
PPO,Acrobot-v1,2,438,-77.0
PPO,Acrobot-v1,2,439,-75.0
PPO,Acrobot-v1,2,440,-72.0
PPO,Acrobot-v1,2,441,-61.0
PPO,Acrobot-v1,2,442,-84.0
PPO,Acrobot-v1,2,443,-79.0
PPO,Acrobot-v1,2,444,-126.0
PPO,Acrobot-v1,2,445,-73.0
PPO,Acrobot-v1,2,446,-81.0
PPO,Acrobot-v1,2,447,-88.0
PPO,Acrobot-v1,2,448,-83.0
PPO,Acrobot-v1,2,449,-76.0
PPO,Acrobot-v1,2,450,-93.0
PPO,Acrobot-v1,2,451,-89.0
PPO,Acrobot-v1,2,452,-91.0
PPO,Acrobot-v1,2,453,-74.0
PPO,Acrobot-v1,2,454,-104.0
PPO,Acrobot-v1,2,455,-64.0
PPO,Acrobot-v1,2,456,-69.0
PPO,Acrobot-v1,2,457,-78.0
PPO,Acrobot-v1,2,458,-71.0
PPO,Acrobot-v1,2,459,-88.0
PPO,Acrobot-v1,2,460,-87.0
PPO,Acrobot-v1,2,461,-94.0
PPO,Acrobot-v1,2,462,-74.0
PPO,Acrobot-v1,2,463,-99.0
PPO,Acrobot-v1,2,464,-61.0
PPO,Acrobot-v1,2,465,-62.0
PPO,Acrobot-v1,2,466,-86.0
PPO,Acrobot-v1,2,467,-73.0
PPO,Acrobot-v1,2,468,-82.0
PPO,Acrobot-v1,2,469,-93.0
PPO,Acrobot-v1,2,470,-97.0
PPO,Acrobot-v1,2,471,-80.0
PPO,Acrobot-v1,2,472,-79.0
PPO,Acrobot-v1,2,473,-89.0
PPO,Acrobot-v1,2,474,-91.0
PPO,Acrobot-v1,2,475,-86.0
PPO,Acrobot-v1,2,476,-82.0
PPO,Acrobot-v1,2,477,-71.0
PPO,Acrobot-v1,2,478,-84.0
PPO,Acrobot-v1,2,479,-93.0
PPO,Acrobot-v1,2,480,-77.0
PPO,Acrobot-v1,2,481,-64.0
PPO,Acrobot-v1,2,482,-79.0
PPO,Acrobot-v1,2,483,-96.0
PPO,Acrobot-v1,2,484,-66.0
PPO,Acrobot-v1,2,485,-94.0
PPO,Acrobot-v1,2,486,-71.0
PPO,Acrobot-v1,2,487,-72.0
PPO,Acrobot-v1,2,488,-72.0
PPO,Acrobot-v1,2,489,-106.0
PPO,Acrobot-v1,2,490,-81.0
PPO,Acrobot-v1,2,491,-107.0
PPO,Acrobot-v1,2,492,-89.0
PPO,Acrobot-v1,2,493,-72.0
PPO,Acrobot-v1,2,494,-89.0
PPO,Acrobot-v1,2,495,-74.0
PPO,Acrobot-v1,2,496,-96.0
PPO,Acrobot-v1,2,497,-118.0
PPO,Acrobot-v1,2,498,-92.0
PPO,Acrobot-v1,2,499,-90.0
PPO,Acrobot-v1,2,500,-78.0
PPO,Acrobot-v1,2,501,-86.0
PPO,Acrobot-v1,2,502,-80.0
PPO,Acrobot-v1,2,503,-79.0
PPO,Acrobot-v1,2,504,-75.0
PPO,Acrobot-v1,2,505,-84.0
PPO,Acrobot-v1,2,506,-182.0
PPO,Acrobot-v1,2,507,-88.0
PPO,Acrobot-v1,2,508,-91.0
PPO,Acrobot-v1,2,509,-87.0
PPO,Acrobot-v1,2,510,-151.0
PPO,Acrobot-v1,2,511,-73.0
PPO,Acrobot-v1,2,512,-96.0
PPO,Acrobot-v1,2,513,-93.0
PPO,Acrobot-v1,2,514,-70.0
PPO,Acrobot-v1,2,515,-63.0
PPO,Acrobot-v1,2,516,-84.0
PPO,Acrobot-v1,2,517,-90.0
PPO,Acrobot-v1,2,518,-70.0
PPO,Acrobot-v1,2,519,-85.0
PPO,Acrobot-v1,2,520,-106.0
PPO,Acrobot-v1,2,521,-91.0
PPO,Acrobot-v1,2,522,-80.0
PPO,Acrobot-v1,2,523,-88.0
PPO,Acrobot-v1,2,524,-100.0
PPO,Acrobot-v1,2,525,-82.0
PPO,Acrobot-v1,2,526,-89.0
PPO,Acrobot-v1,2,527,-73.0
PPO,Acrobot-v1,2,528,-80.0
PPO,Acrobot-v1,2,529,-83.0
PPO,Acrobot-v1,2,530,-85.0
PPO,Acrobot-v1,2,531,-61.0
PPO,Acrobot-v1,2,532,-97.0
PPO,Acrobot-v1,2,533,-79.0
PPO,Acrobot-v1,2,534,-81.0
PPO,Acrobot-v1,2,535,-73.0
PPO,Acrobot-v1,2,536,-91.0
PPO,Acrobot-v1,2,537,-76.0
PPO,Acrobot-v1,2,538,-83.0
PPO,Acrobot-v1,2,539,-96.0
PPO,Acrobot-v1,2,540,-97.0
PPO,Acrobot-v1,2,541,-61.0
PPO,Acrobot-v1,2,542,-90.0
PPO,Acrobot-v1,2,543,-72.0
PPO,Acrobot-v1,2,544,-74.0
PPO,Acrobot-v1,2,545,-79.0
PPO,Acrobot-v1,2,546,-168.0
PPO,Acrobot-v1,2,547,-64.0
PPO,Acrobot-v1,2,548,-88.0
PPO,Acrobot-v1,2,549,-69.0
PPO,Acrobot-v1,2,550,-107.0
PPO,Acrobot-v1,2,551,-93.0
PPO,Acrobot-v1,2,552,-73.0
PPO,Acrobot-v1,2,553,-95.0
PPO,Acrobot-v1,2,554,-136.0
PPO,Acrobot-v1,2,555,-74.0
PPO,Acrobot-v1,2,556,-70.0
PPO,Acrobot-v1,2,557,-87.0
PPO,Acrobot-v1,2,558,-92.0
PPO,Acrobot-v1,2,559,-81.0
PPO,Acrobot-v1,2,560,-63.0
PPO,Acrobot-v1,2,561,-69.0
PPO,Acrobot-v1,2,562,-80.0
PPO,Acrobot-v1,2,563,-79.0
PPO,Acrobot-v1,2,564,-72.0
PPO,Acrobot-v1,2,565,-96.0
PPO,Acrobot-v1,2,566,-83.0
PPO,Acrobot-v1,2,567,-76.0
PPO,Acrobot-v1,2,568,-93.0
PPO,Acrobot-v1,2,569,-69.0
PPO,Acrobot-v1,2,570,-65.0
PPO,Acrobot-v1,2,571,-79.0
PPO,Acrobot-v1,2,572,-74.0
PPO,Acrobot-v1,2,573,-87.0
PPO,Acrobot-v1,2,574,-79.0
PPO,Acrobot-v1,2,575,-73.0
PPO,Acrobot-v1,2,576,-88.0
PPO,Acrobot-v1,2,577,-78.0
PPO,Acrobot-v1,2,578,-73.0
PPO,Acrobot-v1,2,579,-72.0
PPO,Acrobot-v1,2,580,-95.0
PPO,Acrobot-v1,2,581,-86.0
PPO,Acrobot-v1,2,582,-90.0
PPO,Acrobot-v1,2,583,-95.0
PPO,Acrobot-v1,2,584,-131.0
PPO,Acrobot-v1,2,585,-77.0
PPO,Acrobot-v1,2,586,-79.0
PPO,Acrobot-v1,2,587,-81.0
PPO,Acrobot-v1,2,588,-79.0
PPO,Acrobot-v1,2,589,-92.0
PPO,Acrobot-v1,2,590,-91.0
PPO,Acrobot-v1,2,591,-80.0
PPO,Acrobot-v1,2,592,-92.0
PPO,Acrobot-v1,2,593,-88.0
PPO,Acrobot-v1,2,594,-84.0
PPO,Acrobot-v1,2,595,-78.0
PPO,Acrobot-v1,2,596,-85.0
PPO,Acrobot-v1,2,597,-89.0
PPO,Acrobot-v1,2,598,-73.0
PPO,Acrobot-v1,2,599,-80.0
PPO,Acrobot-v1,2,600,-83.0
PPO,Acrobot-v1,2,601,-65.0
PPO,Acrobot-v1,2,602,-79.0
PPO,Acrobot-v1,2,603,-72.0
PPO,Acrobot-v1,2,604,-82.0
PPO,Acrobot-v1,2,605,-66.0
PPO,Acrobot-v1,2,606,-94.0
PPO,Acrobot-v1,2,607,-92.0
PPO,Acrobot-v1,2,608,-241.0
PPO,Acrobot-v1,2,609,-210.0
PPO,Acrobot-v1,2,610,-81.0
PPO,Acrobot-v1,2,611,-89.0
PPO,Acrobot-v1,2,612,-88.0
PPO,Acrobot-v1,2,613,-85.0
PPO,Acrobot-v1,2,614,-72.0
PPO,Acrobot-v1,2,615,-147.0
PPO,Acrobot-v1,2,616,-68.0
PPO,Acrobot-v1,2,617,-70.0
PPO,Acrobot-v1,2,618,-119.0
PPO,Acrobot-v1,2,619,-63.0
PPO,Acrobot-v1,2,620,-87.0
PPO,Acrobot-v1,2,621,-84.0
PPO,Acrobot-v1,2,622,-170.0
PPO,Acrobot-v1,2,623,-72.0
PPO,Acrobot-v1,2,624,-63.0
PPO,Acrobot-v1,2,625,-76.0
PPO,Acrobot-v1,2,626,-76.0
PPO,Acrobot-v1,2,627,-77.0
PPO,Acrobot-v1,2,628,-104.0
PPO,Acrobot-v1,2,629,-94.0
PPO,Acrobot-v1,2,630,-81.0
PPO,Acrobot-v1,2,631,-76.0
PPO,Acrobot-v1,2,632,-94.0
PPO,Acrobot-v1,2,633,-82.0
PPO,Acrobot-v1,2,634,-79.0
PPO,Acrobot-v1,2,635,-68.0
PPO,Acrobot-v1,2,636,-89.0
PPO,Acrobot-v1,2,637,-84.0
PPO,Acrobot-v1,2,638,-73.0
PPO,Acrobot-v1,2,639,-86.0
PPO,Acrobot-v1,2,640,-107.0
PPO,Acrobot-v1,2,641,-83.0
PPO,Acrobot-v1,2,642,-103.0
PPO,Acrobot-v1,2,643,-80.0
PPO,Acrobot-v1,2,644,-167.0
PPO,Acrobot-v1,2,645,-93.0
PPO,Acrobot-v1,2,646,-97.0
PPO,Acrobot-v1,2,647,-76.0
PPO,Acrobot-v1,2,648,-75.0
PPO,Acrobot-v1,2,649,-145.0
PPO,Acrobot-v1,2,650,-98.0
PPO,Acrobot-v1,2,651,-77.0
PPO,Acrobot-v1,2,652,-64.0
PPO,Acrobot-v1,2,653,-73.0
PPO,Acrobot-v1,2,654,-76.0
PPO,Acrobot-v1,2,655,-80.0
PPO,Acrobot-v1,2,656,-95.0
PPO,Acrobot-v1,2,657,-87.0
PPO,Acrobot-v1,2,658,-71.0
PPO,Acrobot-v1,2,659,-63.0
PPO,Acrobot-v1,2,660,-72.0
PPO,Acrobot-v1,2,661,-76.0
PPO,Acrobot-v1,2,662,-71.0
PPO,Acrobot-v1,2,663,-77.0
PPO,Acrobot-v1,2,664,-85.0
PPO,Acrobot-v1,2,665,-79.0
PPO,Acrobot-v1,2,666,-72.0
PPO,Acrobot-v1,2,667,-70.0
PPO,Acrobot-v1,2,668,-73.0
PPO,Acrobot-v1,2,669,-100.0
PPO,Acrobot-v1,2,670,-79.0
PPO,Acrobot-v1,2,671,-96.0
PPO,Acrobot-v1,2,672,-84.0
PPO,Acrobot-v1,2,673,-80.0
PPO,Acrobot-v1,2,674,-173.0
PPO,Acrobot-v1,2,675,-104.0
PPO,Acrobot-v1,2,676,-62.0
PPO,Acrobot-v1,2,677,-79.0
PPO,Acrobot-v1,2,678,-72.0
PPO,Acrobot-v1,2,679,-86.0
PPO,Acrobot-v1,2,680,-84.0
PPO,Acrobot-v1,2,681,-88.0
PPO,Acrobot-v1,2,682,-73.0
PPO,Acrobot-v1,2,683,-86.0
PPO,Acrobot-v1,2,684,-75.0
PPO,Acrobot-v1,2,685,-91.0
PPO,Acrobot-v1,2,686,-80.0
PPO,Acrobot-v1,2,687,-72.0
PPO,Acrobot-v1,2,688,-79.0
PPO,Acrobot-v1,2,689,-66.0
PPO,Acrobot-v1,2,690,-184.0
PPO,Acrobot-v1,2,691,-92.0
PPO,Acrobot-v1,2,692,-69.0
PPO,Acrobot-v1,2,693,-87.0
PPO,Acrobot-v1,2,694,-86.0
PPO,Acrobot-v1,2,695,-75.0
PPO,Acrobot-v1,2,696,-115.0
PPO,Acrobot-v1,2,697,-73.0
PPO,Acrobot-v1,2,698,-75.0
PPO,Acrobot-v1,2,699,-69.0
PPO,Acrobot-v1,2,700,-88.0
PPO,Acrobot-v1,2,701,-85.0
PPO,Acrobot-v1,2,702,-88.0
PPO,Acrobot-v1,2,703,-64.0
PPO,Acrobot-v1,2,704,-82.0
PPO,Acrobot-v1,2,705,-73.0
PPO,Acrobot-v1,2,706,-89.0
PPO,Acrobot-v1,2,707,-185.0
PPO,Acrobot-v1,2,708,-98.0
PPO,Acrobot-v1,2,709,-75.0
PPO,Acrobot-v1,2,710,-83.0
PPO,Acrobot-v1,2,711,-87.0
PPO,Acrobot-v1,2,712,-108.0
PPO,Acrobot-v1,2,713,-74.0
PPO,Acrobot-v1,2,714,-82.0
PPO,Acrobot-v1,2,715,-78.0
PPO,Acrobot-v1,2,716,-91.0
PPO,Acrobot-v1,2,717,-79.0
PPO,Acrobot-v1,2,718,-64.0
PPO,Acrobot-v1,2,719,-111.0
PPO,Acrobot-v1,2,720,-69.0
PPO,Acrobot-v1,2,721,-85.0
PPO,Acrobot-v1,2,722,-79.0
PPO,Acrobot-v1,2,723,-69.0
PPO,Acrobot-v1,2,724,-115.0
PPO,Acrobot-v1,2,725,-89.0
PPO,Acrobot-v1,2,726,-92.0
PPO,Acrobot-v1,2,727,-74.0
PPO,Acrobot-v1,2,728,-71.0
PPO,Acrobot-v1,2,729,-71.0
PPO,Acrobot-v1,2,730,-63.0
PPO,Acrobot-v1,2,731,-95.0
PPO,Acrobot-v1,2,732,-89.0
PPO,Acrobot-v1,2,733,-71.0
PPO,Acrobot-v1,2,734,-72.0
PPO,Acrobot-v1,2,735,-67.0
PPO,Acrobot-v1,2,736,-79.0
PPO,Acrobot-v1,2,737,-77.0
PPO,Acrobot-v1,2,738,-79.0
PPO,Acrobot-v1,2,739,-77.0
PPO,Acrobot-v1,2,740,-69.0
PPO,Acrobot-v1,2,741,-176.0
PPO,Acrobot-v1,2,742,-71.0
PPO,Acrobot-v1,2,743,-97.0
PPO,Acrobot-v1,2,744,-78.0
PPO,Acrobot-v1,2,745,-86.0
PPO,Acrobot-v1,2,746,-71.0
PPO,Acrobot-v1,2,747,-78.0
PPO,Acrobot-v1,2,748,-85.0
PPO,Acrobot-v1,2,749,-90.0
PPO,Acrobot-v1,2,750,-78.0
PPO,Acrobot-v1,2,751,-71.0
PPO,Acrobot-v1,2,752,-76.0
PPO,Acrobot-v1,2,753,-76.0
PPO,Acrobot-v1,2,754,-87.0
PPO,Acrobot-v1,2,755,-83.0
PPO,Acrobot-v1,2,756,-279.0
PPO,Acrobot-v1,2,757,-74.0
PPO,Acrobot-v1,2,758,-70.0
PPO,Acrobot-v1,2,759,-85.0
PPO,Acrobot-v1,2,760,-80.0
PPO,Acrobot-v1,2,761,-80.0
PPO,Acrobot-v1,2,762,-86.0
PPO,Acrobot-v1,2,763,-84.0
PPO,Acrobot-v1,2,764,-78.0
PPO,Acrobot-v1,2,765,-98.0
PPO,Acrobot-v1,2,766,-81.0
PPO,Acrobot-v1,2,767,-73.0
PPO,Acrobot-v1,2,768,-80.0
PPO,Acrobot-v1,2,769,-139.0
PPO,Acrobot-v1,2,770,-80.0
PPO,Acrobot-v1,2,771,-78.0
PPO,Acrobot-v1,2,772,-70.0
PPO,Acrobot-v1,2,773,-84.0
PPO,Acrobot-v1,2,774,-98.0
PPO,Acrobot-v1,2,775,-62.0
PPO,Acrobot-v1,2,776,-91.0
PPO,Acrobot-v1,2,777,-97.0
PPO,Acrobot-v1,2,778,-73.0
PPO,Acrobot-v1,2,779,-91.0
PPO,Acrobot-v1,2,780,-81.0
PPO,Acrobot-v1,2,781,-77.0
PPO,Acrobot-v1,2,782,-70.0
PPO,Acrobot-v1,2,783,-62.0
PPO,Acrobot-v1,2,784,-64.0
PPO,Acrobot-v1,2,785,-70.0
PPO,Acrobot-v1,2,786,-73.0
PPO,Acrobot-v1,2,787,-71.0
PPO,Acrobot-v1,2,788,-75.0
PPO,Acrobot-v1,2,789,-96.0
PPO,Acrobot-v1,2,790,-69.0
PPO,Acrobot-v1,2,791,-73.0
PPO,Acrobot-v1,2,792,-71.0
PPO,Acrobot-v1,2,793,-93.0
PPO,Acrobot-v1,2,794,-85.0
PPO,Acrobot-v1,2,795,-77.0
PPO,Acrobot-v1,2,796,-84.0
PPO,Acrobot-v1,2,797,-65.0
PPO,Acrobot-v1,2,798,-72.0
PPO,Acrobot-v1,2,799,-77.0
PPO,Acrobot-v1,2,800,-73.0
PPO,Acrobot-v1,2,801,-104.0
PPO,Acrobot-v1,2,802,-64.0
PPO,Acrobot-v1,2,803,-84.0
PPO,Acrobot-v1,2,804,-92.0
PPO,Acrobot-v1,2,805,-101.0
PPO,Acrobot-v1,2,806,-89.0
PPO,Acrobot-v1,2,807,-75.0
PPO,Acrobot-v1,2,808,-89.0
PPO,Acrobot-v1,2,809,-256.0
PPO,Acrobot-v1,2,810,-86.0
PPO,Acrobot-v1,2,811,-77.0
PPO,Acrobot-v1,2,812,-77.0
PPO,Acrobot-v1,2,813,-73.0
PPO,Acrobot-v1,2,814,-80.0
PPO,Acrobot-v1,2,815,-85.0
PPO,Acrobot-v1,2,816,-87.0
PPO,Acrobot-v1,2,817,-82.0
PPO,Acrobot-v1,2,818,-93.0
PPO,Acrobot-v1,2,819,-84.0
PPO,Acrobot-v1,2,820,-87.0
PPO,Acrobot-v1,2,821,-89.0
PPO,Acrobot-v1,2,822,-69.0
PPO,Acrobot-v1,2,823,-78.0
PPO,Acrobot-v1,2,824,-72.0
PPO,Acrobot-v1,2,825,-88.0
PPO,Acrobot-v1,2,826,-226.0
PPO,Acrobot-v1,2,827,-89.0
PPO,Acrobot-v1,2,828,-78.0
PPO,Acrobot-v1,2,829,-88.0
PPO,Acrobot-v1,2,830,-73.0
PPO,Acrobot-v1,2,831,-75.0
PPO,Acrobot-v1,2,832,-77.0
PPO,Acrobot-v1,2,833,-78.0
PPO,Acrobot-v1,2,834,-69.0
PPO,Acrobot-v1,2,835,-72.0
PPO,Acrobot-v1,2,836,-90.0
PPO,Acrobot-v1,2,837,-86.0
PPO,Acrobot-v1,2,838,-91.0
PPO,Acrobot-v1,2,839,-88.0
PPO,Acrobot-v1,2,840,-75.0
PPO,Acrobot-v1,2,841,-222.0
PPO,Acrobot-v1,2,842,-91.0
PPO,Acrobot-v1,2,843,-77.0
PPO,Acrobot-v1,2,844,-87.0
PPO,Acrobot-v1,2,845,-75.0
PPO,Acrobot-v1,2,846,-90.0
PPO,Acrobot-v1,2,847,-79.0
PPO,Acrobot-v1,2,848,-80.0
PPO,Acrobot-v1,2,849,-71.0
PPO,Acrobot-v1,2,850,-97.0
PPO,Acrobot-v1,2,851,-76.0
PPO,Acrobot-v1,2,852,-77.0
PPO,Acrobot-v1,2,853,-77.0
PPO,Acrobot-v1,2,854,-112.0
PPO,Acrobot-v1,2,855,-80.0
PPO,Acrobot-v1,2,856,-95.0
PPO,Acrobot-v1,2,857,-86.0
PPO,Acrobot-v1,2,858,-71.0
PPO,Acrobot-v1,2,859,-71.0
PPO,Acrobot-v1,2,860,-82.0
PPO,Acrobot-v1,2,861,-79.0
PPO,Acrobot-v1,2,862,-90.0
PPO,Acrobot-v1,2,863,-89.0
PPO,Acrobot-v1,2,864,-77.0
PPO,Acrobot-v1,2,865,-79.0
PPO,Acrobot-v1,2,866,-77.0
PPO,Acrobot-v1,2,867,-77.0
PPO,Acrobot-v1,2,868,-70.0
PPO,Acrobot-v1,2,869,-74.0
PPO,Acrobot-v1,2,870,-188.0
PPO,Acrobot-v1,2,871,-64.0
PPO,Acrobot-v1,2,872,-133.0
PPO,Acrobot-v1,2,873,-63.0
PPO,Acrobot-v1,2,874,-83.0
PPO,Acrobot-v1,2,875,-77.0
PPO,Acrobot-v1,2,876,-88.0
PPO,Acrobot-v1,2,877,-77.0
PPO,Acrobot-v1,2,878,-80.0
PPO,Acrobot-v1,2,879,-86.0
PPO,Acrobot-v1,2,880,-78.0
PPO,Acrobot-v1,2,881,-72.0
PPO,Acrobot-v1,2,882,-96.0
PPO,Acrobot-v1,2,883,-92.0
PPO,Acrobot-v1,2,884,-78.0
PPO,Acrobot-v1,2,885,-72.0
PPO,Acrobot-v1,2,886,-70.0
PPO,Acrobot-v1,2,887,-62.0
PPO,Acrobot-v1,2,888,-80.0
PPO,Acrobot-v1,2,889,-80.0
PPO,Acrobot-v1,2,890,-92.0
PPO,Acrobot-v1,2,891,-70.0
PPO,Acrobot-v1,2,892,-65.0
PPO,Acrobot-v1,2,893,-86.0
PPO,Acrobot-v1,2,894,-64.0
PPO,Acrobot-v1,2,895,-75.0
PPO,Acrobot-v1,2,896,-79.0
PPO,Acrobot-v1,2,897,-86.0
PPO,Acrobot-v1,2,898,-82.0
PPO,Acrobot-v1,2,899,-76.0
PPO,Acrobot-v1,2,900,-78.0
PPO,Acrobot-v1,2,901,-86.0
PPO,Acrobot-v1,2,902,-84.0
PPO,Acrobot-v1,2,903,-78.0
PPO,Acrobot-v1,2,904,-79.0
PPO,Acrobot-v1,2,905,-78.0
PPO,Acrobot-v1,2,906,-70.0
PPO,Acrobot-v1,2,907,-71.0
PPO,Acrobot-v1,2,908,-77.0
PPO,Acrobot-v1,2,909,-72.0
PPO,Acrobot-v1,2,910,-72.0
PPO,Acrobot-v1,2,911,-73.0
PPO,Acrobot-v1,2,912,-76.0
PPO,Acrobot-v1,2,913,-82.0
PPO,Acrobot-v1,2,914,-85.0
PPO,Acrobot-v1,2,915,-72.0
PPO,Acrobot-v1,2,916,-75.0
PPO,Acrobot-v1,2,917,-97.0
PPO,Acrobot-v1,2,918,-80.0
PPO,Acrobot-v1,2,919,-107.0
PPO,Acrobot-v1,2,920,-92.0
PPO,Acrobot-v1,2,921,-75.0
PPO,Acrobot-v1,2,922,-85.0
PPO,Acrobot-v1,2,923,-76.0
PPO,Acrobot-v1,2,924,-93.0
PPO,Acrobot-v1,2,925,-81.0
PPO,Acrobot-v1,2,926,-63.0
PPO,Acrobot-v1,2,927,-73.0
PPO,Acrobot-v1,2,928,-70.0
PPO,Acrobot-v1,2,929,-75.0
PPO,Acrobot-v1,2,930,-78.0
PPO,Acrobot-v1,2,931,-92.0
PPO,Acrobot-v1,2,932,-81.0
PPO,Acrobot-v1,2,933,-72.0
PPO,Acrobot-v1,2,934,-86.0
PPO,Acrobot-v1,2,935,-88.0
PPO,Acrobot-v1,2,936,-80.0
PPO,Acrobot-v1,2,937,-85.0
PPO,Acrobot-v1,2,938,-89.0
PPO,Acrobot-v1,2,939,-82.0
PPO,Acrobot-v1,2,940,-88.0
PPO,Acrobot-v1,2,941,-77.0
PPO,Acrobot-v1,2,942,-78.0
PPO,Acrobot-v1,2,943,-178.0
PPO,Acrobot-v1,2,944,-88.0
PPO,Acrobot-v1,2,945,-95.0
PPO,Acrobot-v1,2,946,-75.0
PPO,Acrobot-v1,2,947,-87.0
PPO,Acrobot-v1,2,948,-87.0
PPO,Acrobot-v1,2,949,-109.0
PPO,Acrobot-v1,2,950,-77.0
PPO,Acrobot-v1,2,951,-101.0
PPO,Acrobot-v1,2,952,-84.0
PPO,Acrobot-v1,2,953,-68.0
PPO,Acrobot-v1,2,954,-89.0
PPO,Acrobot-v1,2,955,-83.0
PPO,Acrobot-v1,2,956,-96.0
PPO,Acrobot-v1,2,957,-89.0
PPO,Acrobot-v1,2,958,-87.0
PPO,Acrobot-v1,2,959,-81.0
PPO,Acrobot-v1,2,960,-92.0
PPO,Acrobot-v1,2,961,-102.0
PPO,Acrobot-v1,2,962,-108.0
PPO,Acrobot-v1,2,963,-76.0
PPO,Acrobot-v1,2,964,-67.0
PPO,Acrobot-v1,2,965,-152.0
PPO,Acrobot-v1,2,966,-80.0
PPO,Acrobot-v1,2,967,-79.0
PPO,Acrobot-v1,2,968,-77.0
PPO,Acrobot-v1,2,969,-88.0
PPO,Acrobot-v1,2,970,-86.0
PPO,Acrobot-v1,2,971,-80.0
PPO,Acrobot-v1,2,972,-87.0
PPO,Acrobot-v1,2,973,-94.0
PPO,Acrobot-v1,2,974,-80.0
PPO,Acrobot-v1,2,975,-92.0
PPO,Acrobot-v1,2,976,-77.0
PPO,Acrobot-v1,2,977,-80.0
PPO,Acrobot-v1,2,978,-78.0
PPO,Acrobot-v1,2,979,-74.0
PPO,Acrobot-v1,2,980,-64.0
PPO,Acrobot-v1,2,981,-93.0
PPO,Acrobot-v1,2,982,-87.0
PPO,Acrobot-v1,2,983,-500.0
PPO,Acrobot-v1,2,984,-73.0
PPO,Acrobot-v1,2,985,-63.0
PPO,Acrobot-v1,2,986,-80.0
PPO,Acrobot-v1,2,987,-78.0
PPO,Acrobot-v1,2,988,-77.0
PPO,Acrobot-v1,2,989,-87.0
PPO,Acrobot-v1,2,990,-65.0
PPO,Acrobot-v1,2,991,-71.0
PPO,Acrobot-v1,2,992,-69.0
PPO,Acrobot-v1,2,993,-76.0
PPO,Acrobot-v1,2,994,-71.0
PPO,Acrobot-v1,2,995,-77.0
PPO,Acrobot-v1,2,996,-73.0
PPO,Acrobot-v1,2,997,-78.0
PPO,Acrobot-v1,2,998,-75.0
PPO,Acrobot-v1,2,999,-88.0
PPO,Acrobot-v1,2,1000,-78.0
PPO,Acrobot-v1,2,1001,-77.0
PPO,Acrobot-v1,2,1002,-84.0
PPO,Acrobot-v1,2,1003,-71.0
PPO,Acrobot-v1,2,1004,-250.0
PPO,Acrobot-v1,2,1005,-85.0
PPO,Acrobot-v1,2,1006,-84.0
PPO,Acrobot-v1,2,1007,-81.0
PPO,Acrobot-v1,2,1008,-76.0
PPO,Acrobot-v1,2,1009,-84.0
PPO,Acrobot-v1,2,1010,-71.0
PPO,Acrobot-v1,2,1011,-85.0
PPO,Acrobot-v1,2,1012,-74.0
PPO,Acrobot-v1,2,1013,-88.0
PPO,Acrobot-v1,2,1014,-271.0
PPO,Acrobot-v1,2,1015,-88.0
PPO,Acrobot-v1,2,1016,-83.0
PPO,Acrobot-v1,2,1017,-87.0
PPO,Acrobot-v1,2,1018,-77.0
PPO,Acrobot-v1,2,1019,-81.0
PPO,Acrobot-v1,2,1020,-85.0
PPO,Acrobot-v1,2,1021,-86.0
PPO,Acrobot-v1,2,1022,-85.0
PPO,Acrobot-v1,2,1023,-75.0
PPO,Acrobot-v1,2,1024,-77.0
PPO,Acrobot-v1,2,1025,-71.0
PPO,Acrobot-v1,2,1026,-102.0
PPO,Acrobot-v1,2,1027,-78.0
PPO,Acrobot-v1,2,1028,-61.0
PPO,Acrobot-v1,2,1029,-78.0
PPO,Acrobot-v1,2,1030,-88.0
PPO,Acrobot-v1,2,1031,-88.0
PPO,Acrobot-v1,2,1032,-71.0
PPO,Acrobot-v1,2,1033,-70.0
PPO,Acrobot-v1,2,1034,-88.0
PPO,Acrobot-v1,2,1035,-102.0
PPO,Acrobot-v1,2,1036,-87.0
PPO,Acrobot-v1,2,1037,-78.0
PPO,Acrobot-v1,2,1038,-77.0
PPO,Acrobot-v1,2,1039,-69.0
PPO,Acrobot-v1,2,1040,-88.0
PPO,Acrobot-v1,2,1041,-93.0
PPO,Acrobot-v1,2,1042,-70.0
PPO,Acrobot-v1,2,1043,-99.0
PPO,Acrobot-v1,2,1044,-63.0
PPO,Acrobot-v1,2,1045,-89.0
PPO,Acrobot-v1,2,1046,-69.0
PPO,Acrobot-v1,2,1047,-77.0
PPO,Acrobot-v1,2,1048,-203.0
PPO,Acrobot-v1,2,1049,-80.0
PPO,Acrobot-v1,2,1050,-86.0
PPO,Acrobot-v1,2,1051,-80.0
PPO,Acrobot-v1,2,1052,-74.0
PPO,Acrobot-v1,2,1053,-73.0
PPO,Acrobot-v1,2,1054,-87.0
PPO,Acrobot-v1,2,1055,-89.0
PPO,Acrobot-v1,2,1056,-76.0
PPO,Acrobot-v1,2,1057,-77.0
PPO,Acrobot-v1,2,1058,-71.0
PPO,Acrobot-v1,2,1059,-87.0
PPO,Acrobot-v1,2,1060,-81.0
PPO,Acrobot-v1,2,1061,-76.0
PPO,Acrobot-v1,2,1062,-72.0
PPO,Acrobot-v1,2,1063,-77.0
PPO,Acrobot-v1,2,1064,-85.0
PPO,Acrobot-v1,2,1065,-71.0
PPO,Acrobot-v1,2,1066,-72.0
PPO,Acrobot-v1,2,1067,-94.0
PPO,Acrobot-v1,2,1068,-81.0
PPO,Acrobot-v1,2,1069,-78.0
PPO,Acrobot-v1,2,1070,-70.0
PPO,Acrobot-v1,2,1071,-90.0
PPO,Acrobot-v1,2,1072,-100.0
PPO,Acrobot-v1,2,1073,-77.0
PPO,Acrobot-v1,2,1074,-86.0
PPO,Acrobot-v1,2,1075,-80.0
PPO,Acrobot-v1,2,1076,-237.0
PPO,Acrobot-v1,2,1077,-95.0
PPO,Acrobot-v1,2,1078,-80.0
PPO,Acrobot-v1,2,1079,-78.0
PPO,Acrobot-v1,2,1080,-74.0
PPO,Acrobot-v1,2,1081,-78.0
PPO,Acrobot-v1,2,1082,-87.0
PPO,Acrobot-v1,2,1083,-72.0
PPO,Acrobot-v1,2,1084,-91.0
PPO,Acrobot-v1,2,1085,-76.0
PPO,Acrobot-v1,2,1086,-80.0
PPO,Acrobot-v1,2,1087,-86.0
PPO,Acrobot-v1,2,1088,-96.0
PPO,Acrobot-v1,2,1089,-81.0
PPO,Acrobot-v1,2,1090,-78.0
PPO,Acrobot-v1,2,1091,-99.0
PPO,Acrobot-v1,2,1092,-63.0
PPO,Acrobot-v1,2,1093,-69.0
PPO,Acrobot-v1,2,1094,-79.0
PPO,Acrobot-v1,2,1095,-79.0
PPO,Acrobot-v1,2,1096,-112.0
PPO,Acrobot-v1,2,1097,-75.0
PPO,Acrobot-v1,2,1098,-77.0
PPO,Acrobot-v1,2,1099,-76.0
PPO,Acrobot-v1,2,1100,-103.0
PPO,Acrobot-v1,2,1101,-78.0
PPO,Acrobot-v1,2,1102,-86.0
PPO,Acrobot-v1,2,1103,-68.0
PPO,Acrobot-v1,2,1104,-63.0
PPO,Acrobot-v1,2,1105,-77.0
PPO,Acrobot-v1,2,1106,-86.0
PPO,Acrobot-v1,2,1107,-76.0
PPO,Acrobot-v1,2,1108,-87.0
PPO,Acrobot-v1,2,1109,-91.0
PPO,Acrobot-v1,2,1110,-72.0
PPO,Acrobot-v1,2,1111,-76.0
PPO,Acrobot-v1,2,1112,-78.0
PPO,Acrobot-v1,2,1113,-75.0
PPO,Acrobot-v1,2,1114,-77.0
PPO,Acrobot-v1,2,1115,-80.0
PPO,Acrobot-v1,2,1116,-79.0
PPO,Acrobot-v1,2,1117,-64.0
PPO,Acrobot-v1,2,1118,-70.0
PPO,Acrobot-v1,2,1119,-87.0
PPO,Acrobot-v1,2,1120,-86.0
PPO,Acrobot-v1,2,1121,-77.0
PPO,Acrobot-v1,2,1122,-92.0
PPO,Acrobot-v1,2,1123,-70.0
PPO,Acrobot-v1,2,1124,-69.0
PPO,Acrobot-v1,2,1125,-83.0
PPO,Acrobot-v1,2,1126,-97.0
PPO,Acrobot-v1,2,1127,-79.0
PPO,Acrobot-v1,2,1128,-98.0
PPO,Acrobot-v1,2,1129,-90.0
PPO,Acrobot-v1,2,1130,-79.0
PPO,Acrobot-v1,2,1131,-79.0
PPO,Acrobot-v1,2,1132,-87.0
PPO,Acrobot-v1,2,1133,-74.0
PPO,Acrobot-v1,2,1134,-83.0
PPO,Acrobot-v1,2,1135,-72.0
PPO,Acrobot-v1,2,1136,-85.0
PPO,Acrobot-v1,2,1137,-86.0
PPO,Acrobot-v1,2,1138,-72.0
PPO,Acrobot-v1,2,1139,-63.0
PPO,Acrobot-v1,2,1140,-79.0
PPO,Acrobot-v1,2,1141,-89.0
PPO,Acrobot-v1,2,1142,-70.0
PPO,Acrobot-v1,2,1143,-69.0
PPO,Acrobot-v1,2,1144,-89.0
PPO,Acrobot-v1,2,1145,-98.0
PPO,Acrobot-v1,2,1146,-71.0
PPO,Acrobot-v1,2,1147,-82.0
PPO,Acrobot-v1,2,1148,-86.0
PPO,Acrobot-v1,2,1149,-71.0
PPO,Acrobot-v1,2,1150,-79.0
PPO,Acrobot-v1,2,1151,-70.0
PPO,Acrobot-v1,2,1152,-71.0
PPO,Acrobot-v1,2,1153,-71.0
PPO,Acrobot-v1,2,1154,-79.0
PPO,Acrobot-v1,2,1155,-85.0
PPO,Acrobot-v1,2,1156,-88.0
PPO,Acrobot-v1,2,1157,-73.0
PPO,Acrobot-v1,2,1158,-88.0
PPO,Acrobot-v1,2,1159,-127.0
PPO,Acrobot-v1,2,1160,-80.0
PPO,Acrobot-v1,2,1161,-101.0
PPO,Acrobot-v1,2,1162,-68.0
PPO,Acrobot-v1,2,1163,-76.0
PPO,Acrobot-v1,2,1164,-81.0
PPO,Acrobot-v1,2,1165,-102.0
PPO,Acrobot-v1,2,1166,-77.0
PPO,Acrobot-v1,2,1167,-73.0
PPO,Acrobot-v1,2,1168,-95.0
PPO,Acrobot-v1,2,1169,-87.0
PPO,Acrobot-v1,2,1170,-106.0
PPO,Acrobot-v1,2,1171,-71.0
PPO,Acrobot-v1,2,1172,-74.0
PPO,Acrobot-v1,2,1173,-73.0
PPO,Acrobot-v1,2,1174,-79.0
PPO,Acrobot-v1,2,1175,-87.0
PPO,Acrobot-v1,2,1176,-89.0
PPO,Acrobot-v1,2,1177,-75.0
PPO,Acrobot-v1,2,1178,-97.0
PPO,Acrobot-v1,2,1179,-70.0
PPO,Acrobot-v1,2,1180,-78.0
PPO,Acrobot-v1,2,1181,-88.0
PPO,Acrobot-v1,2,1182,-77.0
PPO,Acrobot-v1,2,1183,-80.0
PPO,Acrobot-v1,2,1184,-76.0
PPO,Acrobot-v1,2,1185,-87.0
PPO,Acrobot-v1,2,1186,-80.0
PPO,Acrobot-v1,2,1187,-94.0
PPO,Acrobot-v1,2,1188,-85.0
PPO,Acrobot-v1,2,1189,-76.0
PPO,Acrobot-v1,2,1190,-77.0
PPO,Acrobot-v1,2,1191,-92.0
PPO,Acrobot-v1,2,1192,-95.0
PPO,Acrobot-v1,2,1193,-90.0
PPO,Acrobot-v1,2,1194,-88.0
PPO,Acrobot-v1,2,1195,-72.0
PPO,Acrobot-v1,2,1196,-95.0
PPO,Acrobot-v1,2,1197,-78.0
PPO,Acrobot-v1,2,1198,-70.0
PPO,Acrobot-v1,2,1199,-71.0
PPO,Acrobot-v1,2,1200,-88.0
PPO,Acrobot-v1,2,1201,-98.0
PPO,Acrobot-v1,2,1202,-168.0
PPO,Acrobot-v1,2,1203,-80.0
PPO,Acrobot-v1,2,1204,-70.0
PPO,Acrobot-v1,2,1205,-89.0
PPO,Acrobot-v1,2,1206,-78.0
PPO,Acrobot-v1,2,1207,-96.0
PPO,Acrobot-v1,2,1208,-135.0
PPO,Acrobot-v1,2,1209,-70.0
PPO,Acrobot-v1,2,1210,-75.0
PPO,Acrobot-v1,2,1211,-78.0
PPO,Acrobot-v1,2,1212,-72.0
PPO,Acrobot-v1,2,1213,-79.0
PPO,Acrobot-v1,2,1214,-76.0
PPO,Acrobot-v1,2,1215,-82.0
PPO,Acrobot-v1,2,1216,-98.0
PPO,Acrobot-v1,2,1217,-85.0
PPO,Acrobot-v1,2,1218,-76.0
PPO,Acrobot-v1,2,1219,-87.0
PPO,Acrobot-v1,2,1220,-87.0
PPO,Acrobot-v1,2,1221,-72.0
PPO,Acrobot-v1,2,1222,-72.0
PPO,Acrobot-v1,2,1223,-76.0
PPO,Acrobot-v1,2,1224,-119.0
PPO,Acrobot-v1,2,1225,-73.0
PPO,Acrobot-v1,2,1226,-160.0
PPO,Acrobot-v1,2,1227,-86.0
PPO,Acrobot-v1,2,1228,-75.0
PPO,Acrobot-v1,2,1229,-78.0
PPO,Acrobot-v1,2,1230,-88.0
PPO,Acrobot-v1,2,1231,-84.0
PPO,Acrobot-v1,2,1232,-115.0
PPO,Acrobot-v1,2,1233,-82.0
PPO,Acrobot-v1,2,1234,-79.0
PPO,Acrobot-v1,2,1235,-78.0
PPO,Acrobot-v1,2,1236,-157.0
PPO,Acrobot-v1,2,1237,-78.0
PPO,Acrobot-v1,2,1238,-64.0
PPO,Acrobot-v1,2,1239,-78.0
PPO,Acrobot-v1,2,1240,-69.0
PPO,Acrobot-v1,2,1241,-89.0
PPO,Acrobot-v1,2,1242,-70.0
PPO,Acrobot-v1,2,1243,-69.0
PPO,Acrobot-v1,2,1244,-69.0
PPO,Acrobot-v1,2,1245,-86.0
PPO,Acrobot-v1,2,1246,-81.0
PPO,Acrobot-v1,2,1247,-77.0
PPO,Acrobot-v1,2,1248,-72.0
PPO,Acrobot-v1,2,1249,-83.0
PPO,Acrobot-v1,2,1250,-80.0
PPO,Acrobot-v1,2,1251,-79.0
PPO,Acrobot-v1,2,1252,-76.0
PPO,Acrobot-v1,2,1253,-96.0
PPO,Acrobot-v1,2,1254,-70.0
PPO,Acrobot-v1,2,1255,-80.0
PPO,Acrobot-v1,2,1256,-85.0
PPO,Acrobot-v1,2,1257,-71.0
PPO,Acrobot-v1,2,1258,-71.0
PPO,Acrobot-v1,2,1259,-86.0
PPO,Acrobot-v1,2,1260,-84.0
PPO,Acrobot-v1,2,1261,-102.0
PPO,Acrobot-v1,2,1262,-90.0
PPO,Acrobot-v1,2,1263,-98.0
PPO,Acrobot-v1,2,1264,-92.0
PPO,Acrobot-v1,2,1265,-86.0
PPO,Acrobot-v1,2,1266,-81.0
PPO,Acrobot-v1,2,1267,-109.0
PPO,Acrobot-v1,2,1268,-74.0
PPO,Acrobot-v1,2,1269,-72.0
PPO,Acrobot-v1,2,1270,-82.0
PPO,Acrobot-v1,2,1271,-105.0
PPO,Acrobot-v1,2,1272,-81.0
PPO,Acrobot-v1,2,1273,-92.0
PPO,Acrobot-v1,2,1274,-102.0
PPO,Acrobot-v1,2,1275,-77.0
PPO,Acrobot-v1,2,1276,-63.0
PPO,Acrobot-v1,2,1277,-96.0
PPO,Acrobot-v1,2,1278,-125.0
PPO,Acrobot-v1,2,1279,-89.0
PPO,Acrobot-v1,2,1280,-78.0
PPO,Acrobot-v1,2,1281,-79.0
PPO,Acrobot-v1,2,1282,-70.0
PPO,Acrobot-v1,2,1283,-70.0
PPO,Acrobot-v1,2,1284,-79.0
PPO,Acrobot-v1,2,1285,-73.0
PPO,Acrobot-v1,2,1286,-73.0
PPO,Acrobot-v1,2,1287,-89.0
PPO,Acrobot-v1,2,1288,-87.0
PPO,Acrobot-v1,2,1289,-79.0
PPO,Acrobot-v1,2,1290,-78.0
PPO,Acrobot-v1,2,1291,-72.0
PPO,Acrobot-v1,2,1292,-75.0
PPO,Acrobot-v1,2,1293,-84.0
PPO,Acrobot-v1,2,1294,-77.0
PPO,Acrobot-v1,2,1295,-70.0
PPO,Acrobot-v1,2,1296,-89.0
PPO,Acrobot-v1,2,1297,-112.0
PPO,Acrobot-v1,2,1298,-80.0
PPO,Acrobot-v1,2,1299,-82.0
PPO,Acrobot-v1,2,1300,-84.0
PPO,Acrobot-v1,2,1301,-92.0
PPO,Acrobot-v1,2,1302,-98.0
PPO,Acrobot-v1,2,1303,-76.0
PPO,Acrobot-v1,2,1304,-62.0
PPO,Acrobot-v1,2,1305,-96.0
PPO,Acrobot-v1,2,1306,-82.0
PPO,Acrobot-v1,2,1307,-81.0
PPO,Acrobot-v1,2,1308,-89.0
PPO,Acrobot-v1,2,1309,-79.0
PPO,Acrobot-v1,2,1310,-150.0
PPO,Acrobot-v1,2,1311,-103.0
PPO,Acrobot-v1,2,1312,-71.0
PPO,Acrobot-v1,2,1313,-84.0
PPO,Acrobot-v1,2,1314,-71.0
PPO,Acrobot-v1,2,1315,-71.0
PPO,Acrobot-v1,2,1316,-74.0
PPO,Acrobot-v1,2,1317,-103.0
PPO,Acrobot-v1,2,1318,-71.0
PPO,Acrobot-v1,2,1319,-78.0
PPO,Acrobot-v1,2,1320,-128.0
PPO,Acrobot-v1,2,1321,-87.0
PPO,Acrobot-v1,2,1322,-222.0
PPO,Acrobot-v1,2,1323,-83.0
PPO,Acrobot-v1,2,1324,-500.0
PPO,Acrobot-v1,2,1325,-86.0
PPO,Acrobot-v1,2,1326,-74.0
PPO,Acrobot-v1,2,1327,-86.0
PPO,Acrobot-v1,2,1328,-94.0
PPO,Acrobot-v1,2,1329,-79.0
PPO,Acrobot-v1,2,1330,-82.0
PPO,Acrobot-v1,2,1331,-89.0
PPO,Acrobot-v1,2,1332,-81.0
PPO,Acrobot-v1,2,1333,-77.0
PPO,Acrobot-v1,2,1334,-89.0
PPO,Acrobot-v1,2,1335,-74.0
PPO,Acrobot-v1,2,1336,-70.0
PPO,Acrobot-v1,2,1337,-78.0
PPO,Acrobot-v1,2,1338,-72.0
PPO,Acrobot-v1,2,1339,-83.0
PPO,Acrobot-v1,2,1340,-130.0
PPO,Acrobot-v1,2,1341,-72.0
PPO,Acrobot-v1,2,1342,-89.0
PPO,Acrobot-v1,2,1343,-76.0
PPO,Acrobot-v1,2,1344,-80.0
PPO,Acrobot-v1,2,1345,-68.0
PPO,Acrobot-v1,2,1346,-75.0
PPO,Acrobot-v1,2,1347,-86.0
PPO,Acrobot-v1,2,1348,-77.0
PPO,Acrobot-v1,2,1349,-86.0
PPO,Acrobot-v1,2,1350,-78.0
PPO,Acrobot-v1,2,1351,-75.0
PPO,Acrobot-v1,2,1352,-71.0
PPO,Acrobot-v1,2,1353,-85.0
PPO,Acrobot-v1,2,1354,-86.0
PPO,Acrobot-v1,2,1355,-88.0
PPO,Acrobot-v1,2,1356,-59.0
PPO,Acrobot-v1,2,1357,-150.0
PPO,Acrobot-v1,2,1358,-84.0
PPO,Acrobot-v1,2,1359,-74.0
PPO,Acrobot-v1,2,1360,-80.0
PPO,Acrobot-v1,2,1361,-81.0
PPO,Acrobot-v1,2,1362,-77.0
PPO,Acrobot-v1,2,1363,-78.0
PPO,Acrobot-v1,2,1364,-91.0
PPO,Acrobot-v1,2,1365,-78.0
PPO,Acrobot-v1,2,1366,-110.0
PPO,Acrobot-v1,2,1367,-70.0
PPO,Acrobot-v1,2,1368,-77.0
PPO,Acrobot-v1,2,1369,-79.0
PPO,Acrobot-v1,2,1370,-82.0
PPO,Acrobot-v1,2,1371,-71.0
PPO,Acrobot-v1,2,1372,-77.0
PPO,Acrobot-v1,2,1373,-84.0
PPO,Acrobot-v1,2,1374,-81.0
PPO,Acrobot-v1,2,1375,-80.0
PPO,Acrobot-v1,2,1376,-87.0
PPO,Acrobot-v1,2,1377,-72.0
PPO,Acrobot-v1,2,1378,-64.0
PPO,Acrobot-v1,2,1379,-77.0
PPO,Acrobot-v1,2,1380,-72.0
PPO,Acrobot-v1,2,1381,-86.0
PPO,Acrobot-v1,2,1382,-69.0
PPO,Acrobot-v1,2,1383,-81.0
PPO,Acrobot-v1,2,1384,-86.0
PPO,Acrobot-v1,2,1385,-76.0
PPO,Acrobot-v1,2,1386,-91.0
PPO,Acrobot-v1,2,1387,-91.0
PPO,Acrobot-v1,2,1388,-75.0
PPO,Acrobot-v1,2,1389,-72.0
PPO,Acrobot-v1,2,1390,-70.0
PPO,Acrobot-v1,2,1391,-77.0
PPO,Acrobot-v1,2,1392,-71.0
PPO,Acrobot-v1,2,1393,-81.0
PPO,Acrobot-v1,2,1394,-85.0
PPO,Acrobot-v1,2,1395,-91.0
PPO,Acrobot-v1,2,1396,-76.0
PPO,Acrobot-v1,2,1397,-92.0
PPO,Acrobot-v1,2,1398,-89.0
PPO,Acrobot-v1,2,1399,-80.0
PPO,Acrobot-v1,2,1400,-87.0
PPO,Acrobot-v1,2,1401,-75.0
PPO,Acrobot-v1,2,1402,-76.0
PPO,Acrobot-v1,2,1403,-73.0
PPO,Acrobot-v1,2,1404,-165.0
PPO,Acrobot-v1,2,1405,-141.0
PPO,Acrobot-v1,2,1406,-103.0
PPO,Acrobot-v1,2,1407,-88.0
PPO,Acrobot-v1,2,1408,-151.0
PPO,Acrobot-v1,2,1409,-91.0
PPO,Acrobot-v1,2,1410,-69.0
PPO,Acrobot-v1,2,1411,-65.0
PPO,Acrobot-v1,2,1412,-78.0
PPO,Acrobot-v1,2,1413,-70.0
PPO,Acrobot-v1,2,1414,-71.0
PPO,Acrobot-v1,2,1415,-73.0
PPO,Acrobot-v1,2,1416,-84.0
PPO,Acrobot-v1,2,1417,-80.0
PPO,Acrobot-v1,2,1418,-76.0
PPO,Acrobot-v1,2,1419,-75.0
PPO,Acrobot-v1,2,1420,-78.0
PPO,Acrobot-v1,2,1421,-77.0
PPO,Acrobot-v1,2,1422,-92.0
PPO,Acrobot-v1,2,1423,-89.0
PPO,Acrobot-v1,2,1424,-97.0
PPO,Acrobot-v1,2,1425,-88.0
PPO,Acrobot-v1,2,1426,-80.0
PPO,Acrobot-v1,2,1427,-80.0
PPO,Acrobot-v1,2,1428,-77.0
PPO,Acrobot-v1,2,1429,-76.0
PPO,Acrobot-v1,2,1430,-70.0
PPO,Acrobot-v1,2,1431,-83.0
PPO,Acrobot-v1,2,1432,-92.0
PPO,Acrobot-v1,2,1433,-63.0
PPO,Acrobot-v1,2,1434,-82.0
PPO,Acrobot-v1,2,1435,-84.0
PPO,Acrobot-v1,2,1436,-70.0
PPO,Acrobot-v1,2,1437,-71.0
PPO,Acrobot-v1,2,1438,-79.0
PPO,Acrobot-v1,2,1439,-64.0
PPO,Acrobot-v1,2,1440,-86.0
PPO,Acrobot-v1,2,1441,-74.0
PPO,Acrobot-v1,2,1442,-71.0
PPO,Acrobot-v1,2,1443,-78.0
PPO,Acrobot-v1,2,1444,-62.0
PPO,Acrobot-v1,2,1445,-96.0
PPO,Acrobot-v1,2,1446,-86.0
PPO,Acrobot-v1,2,1447,-77.0
PPO,Acrobot-v1,2,1448,-133.0
PPO,Acrobot-v1,2,1449,-71.0
PPO,Acrobot-v1,2,1450,-220.0
PPO,Acrobot-v1,2,1451,-62.0
PPO,Acrobot-v1,2,1452,-71.0
PPO,Acrobot-v1,2,1453,-71.0
PPO,Acrobot-v1,2,1454,-94.0
PPO,Acrobot-v1,2,1455,-78.0
PPO,Acrobot-v1,2,1456,-76.0
PPO,Acrobot-v1,2,1457,-84.0
PPO,Acrobot-v1,2,1458,-64.0
PPO,Acrobot-v1,2,1459,-75.0
PPO,Acrobot-v1,2,1460,-76.0
PPO,Acrobot-v1,2,1461,-76.0
PPO,Acrobot-v1,2,1462,-72.0
PPO,Acrobot-v1,2,1463,-80.0
PPO,Acrobot-v1,2,1464,-87.0
PPO,Acrobot-v1,2,1465,-104.0
PPO,Acrobot-v1,2,1466,-62.0
PPO,Acrobot-v1,2,1467,-95.0
PPO,Acrobot-v1,2,1468,-171.0
PPO,Acrobot-v1,2,1469,-99.0
PPO,Acrobot-v1,2,1470,-80.0
PPO,Acrobot-v1,2,1471,-78.0
PPO,Acrobot-v1,2,1472,-91.0
PPO,Acrobot-v1,2,1473,-91.0
PPO,Acrobot-v1,2,1474,-120.0
PPO,Acrobot-v1,2,1475,-76.0
PPO,Acrobot-v1,2,1476,-83.0
PPO,Acrobot-v1,2,1477,-79.0
PPO,Acrobot-v1,2,1478,-78.0
PPO,Acrobot-v1,2,1479,-78.0
PPO,Acrobot-v1,2,1480,-81.0
PPO,Acrobot-v1,2,1481,-136.0
PPO,Acrobot-v1,2,1482,-70.0
PPO,Acrobot-v1,2,1483,-70.0
PPO,Acrobot-v1,2,1484,-85.0
PPO,Acrobot-v1,2,1485,-71.0
PPO,Acrobot-v1,2,1486,-71.0
PPO,Acrobot-v1,2,1487,-78.0
PPO,Acrobot-v1,2,1488,-93.0
PPO,Acrobot-v1,2,1489,-89.0
PPO,Acrobot-v1,2,1490,-80.0
PPO,Acrobot-v1,2,1491,-80.0
PPO,Acrobot-v1,2,1492,-121.0
PPO,Acrobot-v1,2,1493,-92.0
PPO,Acrobot-v1,2,1494,-86.0
PPO,Acrobot-v1,2,1495,-78.0
PPO,Acrobot-v1,2,1496,-77.0
PPO,Acrobot-v1,2,1497,-74.0
PPO,Acrobot-v1,2,1498,-125.0
PPO,Acrobot-v1,2,1499,-83.0
PPO,Acrobot-v1,2,1500,-71.0
PPO,Acrobot-v1,2,1501,-89.0
PPO,Acrobot-v1,2,1502,-72.0
PPO,Acrobot-v1,2,1503,-73.0
PPO,Acrobot-v1,2,1504,-190.0
PPO,Acrobot-v1,2,1505,-85.0
PPO,Acrobot-v1,2,1506,-91.0
PPO,Acrobot-v1,2,1507,-72.0
PPO,Acrobot-v1,2,1508,-81.0
PPO,Acrobot-v1,2,1509,-74.0
PPO,Acrobot-v1,2,1510,-78.0
PPO,Acrobot-v1,2,1511,-71.0
PPO,Acrobot-v1,2,1512,-86.0
PPO,Acrobot-v1,2,1513,-94.0
PPO,Acrobot-v1,2,1514,-87.0
PPO,Acrobot-v1,2,1515,-91.0
PPO,Acrobot-v1,2,1516,-73.0
PPO,Acrobot-v1,2,1517,-87.0
PPO,Acrobot-v1,2,1518,-78.0
PPO,Acrobot-v1,2,1519,-78.0
PPO,Acrobot-v1,2,1520,-75.0
PPO,Acrobot-v1,2,1521,-95.0
PPO,Acrobot-v1,2,1522,-117.0
PPO,Acrobot-v1,2,1523,-84.0
PPO,Acrobot-v1,2,1524,-78.0
PPO,Acrobot-v1,2,1525,-81.0
PPO,Acrobot-v1,2,1526,-83.0
PPO,Acrobot-v1,2,1527,-71.0
PPO,Acrobot-v1,2,1528,-91.0
PPO,Acrobot-v1,2,1529,-98.0
PPO,Acrobot-v1,2,1530,-85.0
PPO,Acrobot-v1,2,1531,-80.0
PPO,Acrobot-v1,2,1532,-88.0
PPO,Acrobot-v1,2,1533,-81.0
PPO,Acrobot-v1,2,1534,-105.0
PPO,Acrobot-v1,2,1535,-73.0
PPO,Acrobot-v1,2,1536,-68.0
PPO,Acrobot-v1,2,1537,-72.0
PPO,Acrobot-v1,2,1538,-87.0
PPO,Acrobot-v1,2,1539,-77.0
PPO,Acrobot-v1,2,1540,-82.0
PPO,Acrobot-v1,2,1541,-84.0
PPO,Acrobot-v1,2,1542,-77.0
PPO,Acrobot-v1,2,1543,-71.0
PPO,Acrobot-v1,2,1544,-78.0
PPO,Acrobot-v1,2,1545,-75.0
PPO,Acrobot-v1,2,1546,-78.0
PPO,Acrobot-v1,2,1547,-88.0
PPO,Acrobot-v1,2,1548,-103.0
PPO,Acrobot-v1,2,1549,-80.0
PPO,Acrobot-v1,2,1550,-87.0
PPO,Acrobot-v1,2,1551,-71.0
PPO,Acrobot-v1,2,1552,-76.0
PPO,Acrobot-v1,2,1553,-90.0
PPO,Acrobot-v1,2,1554,-90.0
PPO,Acrobot-v1,2,1555,-76.0
PPO,Acrobot-v1,2,1556,-108.0
PPO,Acrobot-v1,2,1557,-118.0
PPO,Acrobot-v1,2,1558,-62.0
PPO,Acrobot-v1,2,1559,-79.0
PPO,Acrobot-v1,2,1560,-87.0
PPO,Acrobot-v1,2,1561,-76.0
PPO,Acrobot-v1,2,1562,-71.0
PPO,Acrobot-v1,2,1563,-97.0
PPO,Acrobot-v1,2,1564,-92.0
PPO,Acrobot-v1,2,1565,-70.0
PPO,Acrobot-v1,2,1566,-93.0
PPO,Acrobot-v1,2,1567,-77.0
PPO,Acrobot-v1,2,1568,-103.0
PPO,Acrobot-v1,2,1569,-77.0
PPO,Acrobot-v1,2,1570,-78.0
PPO,Acrobot-v1,2,1571,-69.0
PPO,Acrobot-v1,2,1572,-71.0
PPO,Acrobot-v1,2,1573,-100.0
PPO,Acrobot-v1,2,1574,-126.0
PPO,Acrobot-v1,2,1575,-84.0
PPO,Acrobot-v1,2,1576,-92.0
PPO,Acrobot-v1,2,1577,-75.0
PPO,Acrobot-v1,2,1578,-79.0
PPO,Acrobot-v1,2,1579,-93.0
PPO,Acrobot-v1,2,1580,-88.0
PPO,Acrobot-v1,2,1581,-172.0
PPO,Acrobot-v1,2,1582,-88.0
PPO,Acrobot-v1,2,1583,-85.0
PPO,Acrobot-v1,2,1584,-79.0
PPO,Acrobot-v1,2,1585,-85.0
PPO,Acrobot-v1,2,1586,-84.0
PPO,Acrobot-v1,2,1587,-500.0
PPO,Acrobot-v1,2,1588,-142.0
PPO,Acrobot-v1,2,1589,-79.0
PPO,Acrobot-v1,2,1590,-94.0
PPO,Acrobot-v1,2,1591,-80.0
PPO,Acrobot-v1,2,1592,-79.0
PPO,Acrobot-v1,2,1593,-77.0
PPO,Acrobot-v1,2,1594,-79.0
PPO,Acrobot-v1,2,1595,-85.0
PPO,Acrobot-v1,2,1596,-75.0
PPO,Acrobot-v1,2,1597,-69.0
PPO,Acrobot-v1,2,1598,-157.0
PPO,Acrobot-v1,2,1599,-63.0
PPO,Acrobot-v1,2,1600,-79.0
PPO,Acrobot-v1,2,1601,-85.0
PPO,Acrobot-v1,2,1602,-83.0
PPO,Acrobot-v1,2,1603,-101.0
PPO,Acrobot-v1,2,1604,-89.0
PPO,Acrobot-v1,2,1605,-80.0
PPO,Acrobot-v1,2,1606,-84.0
PPO,Acrobot-v1,2,1607,-74.0
PPO,Acrobot-v1,2,1608,-71.0
PPO,Acrobot-v1,2,1609,-71.0
PPO,Acrobot-v1,2,1610,-77.0
PPO,Acrobot-v1,2,1611,-88.0
PPO,Acrobot-v1,2,1612,-76.0
PPO,Acrobot-v1,2,1613,-84.0
PPO,Acrobot-v1,2,1614,-70.0
PPO,Acrobot-v1,2,1615,-70.0
PPO,Acrobot-v1,2,1616,-72.0
PPO,Acrobot-v1,2,1617,-80.0
PPO,Acrobot-v1,2,1618,-76.0
PPO,Acrobot-v1,2,1619,-77.0
PPO,Acrobot-v1,2,1620,-99.0
PPO,Acrobot-v1,2,1621,-78.0
PPO,Acrobot-v1,2,1622,-80.0
PPO,Acrobot-v1,2,1623,-71.0
PPO,Acrobot-v1,2,1624,-76.0
PPO,Acrobot-v1,2,1625,-83.0
PPO,Acrobot-v1,2,1626,-73.0
PPO,Acrobot-v1,2,1627,-90.0
PPO,Acrobot-v1,2,1628,-80.0
PPO,Acrobot-v1,2,1629,-87.0
PPO,Acrobot-v1,2,1630,-77.0
PPO,Acrobot-v1,2,1631,-85.0
PPO,Acrobot-v1,2,1632,-68.0
PPO,Acrobot-v1,2,1633,-81.0
PPO,Acrobot-v1,2,1634,-87.0
PPO,Acrobot-v1,2,1635,-93.0
PPO,Acrobot-v1,2,1636,-72.0
PPO,Acrobot-v1,2,1637,-75.0
PPO,Acrobot-v1,2,1638,-88.0
PPO,Acrobot-v1,2,1639,-76.0
PPO,Acrobot-v1,2,1640,-78.0
PPO,Acrobot-v1,2,1641,-86.0
PPO,Acrobot-v1,2,1642,-73.0
PPO,Acrobot-v1,2,1643,-76.0
PPO,Acrobot-v1,2,1644,-77.0
PPO,Acrobot-v1,2,1645,-84.0
PPO,Acrobot-v1,2,1646,-95.0
PPO,Acrobot-v1,2,1647,-80.0
PPO,Acrobot-v1,2,1648,-122.0
PPO,Acrobot-v1,2,1649,-91.0
PPO,Acrobot-v1,2,1650,-76.0
PPO,Acrobot-v1,2,1651,-73.0
PPO,Acrobot-v1,2,1652,-80.0
PPO,Acrobot-v1,2,1653,-79.0
PPO,Acrobot-v1,2,1654,-72.0
PPO,Acrobot-v1,2,1655,-89.0
PPO,Acrobot-v1,2,1656,-76.0
PPO,Acrobot-v1,2,1657,-79.0
PPO,Acrobot-v1,2,1658,-86.0
PPO,Acrobot-v1,2,1659,-94.0
PPO,Acrobot-v1,2,1660,-88.0
PPO,Acrobot-v1,2,1661,-79.0
PPO,Acrobot-v1,2,1662,-79.0
PPO,Acrobot-v1,2,1663,-100.0
PPO,Acrobot-v1,2,1664,-72.0
PPO,Acrobot-v1,2,1665,-71.0
PPO,Acrobot-v1,2,1666,-72.0
PPO,Acrobot-v1,2,1667,-86.0
PPO,Acrobot-v1,2,1668,-73.0
PPO,Acrobot-v1,2,1669,-74.0
PPO,Acrobot-v1,2,1670,-72.0
PPO,Acrobot-v1,2,1671,-83.0
PPO,Acrobot-v1,2,1672,-210.0
PPO,Acrobot-v1,2,1673,-78.0
PPO,Acrobot-v1,2,1674,-71.0
PPO,Acrobot-v1,2,1675,-76.0
PPO,Acrobot-v1,2,1676,-110.0
PPO,Acrobot-v1,2,1677,-129.0
PPO,Acrobot-v1,2,1678,-90.0
PPO,Acrobot-v1,2,1679,-70.0
PPO,Acrobot-v1,2,1680,-96.0
PPO,Acrobot-v1,2,1681,-87.0
PPO,Acrobot-v1,2,1682,-76.0
PPO,Acrobot-v1,2,1683,-78.0
PPO,Acrobot-v1,2,1684,-72.0
PPO,Acrobot-v1,2,1685,-88.0
PPO,Acrobot-v1,2,1686,-89.0
PPO,Acrobot-v1,2,1687,-84.0
PPO,Acrobot-v1,2,1688,-78.0
PPO,Acrobot-v1,2,1689,-71.0
PPO,Acrobot-v1,2,1690,-76.0
PPO,Acrobot-v1,2,1691,-89.0
PPO,Acrobot-v1,2,1692,-72.0
PPO,Acrobot-v1,2,1693,-73.0
PPO,Acrobot-v1,2,1694,-73.0
PPO,Acrobot-v1,2,1695,-113.0
PPO,Acrobot-v1,2,1696,-70.0
PPO,Acrobot-v1,2,1697,-72.0
PPO,Acrobot-v1,2,1698,-117.0
PPO,Acrobot-v1,2,1699,-69.0
PPO,Acrobot-v1,2,1700,-79.0
PPO,Acrobot-v1,2,1701,-70.0
PPO,Acrobot-v1,2,1702,-79.0
PPO,Acrobot-v1,2,1703,-79.0
PPO,Acrobot-v1,2,1704,-78.0
PPO,Acrobot-v1,2,1705,-77.0
PPO,Acrobot-v1,2,1706,-80.0
PPO,Acrobot-v1,2,1707,-80.0
PPO,Acrobot-v1,2,1708,-69.0
PPO,Acrobot-v1,2,1709,-126.0
PPO,Acrobot-v1,2,1710,-90.0
PPO,Acrobot-v1,2,1711,-76.0
PPO,Acrobot-v1,2,1712,-73.0
PPO,Acrobot-v1,2,1713,-86.0
PPO,Acrobot-v1,2,1714,-92.0
PPO,Acrobot-v1,2,1715,-79.0
PPO,Acrobot-v1,2,1716,-78.0
PPO,Acrobot-v1,2,1717,-93.0
PPO,Acrobot-v1,2,1718,-85.0
PPO,Acrobot-v1,2,1719,-74.0
PPO,Acrobot-v1,2,1720,-97.0
PPO,Acrobot-v1,2,1721,-83.0
PPO,Acrobot-v1,2,1722,-70.0
PPO,Acrobot-v1,2,1723,-78.0
PPO,Acrobot-v1,2,1724,-90.0
PPO,Acrobot-v1,2,1725,-71.0
PPO,Acrobot-v1,2,1726,-71.0
PPO,Acrobot-v1,2,1727,-88.0
PPO,Acrobot-v1,2,1728,-77.0
PPO,Acrobot-v1,2,1729,-80.0
PPO,Acrobot-v1,2,1730,-76.0
PPO,Acrobot-v1,2,1731,-75.0
PPO,Acrobot-v1,2,1732,-70.0
PPO,Acrobot-v1,2,1733,-78.0
PPO,Acrobot-v1,2,1734,-88.0
PPO,Acrobot-v1,2,1735,-89.0
PPO,Acrobot-v1,2,1736,-79.0
PPO,Acrobot-v1,2,1737,-76.0
PPO,Acrobot-v1,2,1738,-71.0
PPO,Acrobot-v1,2,1739,-77.0
PPO,Acrobot-v1,2,1740,-89.0
PPO,Acrobot-v1,2,1741,-112.0
PPO,Acrobot-v1,2,1742,-94.0
PPO,Acrobot-v1,2,1743,-71.0
PPO,Acrobot-v1,2,1744,-88.0
PPO,Acrobot-v1,2,1745,-75.0
PPO,Acrobot-v1,2,1746,-78.0
PPO,Acrobot-v1,2,1747,-76.0
PPO,Acrobot-v1,2,1748,-69.0
PPO,Acrobot-v1,2,1749,-77.0
PPO,Acrobot-v1,2,1750,-79.0
PPO,Acrobot-v1,2,1751,-77.0
PPO,Acrobot-v1,2,1752,-87.0
PPO,Acrobot-v1,2,1753,-69.0
PPO,Acrobot-v1,2,1754,-100.0
PPO,Acrobot-v1,2,1755,-69.0
PPO,Acrobot-v1,2,1756,-77.0
PPO,Acrobot-v1,2,1757,-94.0
PPO,Acrobot-v1,2,1758,-76.0
PPO,Acrobot-v1,2,1759,-83.0
PPO,Acrobot-v1,2,1760,-85.0
PPO,Acrobot-v1,2,1761,-84.0
PPO,Acrobot-v1,2,1762,-72.0
PPO,Acrobot-v1,2,1763,-88.0
PPO,Acrobot-v1,2,1764,-78.0
PPO,Acrobot-v1,2,1765,-80.0
PPO,Acrobot-v1,2,1766,-91.0
PPO,Acrobot-v1,2,1767,-70.0
PPO,Acrobot-v1,2,1768,-188.0
PPO,Acrobot-v1,2,1769,-73.0
PPO,Acrobot-v1,2,1770,-80.0
PPO,Acrobot-v1,2,1771,-73.0
PPO,Acrobot-v1,2,1772,-85.0
PPO,Acrobot-v1,2,1773,-78.0
PPO,Acrobot-v1,2,1774,-79.0
PPO,Acrobot-v1,2,1775,-76.0
PPO,Acrobot-v1,2,1776,-89.0
PPO,Acrobot-v1,2,1777,-92.0
PPO,Acrobot-v1,2,1778,-78.0
PPO,Acrobot-v1,2,1779,-76.0
PPO,Acrobot-v1,2,1780,-99.0
PPO,Acrobot-v1,2,1781,-81.0
PPO,Acrobot-v1,2,1782,-97.0
PPO,Acrobot-v1,2,1783,-71.0
PPO,Acrobot-v1,2,1784,-72.0
PPO,Acrobot-v1,2,1785,-94.0
PPO,Acrobot-v1,2,1786,-81.0
PPO,Acrobot-v1,2,1787,-76.0
PPO,Acrobot-v1,2,1788,-87.0
PPO,Acrobot-v1,2,1789,-78.0
PPO,Acrobot-v1,2,1790,-79.0
PPO,Acrobot-v1,2,1791,-77.0
PPO,Acrobot-v1,2,1792,-74.0
PPO,Acrobot-v1,2,1793,-92.0
PPO,Acrobot-v1,2,1794,-91.0
PPO,Acrobot-v1,2,1795,-75.0
PPO,Acrobot-v1,2,1796,-135.0
PPO,Acrobot-v1,2,1797,-86.0
PPO,Acrobot-v1,2,1798,-78.0
PPO,Acrobot-v1,2,1799,-76.0
PPO,Acrobot-v1,2,1800,-92.0
PPO,Acrobot-v1,2,1801,-79.0
PPO,Acrobot-v1,2,1802,-81.0
PPO,Acrobot-v1,2,1803,-76.0
PPO,Acrobot-v1,2,1804,-72.0
PPO,Acrobot-v1,2,1805,-100.0
PPO,Acrobot-v1,2,1806,-69.0
PPO,Acrobot-v1,2,1807,-93.0
PPO,Acrobot-v1,2,1808,-70.0
PPO,Acrobot-v1,2,1809,-71.0
PPO,Acrobot-v1,2,1810,-70.0
PPO,Acrobot-v1,2,1811,-72.0
PPO,Acrobot-v1,2,1812,-72.0
PPO,Acrobot-v1,2,1813,-86.0
PPO,Acrobot-v1,2,1814,-86.0
PPO,Acrobot-v1,2,1815,-79.0
PPO,Acrobot-v1,2,1816,-109.0
PPO,Acrobot-v1,2,1817,-78.0
PPO,Acrobot-v1,2,1818,-97.0
PPO,Acrobot-v1,2,1819,-72.0
PPO,Acrobot-v1,2,1820,-68.0
PPO,Acrobot-v1,2,1821,-69.0
PPO,Acrobot-v1,2,1822,-79.0
PPO,Acrobot-v1,2,1823,-94.0
PPO,Acrobot-v1,2,1824,-77.0
PPO,Acrobot-v1,2,1825,-84.0
PPO,Acrobot-v1,2,1826,-72.0
PPO,Acrobot-v1,2,1827,-77.0
PPO,Acrobot-v1,2,1828,-85.0
PPO,Acrobot-v1,2,1829,-71.0
PPO,Acrobot-v1,2,1830,-77.0
PPO,Acrobot-v1,2,1831,-70.0
PPO,Acrobot-v1,2,1832,-72.0
PPO,Acrobot-v1,2,1833,-89.0
PPO,Acrobot-v1,2,1834,-78.0
PPO,Acrobot-v1,2,1835,-81.0
PPO,Acrobot-v1,2,1836,-79.0
PPO,Acrobot-v1,2,1837,-63.0
PPO,Acrobot-v1,2,1838,-79.0
PPO,Acrobot-v1,2,1839,-71.0
PPO,Acrobot-v1,2,1840,-87.0
PPO,Acrobot-v1,2,1841,-87.0
PPO,Acrobot-v1,2,1842,-109.0
PPO,Acrobot-v1,2,1843,-76.0
PPO,Acrobot-v1,2,1844,-88.0
PPO,Acrobot-v1,2,1845,-76.0
PPO,Acrobot-v1,2,1846,-72.0
PPO,Acrobot-v1,2,1847,-77.0
PPO,Acrobot-v1,2,1848,-72.0
PPO,Acrobot-v1,2,1849,-97.0
PPO,Acrobot-v1,2,1850,-76.0
PPO,Acrobot-v1,2,1851,-78.0
PPO,Acrobot-v1,2,1852,-72.0
PPO,Acrobot-v1,2,1853,-89.0
PPO,Acrobot-v1,2,1854,-83.0
PPO,Acrobot-v1,2,1855,-78.0
PPO,Acrobot-v1,2,1856,-76.0
PPO,Acrobot-v1,2,1857,-81.0
PPO,Acrobot-v1,2,1858,-96.0
PPO,Acrobot-v1,2,1859,-71.0
PPO,Acrobot-v1,2,1860,-85.0
PPO,Acrobot-v1,2,1861,-93.0
PPO,Acrobot-v1,2,1862,-93.0
PPO,Acrobot-v1,2,1863,-73.0
PPO,Acrobot-v1,2,1864,-76.0
PPO,Acrobot-v1,2,1865,-76.0
PPO,Acrobot-v1,2,1866,-71.0
PPO,Acrobot-v1,2,1867,-500.0
PPO,Acrobot-v1,2,1868,-71.0
PPO,Acrobot-v1,2,1869,-85.0
PPO,Acrobot-v1,2,1870,-77.0
PPO,Acrobot-v1,2,1871,-71.0
PPO,Acrobot-v1,2,1872,-109.0
PPO,Acrobot-v1,2,1873,-93.0
PPO,Acrobot-v1,2,1874,-80.0
PPO,Acrobot-v1,2,1875,-71.0
PPO,Acrobot-v1,2,1876,-87.0
PPO,Acrobot-v1,2,1877,-78.0
PPO,Acrobot-v1,2,1878,-71.0
PPO,Acrobot-v1,2,1879,-81.0
PPO,Acrobot-v1,2,1880,-80.0
PPO,Acrobot-v1,2,1881,-78.0
PPO,Acrobot-v1,2,1882,-97.0
PPO,Acrobot-v1,2,1883,-80.0
PPO,Acrobot-v1,2,1884,-63.0
PPO,Acrobot-v1,2,1885,-74.0
PPO,Acrobot-v1,2,1886,-72.0
PPO,Acrobot-v1,2,1887,-89.0
PPO,Acrobot-v1,2,1888,-78.0
PPO,Acrobot-v1,2,1889,-70.0
PPO,Acrobot-v1,2,1890,-88.0
PPO,Acrobot-v1,2,1891,-90.0
PPO,Acrobot-v1,2,1892,-96.0
PPO,Acrobot-v1,2,1893,-71.0
PPO,Acrobot-v1,2,1894,-121.0
PPO,Acrobot-v1,2,1895,-100.0
PPO,Acrobot-v1,2,1896,-71.0
PPO,Acrobot-v1,2,1897,-71.0
PPO,Acrobot-v1,2,1898,-70.0
PPO,Acrobot-v1,2,1899,-86.0
PPO,Acrobot-v1,2,1900,-72.0
PPO,Acrobot-v1,2,1901,-80.0
PPO,Acrobot-v1,2,1902,-70.0
PPO,Acrobot-v1,2,1903,-73.0
PPO,Acrobot-v1,2,1904,-87.0
PPO,Acrobot-v1,2,1905,-80.0
PPO,Acrobot-v1,2,1906,-78.0
PPO,Acrobot-v1,2,1907,-93.0
PPO,Acrobot-v1,2,1908,-76.0
PPO,Acrobot-v1,2,1909,-85.0
PPO,Acrobot-v1,2,1910,-78.0
PPO,Acrobot-v1,2,1911,-78.0
PPO,Acrobot-v1,2,1912,-80.0
PPO,Acrobot-v1,2,1913,-71.0
PPO,Acrobot-v1,2,1914,-77.0
PPO,Acrobot-v1,2,1915,-64.0
PPO,Acrobot-v1,2,1916,-93.0
PPO,Acrobot-v1,2,1917,-500.0
PPO,Acrobot-v1,2,1918,-79.0
PPO,Acrobot-v1,2,1919,-72.0
PPO,Acrobot-v1,2,1920,-80.0
PPO,Acrobot-v1,2,1921,-92.0
PPO,Acrobot-v1,2,1922,-78.0
PPO,Acrobot-v1,2,1923,-77.0
PPO,Acrobot-v1,2,1924,-143.0
PPO,Acrobot-v1,2,1925,-91.0
PPO,Acrobot-v1,2,1926,-79.0
PPO,Acrobot-v1,2,1927,-69.0
PPO,Acrobot-v1,2,1928,-69.0
PPO,Acrobot-v1,2,1929,-87.0
PPO,Acrobot-v1,2,1930,-86.0
PPO,Acrobot-v1,2,1931,-169.0
PPO,Acrobot-v1,2,1932,-86.0
PPO,Acrobot-v1,2,1933,-73.0
PPO,Acrobot-v1,2,1934,-77.0
PPO,Acrobot-v1,2,1935,-88.0
PPO,Acrobot-v1,2,1936,-73.0
PPO,Acrobot-v1,2,1937,-80.0
PPO,Acrobot-v1,2,1938,-70.0
PPO,Acrobot-v1,2,1939,-71.0
PPO,Acrobot-v1,2,1940,-91.0
PPO,Acrobot-v1,2,1941,-83.0
PPO,Acrobot-v1,2,1942,-82.0
PPO,Acrobot-v1,2,1943,-72.0
PPO,Acrobot-v1,2,1944,-136.0
PPO,Acrobot-v1,2,1945,-77.0
PPO,Acrobot-v1,2,1946,-78.0
PPO,Acrobot-v1,2,1947,-63.0
PPO,Acrobot-v1,2,1948,-84.0
PPO,Acrobot-v1,2,1949,-70.0
PPO,Acrobot-v1,2,1950,-87.0
PPO,Acrobot-v1,2,1951,-107.0
PPO,Acrobot-v1,2,1952,-78.0
PPO,Acrobot-v1,2,1953,-79.0
PPO,Acrobot-v1,2,1954,-96.0
PPO,Acrobot-v1,2,1955,-76.0
PPO,Acrobot-v1,2,1956,-94.0
PPO,Acrobot-v1,2,1957,-86.0
PPO,Acrobot-v1,2,1958,-75.0
PPO,Acrobot-v1,2,1959,-81.0
PPO,Acrobot-v1,2,1960,-76.0
PPO,Acrobot-v1,2,1961,-75.0
PPO,Acrobot-v1,2,1962,-70.0
PPO,Acrobot-v1,2,1963,-98.0
PPO,Acrobot-v1,2,1964,-77.0
PPO,Acrobot-v1,2,1965,-85.0
PPO,Acrobot-v1,2,1966,-163.0
PPO,Acrobot-v1,2,1967,-87.0
PPO,Acrobot-v1,2,1968,-75.0
PPO,Acrobot-v1,2,1969,-77.0
PPO,Acrobot-v1,2,1970,-109.0
PPO,Acrobot-v1,2,1971,-92.0
PPO,Acrobot-v1,2,1972,-75.0
PPO,Acrobot-v1,2,1973,-73.0
PPO,Acrobot-v1,2,1974,-89.0
PPO,Acrobot-v1,2,1975,-80.0
PPO,Acrobot-v1,2,1976,-80.0
PPO,Acrobot-v1,2,1977,-76.0
PPO,Acrobot-v1,2,1978,-70.0
PPO,Acrobot-v1,2,1979,-80.0
PPO,Acrobot-v1,2,1980,-81.0
PPO,Acrobot-v1,2,1981,-78.0
PPO,Acrobot-v1,2,1982,-74.0
PPO,Acrobot-v1,2,1983,-76.0
PPO,Acrobot-v1,2,1984,-76.0
PPO,Acrobot-v1,2,1985,-64.0
PPO,Acrobot-v1,2,1986,-80.0
PPO,Acrobot-v1,2,1987,-77.0
PPO,Acrobot-v1,2,1988,-77.0
PPO,Acrobot-v1,2,1989,-71.0
PPO,Acrobot-v1,2,1990,-72.0
PPO,Acrobot-v1,2,1991,-90.0
PPO,Acrobot-v1,2,1992,-75.0
PPO,Acrobot-v1,2,1993,-76.0
PPO,Acrobot-v1,2,1994,-100.0
PPO,Acrobot-v1,2,1995,-74.0
PPO,Acrobot-v1,2,1996,-99.0
PPO,Acrobot-v1,2,1997,-75.0
PPO,Acrobot-v1,2,1998,-78.0
PPO,Acrobot-v1,2,1999,-62.0
PPO,Acrobot-v1,2,2000,-73.0
PPO,Acrobot-v1,2,2001,-76.0
PPO,Acrobot-v1,2,2002,-83.0
PPO,Acrobot-v1,2,2003,-71.0
PPO,Acrobot-v1,2,2004,-70.0
PPO,Acrobot-v1,2,2005,-74.0
PPO,Acrobot-v1,2,2006,-91.0
PPO,Acrobot-v1,2,2007,-84.0
PPO,Acrobot-v1,2,2008,-70.0
PPO,Acrobot-v1,2,2009,-86.0
PPO,Acrobot-v1,2,2010,-64.0
PPO,Acrobot-v1,2,2011,-79.0
PPO,Acrobot-v1,2,2012,-77.0
PPO,Acrobot-v1,2,2013,-77.0
PPO,Acrobot-v1,2,2014,-79.0
PPO,Acrobot-v1,2,2015,-71.0
PPO,Acrobot-v1,2,2016,-86.0
PPO,Acrobot-v1,2,2017,-80.0
PPO,Acrobot-v1,2,2018,-76.0
PPO,Acrobot-v1,2,2019,-79.0
PPO,Acrobot-v1,2,2020,-78.0
PPO,Acrobot-v1,2,2021,-76.0
PPO,Acrobot-v1,2,2022,-82.0
PPO,Acrobot-v1,2,2023,-103.0
PPO,Acrobot-v1,2,2024,-77.0
PPO,Acrobot-v1,2,2025,-90.0
PPO,Acrobot-v1,2,2026,-88.0
PPO,Acrobot-v1,2,2027,-88.0
PPO,Acrobot-v1,2,2028,-77.0
PPO,Acrobot-v1,2,2029,-70.0
PPO,Acrobot-v1,2,2030,-83.0
PPO,Acrobot-v1,2,2031,-63.0
PPO,Acrobot-v1,2,2032,-88.0
PPO,Acrobot-v1,2,2033,-90.0
PPO,Acrobot-v1,2,2034,-84.0
PPO,Acrobot-v1,2,2035,-136.0
PPO,Acrobot-v1,2,2036,-89.0
PPO,Acrobot-v1,2,2037,-81.0
PPO,Acrobot-v1,2,2038,-82.0
PPO,Acrobot-v1,2,2039,-79.0
PPO,Acrobot-v1,2,2040,-80.0
PPO,Acrobot-v1,2,2041,-76.0
PPO,Acrobot-v1,2,2042,-71.0
PPO,Acrobot-v1,2,2043,-109.0
PPO,Acrobot-v1,2,2044,-74.0
PPO,Acrobot-v1,2,2045,-70.0
PPO,Acrobot-v1,2,2046,-78.0
PPO,Acrobot-v1,2,2047,-80.0
PPO,Acrobot-v1,2,2048,-87.0
PPO,Acrobot-v1,2,2049,-87.0
PPO,Acrobot-v1,2,2050,-71.0
PPO,Acrobot-v1,2,2051,-71.0
PPO,Acrobot-v1,2,2052,-89.0
PPO,Acrobot-v1,2,2053,-71.0
PPO,Acrobot-v1,2,2054,-75.0
PPO,Acrobot-v1,2,2055,-78.0
PPO,Acrobot-v1,2,2056,-143.0
PPO,Acrobot-v1,2,2057,-81.0
PPO,Acrobot-v1,2,2058,-76.0
PPO,Acrobot-v1,2,2059,-99.0
PPO,Acrobot-v1,2,2060,-63.0
PPO,Acrobot-v1,2,2061,-86.0
